coin,change_type,old_size,new_size,old_position_value,new_position_value,timestamp,human_time
BTC,opened_long,,9e-05,,10.6362,1755203450794,2025-08-14 20:30:50
ETH,opened_long,,132.2659,,601386.59412,1755203450794,2025-08-14 20:30:50
HYPE,opened_long,,84655.82,,3914400.46098,1755203450794,2025-08-14 20:30:50
ETH,increased,132.2659,154.3604,598913.22179,698465.37396,1755204018799,2025-08-14 20:40:18
ETH,increased,154.3604,176.5038,698326.4496,796932.30738,1755204371753,2025-08-14 20:46:11
ETH,increased,176.5038,198.9253,788671.92954,886510.59945,1755207740472,2025-08-14 21:42:20
ETH,increased,198.9253,288.4806,887525.11848,1288815.92856,1755207859211,2025-08-14 21:44:19
ETH,increased,288.4806,333.3336,1288613.99214,1485967.85544,1755207978101,2025-08-14 21:46:18
ETH,increased,333.3336,355.7551,1487967.85704,1586418.71743,1755208987775,2025-08-14 22:03:07
HYPE,increased,84655.82,85500.27,3795289.72224,3826735.58439,1755209057454,2025-08-14 22:04:17
ETH,decreased,355.7551,316.1224,1606447.72956,1427102.96256,1755210256338,2025-08-14 22:24:16
ETH,decreased,316.1224,1.3147,1427102.96256,5938.89431,1755210330463,2025-08-14 22:25:30
HYPE,increased,85500.27,87720.02,3856233.17754,3952400.94114,1755212546228,2025-08-14 23:02:26
ETH,closed,1.3147,0.0,6052.61586,0.0,1755223345255,2025-08-15 02:02:25
ETH,opened_long,,0.2461,,1101.34672,1755270666826,2025-08-15 15:11:06
ETH,increased,0.2461,11.1731,1101.34672,50149.34204,1755270726751,2025-08-15 15:12:06
ETH,increased,11.1731,56.1978,49829.79138,249726.16386,1755271682796,2025-08-15 15:28:02
ETH,increased,56.1978,101.3241,249304.68036,450223.50594,1755271811993,2025-08-15 15:30:11
ETH,decreased,101.3241,0.0001,451763.63226,0.4456,1755272119909,2025-08-15 15:35:19
ETH,increased,0.0001,45.1417,0.4443,199666.25327,1755272582741,2025-08-15 15:43:02
ETH,increased,45.1417,83.3564,199666.25327,368085.19112,1755272645474,2025-08-15 15:44:05
ETH,increased,83.3564,90.4674,368085.19112,399223.58946,1755272706235,2025-08-15 15:45:06
ETH,increased,90.4674,113.2153,398445.56982,498724.71803,1755273002746,2025-08-15 15:50:02
ETH,decreased,113.2153,0.0001,501385.27758,0.44383,1755273250463,2025-08-15 15:54:10
ETH,increased,0.0001,22.7377,0.44006,99923.09642,1755274032705,2025-08-15 16:07:12
ETH,increased,22.7377,45.5115,99923.09642,199540.6206,1755274085103,2025-08-15 16:08:05
ETH,increased,45.5115,68.3425,199490.55795,299346.98425,1755274334044,2025-08-15 16:12:14
ETH,increased,68.3425,91.1996,299176.128,400220.32464,1755274457805,2025-08-15 16:14:17
ETH,decreased,91.1996,0.0001,402071.67652,0.44139,1755275532958,2025-08-15 16:32:12
ETH,increased,0.0001,22.8051,0.439,100210.17042,1755284541875,2025-08-15 19:02:21
ETH,increased,22.8051,45.6517,99849.84984,200146.18314,1755284720818,2025-08-15 19:05:20
ETH,decreased,45.6517,0.0001,200652.91701,0.4409,1755285294286,2025-08-15 19:14:54
ETH,increased,0.0001,45.3002,0.44161,199941.49274,1755300259995,2025-08-15 23:24:19
ETH,decreased,45.3002,0.0001,201037.75758,0.44445,1755302363176,2025-08-15 23:59:23
ETH,increased,0.0001,45.403,0.44116,199963.8926,1755338385478,2025-08-16 09:59:45
BTC,opened_long,,9e-05,,10.59147,1755355380992,2025-08-16 14:43:00
ETH,opened_long,,45.403,,199900.3284,1755355380992,2025-08-16 14:43:00
HYPE,opened_long,,87720.02,,4093893.3334,1755355380992,2025-08-16 14:43:00
ETH,decreased,45.403,0.0001,200930.9765,0.44369,1755372763047,2025-08-16 19:32:43
BTC,closed,9e-05,0.0,10.62846,0.0,1755435449295,2025-08-17 12:57:29
ETH,closed,0.0001,0.0,0.45391,0.0,1755435449295,2025-08-17 12:57:29
ETH,opened_long,,501.3832,,2283449.50776,1755446674739,2025-08-17 16:04:34
ETH,decreased,501.3832,0.0001,2284151.44424,0.45569,1755446744173,2025-08-17 16:05:44
ETH,closed,0.0001,0.0,0.45366,0.0,1755447430575,2025-08-17 16:17:10
ETH,opened_long,,22.429,,99952.5956,1755459349522,2025-08-17 19:35:49
ETH,decreased,22.429,0.0246,100185.8572,109.84884,1755461359394,2025-08-17 20:09:19
ETH,increased,0.0246,23.2944,105.73572,100000.52976,1755511477729,2025-08-18 10:04:37
ETH,increased,23.2944,46.5935,100000.52976,199965.32395,1755511492597,2025-08-18 10:04:52
ETH,increased,46.5935,69.9143,199937.36785,299764.55268,1755511778870,2025-08-18 10:09:38
ETH,increased,69.9143,93.2787,299338.07545,398999.63925,1755512920794,2025-08-18 10:28:40
ETH,increased,93.2787,116.6869,398663.83593,498474.76811,1755513018007,2025-08-18 10:30:18
ETH,increased,116.6869,140.1335,498194.71955,597613.3241,1755514639304,2025-08-18 10:57:19
ETH,increased,140.1335,163.6076,597459.17725,696772.04688,1755514679156,2025-08-18 10:57:59
ETH,closed,163.6076,0.0,711447.6486,0.0,1755522367416,2025-08-18 13:06:07
ETH,opened_long,,23.5017,,100060.83792,1755613160506,2025-08-19 14:19:20
ETH,increased,23.5017,70.6159,99912.77721,299799.80345,1755613423104,2025-08-19 14:23:43
ETH,increased,70.6159,117.7857,299672.69483,498457.30383,1755613640872,2025-08-19 14:27:20
ETH,increased,117.7857,212.3483,498586.8681,898466.89213,1755613674279,2025-08-19 14:27:54
ETH,increased,212.3483,307.0901,898466.89213,1296012.34903,1755613692984,2025-08-19 14:28:12
ETH,increased,307.0901,401.9892,1295551.71388,1695831.63912,1755613733913,2025-08-19 14:28:53
ETH,increased,401.9892,497.001,1695831.63912,2092771.8108,1755613758858,2025-08-19 14:29:18
ETH,increased,497.001,528.2581,2092672.4106,2221642.26536,1755613799053,2025-08-19 14:29:59
ETH,increased,528.2581,592.1258,2223279.86547,2490303.47706,1755613856257,2025-08-19 14:30:56
ETH,increased,592.1258,687.5911,2486336.2342,2879975.32235,1755614512117,2025-08-19 14:41:52
ETH,increased,687.5911,783.3994,2878806.41748,3269282.37608,1755616038622,2025-08-19 15:07:18
ETH,decreased,783.3994,677.9893,3307198.90704,2864504.7925,1755617388182,2025-08-19 15:29:48
ETH,decreased,677.9893,0.0001,2861386.04172,0.42258,1755617451173,2025-08-19 15:30:51
ETH,increased,0.0001,24.0727,0.41536,99949.8504,1755622097548,2025-08-19 16:48:17
ETH,increased,24.0727,120.7729,99827.07963,499854.87852,1755622763948,2025-08-19 16:59:23
ETH,decreased,120.7729,0.0001,502584.34606,0.41633,1755624282771,2025-08-19 17:24:42
ETH,closed,0.0001,0.0,0.41761,0.0,1755625850653,2025-08-19 17:50:50
ETH,opened_long,,48.4437,,199747.90821,1755629482002,2025-08-19 18:51:22
ETH,decreased,48.4437,0.0001,200348.61009,0.41402,1755629624914,2025-08-19 18:53:44
ETH,flipped,0.0001,-24.2493,0.41294,100103.53533,1755630155729,2025-08-19 19:02:35
ETH,decreased,-24.2493,-0.0001,100103.53533,0.41305,1755630195639,2025-08-19 19:03:15
ETH,flipped,-0.0001,24.2534,0.4128,100008.8949,1755630261162,2025-08-19 19:04:21
ETH,increased,24.2534,72.8678,100008.8949,300368.35838,1755630281675,2025-08-19 19:04:41
ETH,decreased,72.8678,0.0001,300710.83704,0.41284,1755631121160,2025-08-19 19:18:41
ETH,increased,0.0001,48.8043,0.41012,199668.15216,1755646745938,2025-08-19 23:39:05
ETH,increased,48.8043,97.7998,199668.15216,399375.26328,1755646815413,2025-08-19 23:40:15
ETH,increased,97.7998,171.4194,398641.76478,697745.52576,1755647597378,2025-08-19 23:53:17
ETH,increased,171.4194,196.0015,697899.80322,798314.1095,1755647707086,2025-08-19 23:55:07
ETH,decreased,196.0015,0.3247,803606.15,1333.41302,1755650467137,2025-08-20 00:41:07
ETH,increased,0.3247,24.2195,1358.67468,101382.827,1755689595208,2025-08-20 11:33:15
ETH,increased,24.2195,48.1429,101356.18555,201242.13629,1755690017282,2025-08-20 11:40:17
ETH,increased,48.1429,72.0949,201242.13629,300988.99801,1755690080986,2025-08-20 11:41:20
ETH,increased,72.0949,120.1602,300138.27819,499397.80722,1755690252774,2025-08-20 11:44:12
ETH,increased,120.1602,168.3297,499710.22374,698921.74737,1755690368541,2025-08-20 11:46:08
ETH,decreased,168.3297,0.2256,703012.15908,943.75248,1755690792678,2025-08-20 11:53:12
ETH,increased,0.2256,24.1725,942.6696,101048.30175,1755692661029,2025-08-20 12:24:21
ETH,decreased,24.1725,0.0001,101144.99175,0.41887,1755692844121,2025-08-20 12:27:24
ETH,increased,0.0001,4.8326,0.41786,20169.82262,1755695658528,2025-08-20 13:14:18
ETH,increased,4.8326,47.9732,20169.82262,199827.56728,1755695723006,2025-08-20 13:15:23
ETH,decreased,47.9732,0.0001,200595.13848,0.41946,1755697026644,2025-08-20 13:37:06
ETH,increased,0.0001,23.8607,0.42051,100133.81362,1755697219688,2025-08-20 13:40:19
ETH,closed,23.8607,0.0,99835.55487,0.0,1755697392557,2025-08-20 13:43:12
ETH,opened_long,,23.9366,,99901.79376,1755697518871,2025-08-20 13:45:18
ETH,increased,23.9366,47.9462,99901.79376,199484.95972,1755697568325,2025-08-20 13:46:08
ETH,increased,47.9462,72.002,199484.95972,299254.7124,1755697629510,2025-08-20 13:47:09
ETH,increased,72.002,120.2296,299859.5292,498700.35784,1755697836235,2025-08-20 13:50:36
ETH,increased,120.2296,216.918,498339.66904,896196.717,1755697929302,2025-08-20 13:52:09
ETH,increased,216.918,265.391,898148.979,1094207.093,1755698770476,2025-08-20 14:06:10
ETH,increased,265.391,313.9464,1095719.8217,1292391.75024,1755698947845,2025-08-20 14:09:07
ETH,increased,313.9464,338.2477,1292391.75024,1393039.32768,1755699012956,2025-08-20 14:10:12
ETH,increased,338.2477,386.8799,1393039.32768,1590656.70885,1755699077945,2025-08-20 14:11:17
ETH,increased,386.8799,435.5417,1590656.70885,1791513.67461,1755699138207,2025-08-20 14:12:18
ETH,increased,435.5417,557.3146,1791208.79542,2289727.0341,1755699429198,2025-08-20 14:17:09
ETH,decreased,557.3146,0.0001,2306390.74064,0.41461,1755699793156,2025-08-20 14:23:13
ETH,flipped,0.0001,-23.2605,0.42979,99896.86935,1755703396126,2025-08-20 15:23:16
ETH,increased,-23.2605,-31.1844,99999.21555,134245.72356,1755703511875,2025-08-20 15:25:11
ETH,decreased,-31.1844,-0.0001,133943.23488,0.42924,1755703876047,2025-08-20 15:31:16
ETH,increased,-0.0001,-23.1482,0.43075,99903.00156,1755706693097,2025-08-20 16:18:13
HYPE,increased,87720.02,94791.2,3723714.849,4018009.3856,1755706995524,2025-08-20 16:23:15
ETH,decreased,-23.1482,-0.0001,100011.7981,0.43096,1755707121643,2025-08-20 16:25:21
HYPE,increased,94791.2,97150.24,4014028.1552,4114604.11472,1755707182683,2025-08-20 16:26:22
ETH,flipped,-0.0001,115.9016,0.43144,500405.158,1755707298640,2025-08-20 16:28:18
HYPE,increased,97150.24,100407.45,4107609.29744,4244825.3562,1755707658530,2025-08-20 16:34:18
HYPE,increased,100407.45,120809.35,4244825.3562,5102020.4692,1755707720931,2025-08-20 16:35:20
HYPE,increased,120809.35,131444.85,5092476.53055,5536851.41655,1755707832943,2025-08-20 16:37:12
HYPE,increased,131444.85,133827.73,5516608.90965,5610192.26933,1755708978848,2025-08-20 16:56:18
ETH,decreased,115.9016,0.2012,500196.53512,869.84796,1755711732681,2025-08-20 17:42:12
ETH,flipped,0.2012,-45.7283,875.07916,199169.61065,1755711967809,2025-08-20 17:46:07
ETH,decreased,-45.7283,-0.0001,198593.43407,0.43382,1755712156274,2025-08-20 17:49:16
ETH,flipped,-0.0001,46.4143,0.43175,199985.29441,1755713051918,2025-08-20 18:04:11
ETH,increased,46.4143,92.8827,199962.08726,399061.23228,1755713178559,2025-08-20 18:06:18
ETH,increased,92.8827,139.4593,399061.23228,598615.09932,1755713235573,2025-08-20 18:07:15
ETH,increased,139.4593,186.0467,598880.07199,798940.34381,1755713658826,2025-08-20 18:14:18
ETH,increased,186.0467,232.6341,797768.2496,995162.15298,1755713774541,2025-08-20 18:16:14
ETH,increased,232.6341,279.4177,994510.7775,1195628.3383,1755714249170,2025-08-20 18:24:09
ETH,increased,279.4177,373.1823,1192275.3259,1590950.78136,1755714794104,2025-08-20 18:33:14
ETH,decreased,373.1823,1.9824,1606400.52858,8559.80496,1755717119009,2025-08-20 19:11:59
ETH,closed,1.9824,0.0,8559.80496,0.0,1755717184287,2025-08-20 19:13:04
ETH,opened_long,,23.1374,,99979.01914,1755735095115,2025-08-21 00:11:35
ETH,increased,23.1374,46.3387,99784.66498,199738.33248,1755735809603,2025-08-21 00:23:29
ETH,decreased,46.3387,0.0001,200516.82264,0.43316,1755736645023,2025-08-21 00:37:25
ETH,increased,0.0001,23.4467,0.42686,100037.69022,1755767119016,2025-08-21 09:05:19
ETH,increased,23.4467,46.9153,99988.45215,199920.16789,1755767841787,2025-08-21 09:17:21
ETH,increased,46.9153,70.4005,199868.56106,300124.37155,1755767960328,2025-08-21 09:19:20
ETH,closed,70.4005,0.0,301229.6594,0.0,1755768742373,2025-08-21 09:32:22
SOL,opened_long,,540.54,,99967.4676,1755769637612,2025-08-21 09:47:17
SOL,closed,540.54,0.0,99967.4676,0.0,1755769710884,2025-08-21 09:48:30
SOL,opened_long,,1088.64,,199863.4176,1755776281043,2025-08-21 11:38:01
SOL,closed,1088.64,0.0,200385.9648,0.0,1755776587559,2025-08-21 11:43:07
SOL,opened_long,,544.95,,99943.83,1755777005626,2025-08-21 11:50:05
SOL,increased,544.95,1081.89,99971.0775,198483.5394,1755777128224,2025-08-21 11:52:08
SOL,decreased,1081.89,808.68,198905.4765,148716.252,1755777543774,2025-08-21 11:59:03
SOL,closed,808.68,0.0,148716.252,0.0,1755777608940,2025-08-21 12:00:08
ETH,opened_long,,23.3535,,100006.69305,1755777965804,2025-08-21 12:06:05
ETH,increased,23.3535,41.1479,100006.69305,176092.43805,1755778029377,2025-08-21 12:07:09
ETH,increased,41.1479,41.2389,176092.43805,176630.33259,1755778087975,2025-08-21 12:08:07
ETH,increased,41.2389,93.5015,176630.33259,399775.0134,1755778142667,2025-08-21 12:09:02
ETH,increased,93.5015,140.3179,399812.414,599606.45028,1755778328316,2025-08-21 12:12:08
ETH,increased,140.3179,162.4515,599606.45028,693602.9244,1755778394103,2025-08-21 12:13:14
ETH,increased,162.4515,187.1563,693602.9244,799138.68537,1755778450389,2025-08-21 12:14:10
ETH,increased,187.1563,375.0269,798296.48202,1595326.92991,1755778743509,2025-08-21 12:19:03
SOL,opened_long,,554.1,,101527.743,1755778743509,2025-08-21 12:19:03
SOL,decreased,554.1,551.36,101649.645,101284.832,1755778870307,2025-08-21 12:21:10
SOL,closed,551.36,0.0,101284.832,0.0,1755778924657,2025-08-21 12:22:04
ETH,increased,375.0269,422.0414,1596339.50254,1795237.50318,1755780604124,2025-08-21 12:50:04
ETH,increased,422.0414,516.2698,1795237.50318,2190068.11858,1755780667781,2025-08-21 12:51:07
ETH,increased,516.2698,563.4284,2190068.11858,2389612.53008,1755780720312,2025-08-21 12:52:00
ETH,increased,563.4284,586.9783,2394007.2716,2493307.72491,1755781026646,2025-08-21 12:57:06
ETH,decreased,586.9783,0.0001,2508040.88024,0.42892,1755783487432,2025-08-21 13:38:07
ETH,increased,0.0001,23.6743,0.42269,99969.46661,1755805579543,2025-08-21 19:46:19
ETH,increased,23.6743,118.6072,100196.73989,501174.7236,1755809078570,2025-08-21 20:44:38
ETH,decreased,118.6072,94.933,502621.73144,403446.2634,1755809595868,2025-08-21 20:53:15
ETH,decreased,94.933,17.9505,403398.7969,76122.68535,1755810918554,2025-08-21 21:15:18
ETH,closed,17.9505,0.0,76260.9042,0.0,1755811586862,2025-08-21 21:26:26
SOL,opened_long,,1108.33,,199975.9819,1755861140934,2025-08-22 11:12:20
SOL,increased,1108.33,1662.8,199975.9819,299852.724,1755861202350,2025-08-22 11:13:22
SOL,increased,1662.8,2217.73,299719.7,399878.8963,1755861741706,2025-08-22 11:22:21
SOL,increased,2217.73,2772.97,399457.5276,499356.4376,1755862092438,2025-08-22 11:28:12
SOL,increased,2772.97,2840.49,499384.1673,511259.7951,1755862526507,2025-08-22 11:35:26
SOL,increased,2840.49,2884.99,511259.7951,519759.7984,1755862579496,2025-08-22 11:36:19
SOL,increased,2884.99,3328.52,519817.4982,599000.4592,1755862702907,2025-08-22 11:38:22
SOL,increased,3328.52,3884.38,599000.4592,698761.1182,1755862767096,2025-08-22 11:39:27
SOL,increased,3884.38,4440.64,699033.0248,797983.008,1755863914160,2025-08-22 11:58:34
SOL,increased,4440.64,5553.85,797983.008,997360.383,1755863964612,2025-08-22 11:59:24
SOL,increased,5553.85,6667.83,998137.922,1197608.9463,1755864135295,2025-08-22 12:02:15
SOL,increased,6667.83,7225.24,1197608.9463,1295630.0368,1755864199276,2025-08-22 12:03:19
SOL,increased,7225.24,8340.68,1295630.0368,1496317.992,1755864260653,2025-08-22 12:04:20
SOL,increased,8340.68,11692.0,1494649.856,2090646.52,1755864486789,2025-08-22 12:08:06
SOL,increased,11692.0,15049.57,2090646.52,2685445.2708,1755864552858,2025-08-22 12:09:12
SOL,increased,15049.57,16170.64,2691164.1074,2885812.4144,1755864857477,2025-08-22 12:14:17
SOL,increased,16170.64,16253.1,2884680.4696,2900690.757,1755865278363,2025-08-22 12:21:18
SOL,increased,16253.1,16731.27,2900690.757,2985527.8188,1755865336392,2025-08-22 12:22:16
SOL,increased,16731.27,17292.12,2984022.0045,3081801.6264,1755865456180,2025-08-22 12:24:16
SOL,increased,17292.12,17317.34,3081801.6264,3085603.6412,1755865518180,2025-08-22 12:25:18
SOL,increased,17317.34,17853.44,3085603.6412,3180233.2672,1755865584805,2025-08-22 12:26:24
SOL,increased,17853.44,18977.02,3180233.2672,3366143.8076,1755865982748,2025-08-22 12:33:02
SOL,increased,18977.02,20100.6,3366143.8076,3569665.554,1755866042941,2025-08-22 12:34:02
SOL,increased,20100.6,22909.55,3565444.428,4064383.2655,1755866296335,2025-08-22 12:38:16
SOL,decreased,22909.55,0.01,4107911.4105,1.79,1755867016609,2025-08-22 12:50:16
SOL,flipped,0.01,-561.78,1.7856,100215.9342,1755869474926,2025-08-22 13:31:14
SOL,decreased,-561.78,-314.9,100148.5206,56112.031,1755870020897,2025-08-22 13:40:20
SOL,decreased,-314.9,-267.16,56112.031,47818.9684,1755870065372,2025-08-22 13:41:05
SOL,increased,-267.16,-1361.45,48609.762,249921.3765,1755871263848,2025-08-22 14:01:03
SOL,increased,-1361.45,-2448.4,249921.3765,449550.724,1755871323918,2025-08-22 14:02:03
SOL,increased,-2448.4,-2990.99,449550.724,553243.4203,1755871382763,2025-08-22 14:03:02
SOL,increased,-2990.99,-5147.02,553243.4203,955595.7332,1755871443480,2025-08-22 14:04:03
SOL,increased,-5147.02,-5684.94,951632.5278,1057683.087,1755871566141,2025-08-22 14:06:06
SOL,increased,-5684.94,-8902.1,1057683.087,1663090.322,1755871623437,2025-08-22 14:07:03
SOL,increased,-8902.1,-12091.04,1667185.288,2279886.5024,1755871742921,2025-08-22 14:09:02
SOL,increased,-12091.04,-13681.7,2279886.5024,2569012.809,1755871803790,2025-08-22 14:10:03
SOL,increased,-13681.7,-15269.84,2573527.77,2882640.3952,1755871983442,2025-08-22 14:13:03
SOL,increased,-15269.84,-20019.18,2882640.3952,3801842.4738,1755872046748,2025-08-22 14:14:06
SOL,increased,-20019.18,-23172.92,3801842.4738,4419307.5732,1755872108605,2025-08-22 14:15:08
SOL,increased,-23172.92,-26311.81,4419307.5732,5058971.7087,1755872163205,2025-08-22 14:16:03
SOL,increased,-26311.81,-32561.81,5058971.7087,6282475.6214,1755872222834,2025-08-22 14:17:02
SOL,decreased,-32561.81,-3125.0,6197163.6792,585406.25,1755872344609,2025-08-22 14:19:04
SOL,closed,-3125.0,0.0,591531.25,0.0,1755872584948,2025-08-22 14:23:04
ETH,opened_long,,1.1532,,5537.78172,1755902348756,2025-08-22 22:39:08
ETH,closed,1.1532,0.0,5554.04184,0.0,1755903622188,2025-08-22 23:00:22
LTC,opened_long,,81.51,,9992.3109,1755910935708,2025-08-23 01:02:15
LTC,increased,81.51,353.37,9992.3109,43326.6957,1755910996044,2025-08-23 01:03:16
LTC,increased,353.37,456.48,43358.499,56028.3552,1755911123236,2025-08-23 01:05:23
LTC,increased,456.48,815.72,56000.9664,99778.8704,1755911833696,2025-08-23 01:17:13
ETH,opened_long,,20.8855,,100008.1282,1755912314857,2025-08-23 01:25:14
LTC,increased,815.72,1392.84,99566.7832,169968.2652,1755912372347,2025-08-23 01:26:12
LTC,increased,1392.84,1635.05,169968.2652,199328.9455,1755912437243,2025-08-23 01:27:17
ETH,increased,20.8855,41.8147,99853.5755,199740.45896,1755912549979,2025-08-23 01:29:09
LTC,increased,1635.05,2548.08,199214.492,310101.336,1755912549979,2025-08-23 01:29:09
LTC,increased,2548.08,3308.07,310101.336,402724.4418,1755912617284,2025-08-23 01:30:17
LTC,increased,3308.07,3328.61,402889.8453,404991.9787,1755912727920,2025-08-23 01:32:07
LTC,increased,3328.61,4393.29,404991.9787,534355.8627,1755912795717,2025-08-23 01:33:15
ETH,increased,41.8147,62.7878,199610.83339,299347.11528,1755912857122,2025-08-23 01:34:17
LTC,increased,4393.29,4921.8,534355.8627,597949.482,1755912857122,2025-08-23 01:34:17
LTC,increased,4921.8,5766.6,597654.174,699719.244,1755913163354,2025-08-23 01:39:23
ETH,increased,62.7878,104.7869,298957.83092,498963.78173,1755913450610,2025-08-23 01:44:10
LTC,increased,5766.6,5771.01,700007.574,700138.9332,1755913450610,2025-08-23 01:44:10
ETH,increased,104.7869,125.7953,498963.78173,599175.59343,1755913513475,2025-08-23 01:45:13
ETH,decreased,125.7953,0.0001,600961.88669,0.47825,1755913992789,2025-08-23 01:53:12
LTC,decreased,5771.01,5245.28,704120.9301,640186.424,1755914538251,2025-08-23 02:02:18
LTC,increased,5245.28,6042.96,636672.0864,732588.0408,1755916028556,2025-08-23 02:27:08
LTC,decreased,6042.96,5847.74,737361.9792,713833.6218,1755926291046,2025-08-23 05:18:11
LTC,decreased,5847.74,5822.74,713833.6218,710665.417,1755926360990,2025-08-23 05:19:20
LTC,decreased,5822.74,5292.78,710781.8718,646195.5102,1755926537162,2025-08-23 05:22:17
LTC,decreased,5292.78,2417.21,646195.5102,295117.1689,1755926649013,2025-08-23 05:24:09
LTC,decreased,2417.21,2395.11,295117.1689,292442.931,1755926668674,2025-08-23 05:24:28
LTC,decreased,2395.11,2195.38,292442.931,267968.0828,1755926713751,2025-08-23 05:25:13
LTC,decreased,2195.38,806.19,268011.9904,98524.4799,1755926838166,2025-08-23 05:27:18
SOL,opened_short,,-481.46,,99994.4274,1755928276512,2025-08-23 05:51:16
LTC,decreased,806.19,252.77,98572.8513,30898.6048,1755928276512,2025-08-23 05:51:16
SOL,increased,-481.46,-642.46,99994.4274,133451.7912,1755928339668,2025-08-23 05:52:19
LTC,decreased,252.77,250.17,30898.6048,30580.7808,1755928339668,2025-08-23 05:52:19
LTC,decreased,250.17,0.01,30580.7808,1.222,1755928398444,2025-08-23 05:53:18
LTC,closed,0.01,0.0,1.2226,0.0,1755928568370,2025-08-23 05:56:08
SOL,increased,-642.46,-962.22,133393.9698,200112.8934,1755928568370,2025-08-23 05:56:08
SOL,closed,-962.22,0.0,198361.653,0.0,1755930372361,2025-08-23 06:26:12
ETH,increased,0.0001,21.0815,0.47444,99979.01375,1755933619387,2025-08-23 07:20:19
ETH,increased,21.0815,63.3201,99928.41815,299751.02139,1755933741514,2025-08-23 07:22:21
ETH,increased,63.3201,105.5944,299751.02139,499493.19032,1755933855771,2025-08-23 07:24:15
ETH,increased,105.5944,147.8955,499440.39312,699220.3449,1755934091078,2025-08-23 07:28:11
ETH,increased,147.8955,169.0595,699235.13445,798704.7018,1755934329345,2025-08-23 07:32:09
ETH,increased,169.0595,211.4234,798704.7018,998172.15608,1755934391514,2025-08-23 07:33:11
ETH,decreased,211.4234,169.4055,1000941.80262,802795.72395,1755935000751,2025-08-23 07:43:20
ETH,decreased,169.4055,129.0657,802795.72395,610971.21066,1755935058661,2025-08-23 07:44:18
ETH,increased,129.0657,213.8743,609693.46023,1008631.1988,1755935234767,2025-08-23 07:47:14
ETH,increased,213.8743,256.3326,1007904.02618,1207018.94688,1755937449605,2025-08-23 08:24:09
ETH,increased,256.3326,298.8405,1206916.41384,1407329.56665,1755937753656,2025-08-23 08:29:13
SOL,opened_long,,813.62,,164692.9604,1755937871021,2025-08-23 08:31:11
SOL,increased,813.62,817.71,164692.9604,166019.6613,1755937940936,2025-08-23 08:32:20
SOL,decreased,817.71,806.65,166534.8186,164427.536,1755938770100,2025-08-23 08:46:10
SOL,closed,806.65,0.0,164363.004,0.0,1755939624676,2025-08-23 09:00:24
ETH,closed,298.8405,0.0,1415248.8399,0.0,1755941835015,2025-08-23 09:37:15
LTC,opened_long,,0.1,,12.181,1755943268963,2025-08-23 10:01:08
LTC,increased,0.1,186.94,12.191,22791.7248,1755943389161,2025-08-23 10:03:09
LTC,increased,186.94,820.71,22778.639,99937.8567,1755943627238,2025-08-23 10:07:07
LTC,increased,820.71,1642.06,99913.2354,199805.8608,1755943809572,2025-08-23 10:10:09
LTC,increased,1642.06,2362.84,199805.8608,287652.1416,1755943875982,2025-08-23 10:11:15
LTC,increased,2362.84,2362.94,287486.7428,287498.9098,1755944186836,2025-08-23 10:16:26
LTC,increased,2362.94,2363.04,287498.9098,287440.1856,1755944229343,2025-08-23 10:17:09
LTC,increased,2363.04,2464.09,287440.1856,299707.2667,1755944288810,2025-08-23 10:18:08
LTC,increased,2464.09,2469.83,299362.2941,300109.0433,1755944476039,2025-08-23 10:21:16
LTC,increased,2469.83,2469.93,300133.7416,300244.6908,1755945074945,2025-08-23 10:31:14
LTC,increased,2469.93,2505.14,300071.7957,304349.4586,1755945251251,2025-08-23 10:34:11
LTC,increased,2505.14,3287.13,304349.4586,399386.295,1755945309688,2025-08-23 10:35:09
SOL,opened_long,,170.1,,34404.426,1755946454671,2025-08-23 10:54:14
SOL,increased,170.1,173.86,34458.858,35204.9114,1755949306179,2025-08-23 11:41:46
SOL,increased,173.86,663.92,35211.8658,134463.7176,1755949384025,2025-08-23 11:43:04
ETH,opened_long,,21.263,,99955.2367,1755950341085,2025-08-23 11:59:01
SOL,increased,663.92,1159.09,133939.2208,234066.6346,1755950341085,2025-08-23 11:59:01
LTC,increased,3287.13,3337.29,398597.3838,404479.548,1755950524628,2025-08-23 12:02:04
LTC,increased,3337.29,4112.21,404479.548,498029.7531,1755950584119,2025-08-23 12:03:04
LTC,increased,4112.21,4937.83,498029.7531,597724.3215,1755950640913,2025-08-23 12:04:00
ETH,decreased,21.263,0.0059,100357.1074,27.86452,1755951313777,2025-08-23 12:15:13
SOL,decreased,1159.09,0.01,234576.6342,2.0259,1755951512683,2025-08-23 12:18:32
WLFI,opened_long,,83.0,,32.38743,1755952637373,2025-08-23 12:37:17
LTC,decreased,4937.83,4904.0,601526.4506,597601.44,1755952933947,2025-08-23 12:42:13
LTC,decreased,4904.0,4882.6,597601.44,594456.55,1755952998665,2025-08-23 12:43:18
AVAX,opened_long,,3824.23,,100053.32949,1755953179674,2025-08-23 12:46:19
WLFI,increased,83.0,103693.0,32.46628,40028.60879,1755953179674,2025-08-23 12:46:19
WLFI,increased,103693.0,145939.0,40028.60879,56133.97696,1755953237353,2025-08-23 12:47:17
AVAX,decreased,3824.23,1923.41,100145.11101,50347.18016,1755953297083,2025-08-23 12:48:17
WLFI,closed,145939.0,0.0,56545.52494,0.0,1755953452866,2025-08-23 12:50:52
AVAX,decreased,1923.41,0.01,50343.33334,0.26167,1755953452866,2025-08-23 12:50:52
LTC,increased,4882.6,5706.32,592845.292,691948.3632,1755953643300,2025-08-23 12:54:03
WLFI,opened_long,,10385.0,,3961.2544,1755953708249,2025-08-23 12:55:08
LTC,increased,5706.32,5707.09,692062.4896,691642.2371,1755954062434,2025-08-23 13:01:02
LTC,increased,5707.09,5862.59,691642.2371,710663.1598,1755954128655,2025-08-23 13:02:08
LTC,increased,5862.59,5898.43,710663.1598,714948.7003,1755954182332,2025-08-23 13:03:02
AVAX,closed,0.01,0.0,0.26208,0.0,1755954305844,2025-08-23 13:05:05
LTC,increased,5898.43,6066.4,714948.7003,735308.344,1755954421739,2025-08-23 13:07:01
WLFI,closed,10385.0,0.0,4114.01775,0.0,1755955316650,2025-08-23 13:21:56
LTC,increased,6066.4,6531.4,735672.328,791344.424,1755955505844,2025-08-23 13:25:05
SOL,increased,0.01,986.19,2.0206,198914.523,1755955863771,2025-08-23 13:31:03
SOL,increased,986.19,1482.71,198707.4231,298395.3875,1755955980592,2025-08-23 13:33:00
SOL,increased,1482.71,2476.61,298395.3875,498937.8506,1755956040814,2025-08-23 13:34:00
SOL,increased,2476.61,2973.87,498838.7862,597539.6991,1755956160788,2025-08-23 13:36:00
SOL,increased,2973.87,3969.39,597480.2217,796894.7364,1755956283513,2025-08-23 13:38:03
LTC,increased,6531.4,6531.5,791475.052,790899.335,1755956341012,2025-08-23 13:39:01
LTC,increased,6531.5,6682.18,790899.335,809546.107,1755956409321,2025-08-23 13:40:09
LTC,increased,6682.18,7357.16,809546.107,890657.7896,1755956466618,2025-08-23 13:41:06
LTC,increased,7357.16,7522.68,889333.5008,908890.1976,1755956580621,2025-08-23 13:43:00
LTC,increased,7522.68,8681.09,908890.1976,1049283.3483,1755956649419,2025-08-23 13:44:09
LTC,increased,8681.09,8846.58,1049283.3483,1069109.193,1755956700112,2025-08-23 13:45:00
SOL,decreased,3969.39,3659.14,801181.6776,739109.6886,1755956940785,2025-08-23 13:49:00
SOL,decreased,3659.14,3401.74,739109.6886,686947.3756,1755957010536,2025-08-23 13:50:10
SOL,closed,3401.74,0.0,686947.3756,0.0,1755957069181,2025-08-23 13:51:09
LTC,increased,8846.58,8855.29,1068932.2614,1069984.6907,1755957736610,2025-08-23 14:02:16
LTC,increased,8855.29,8855.49,1069541.9262,1069831.7469,1755957850475,2025-08-23 14:04:10
LTC,increased,8855.49,9674.39,1069831.7469,1168279.3364,1755957913886,2025-08-23 14:05:13
LTC,increased,9674.39,9748.89,1168279.3364,1176593.5341,1755957975936,2025-08-23 14:06:15
LTC,increased,9748.89,9748.99,1176593.5341,1176410.6233,1755958031050,2025-08-23 14:07:11
LTC,increased,9748.99,10079.97,1178165.4415,1218265.1742,1755958390291,2025-08-23 14:13:10
LTC,increased,10079.97,10080.07,1217962.7751,1216765.2497,1755958578780,2025-08-23 14:16:18
LTC,increased,10080.07,11165.86,1216866.0504,1347272.6676,1755960077479,2025-08-23 14:41:17
LTC,increased,11165.86,11331.24,1350064.1326,1371080.04,1755964821070,2025-08-23 16:00:21
LTC,increased,11331.24,11662.02,1370173.5408,1409938.218,1755964937376,2025-08-23 16:02:17
LTC,increased,11662.02,11992.94,1409938.218,1449826.5166,1755965004371,2025-08-23 16:03:24
LTC,increased,11992.94,12158.62,1448027.5756,1468153.365,1755965116002,2025-08-23 16:05:16
LTC,increased,12158.62,12655.61,1468153.365,1526393.1221,1755965183066,2025-08-23 16:06:23
LTC,increased,12655.61,12987.18,1526393.1221,1567812.3696,1755965244407,2025-08-23 16:07:24
LTC,increased,12987.18,13152.85,1567812.3696,1587417.4665,1755965300955,2025-08-23 16:08:20
LTC,increased,13152.85,13484.19,1587417.4665,1628350.7844,1755965360931,2025-08-23 16:09:20
LTC,increased,13484.19,13649.8,1628350.7844,1646848.37,1755965424832,2025-08-23 16:10:24
LTC,increased,13649.8,13732.71,1646302.378,1656988.7886,1755965839531,2025-08-23 16:17:19
WLFI,opened_long,,41.0,,14.49555,1755971529748,2025-08-23 17:52:09
WLFI,increased,41.0,261.0,14.71572,92.8377,1755973885604,2025-08-23 18:31:25
WLFI,increased,261.0,28383.0,92.8377,9888.92103,1755973944595,2025-08-23 18:32:24
WLFI,increased,28383.0,57622.0,9737.07198,19713.06242,1755974055449,2025-08-23 18:34:15
WLFI,increased,57622.0,86947.0,19713.06242,29688.92262,1755974115047,2025-08-23 18:35:15
WLFI,increased,86947.0,116272.0,29791.52008,39556.89712,1755974296091,2025-08-23 18:38:16
WLFI,increased,116272.0,145857.0,39556.89712,49645.34709,1755974358083,2025-08-23 18:39:18
WLFI,increased,145857.0,175530.0,49304.04171,59201.0031,1755974540493,2025-08-23 18:42:20
WLFI,increased,175530.0,235500.0,59201.0031,78525.12,1755974591884,2025-08-23 18:43:11
WLFI,increased,235500.0,296106.0,78525.12,98129.5284,1755974653092,2025-08-23 18:44:13
WLFI,increased,296106.0,357080.0,98129.5284,116333.0932,1755974723559,2025-08-23 18:45:23
WLFI,increased,357080.0,387676.0,116829.4344,126076.11196,1755975437462,2025-08-23 18:57:17
WLFI,increased,387676.0,479088.0,128398.2912,158099.04,1755977602944,2025-08-23 19:33:22
WLFI,increased,479088.0,509537.0,157466.64384,167749.77114,1755977775656,2025-08-23 19:36:15
WLFI,increased,509537.0,540045.0,167510.28875,176924.14245,1755977957422,2025-08-23 19:39:17
WLFI,increased,540045.0,601164.0,176924.14245,196754.96556,1755978022753,2025-08-23 19:40:22
WLFI,increased,601164.0,693200.0,196875.19836,225338.524,1755978502152,2025-08-23 19:48:22
WLFI,increased,693200.0,786006.0,225338.524,253856.35782,1755978550167,2025-08-23 19:49:10
WLFI,increased,786006.0,910339.0,253856.35782,289169.18335,1755978618469,2025-08-23 19:50:18
WLFI,increased,910339.0,1005557.0,289169.18335,312667.89358,1755978676937,2025-08-23 19:51:16
WLFI,increased,1005557.0,1167204.0,312667.89358,362300.1216,1755978740875,2025-08-23 19:52:20
WLFI,increased,1167204.0,1199534.0,360922.82088,372191.40952,1755979386600,2025-08-23 20:03:06
WLFI,increased,1199534.0,1265300.0,367213.34342,385081.402,1755980982664,2025-08-23 20:29:42
WLFI,increased,1265300.0,1331230.0,384815.689,403775.3713,1755981064749,2025-08-23 20:31:04
WLFI,increased,1331230.0,1397431.0,403615.6237,422806.72336,1755981186311,2025-08-23 20:33:06
WLFI,increased,1397431.0,1430718.0,420528.91083,424994.7819,1755981303962,2025-08-23 20:35:03
WLFI,increased,1430718.0,1464483.0,424994.7819,432622.92303,1755981364094,2025-08-23 20:36:04
WLFI,increased,1464483.0,1533024.0,426369.58062,447872.9616,1755983107356,2025-08-23 21:05:07
WLFI,increased,1533024.0,1635745.0,447872.9616,477653.89745,1755983164460,2025-08-23 21:06:04
WLFI,increased,1635745.0,1635883.0,476901.45475,476941.68865,1755983760915,2025-08-23 21:16:00
WLFI,increased,1635883.0,1657994.0,476712.66503,486190.16056,1755984186133,2025-08-23 21:23:06
WLFI,increased,1657994.0,1704639.0,485543.5429,491924.72262,1755984306093,2025-08-23 21:25:06
WLFI,increased,1704639.0,1982792.0,491924.72262,564262.94736,1755984367319,2025-08-23 21:26:07
WLFI,increased,1982792.0,2194894.0,564262.94736,628420.10114,1755984455541,2025-08-23 21:27:35
WLFI,increased,2194894.0,2442213.0,624205.90466,687995.82423,1755988878591,2025-08-23 22:41:18
WLFI,increased,2442213.0,2513328.0,687995.82423,705868.1688,1755988940568,2025-08-23 22:42:20
WLFI,increased,2513328.0,2656772.0,706169.76816,725883.24584,1755989063343,2025-08-23 22:44:23
WLFI,increased,2656772.0,2730020.0,725883.24584,748298.482,1755989121180,2025-08-23 22:45:21
WLFI,increased,2730020.0,2801669.0,760037.568,783122.51888,1755989839908,2025-08-23 22:57:19
WLFI,increased,2801669.0,2838513.0,765836.22115,761516.26764,1755990149450,2025-08-23 23:02:29
WLFI,increased,2838513.0,2913961.0,761516.26764,765614.11314,1755990202102,2025-08-23 23:03:22
WLFI,increased,2913961.0,2989713.0,765614.11314,788955.36357,1755990253556,2025-08-23 23:04:13
WLFI,increased,2989713.0,3027505.0,794157.46419,803590.65215,1755990378386,2025-08-23 23:06:18
WLFI,increased,3027505.0,3064098.0,834592.30335,840022.4667,1755990979960,2025-08-23 23:16:19
WLFI,decreased,3064098.0,2410996.0,899619.1728,717174.87016,1755993560962,2025-08-23 23:59:20
WLFI,decreased,2410996.0,2298074.0,717174.87016,684757.10978,1755993620173,2025-08-24 00:00:20
WLFI,decreased,2298074.0,2181953.0,682367.11282,658273.40057,1755993844546,2025-08-24 00:04:04
WLFI,decreased,2181953.0,1856341.0,658273.40057,560819.17951,1755993858698,2025-08-24 00:04:18
WLFI,decreased,1856341.0,1725452.0,560819.17951,519533.5972,1755993918570,2025-08-24 00:05:18
WLFI,increased,1725452.0,1828271.0,504263.347,537712.78381,1755994460230,2025-08-24 00:14:20
WLFI,increased,1828271.0,1862387.0,539650.75107,548063.24636,1755994823324,2025-08-24 00:20:23
WLFI,increased,1862387.0,1896523.0,545772.51035,555851.92607,1755995060900,2025-08-24 00:24:20
WLFI,increased,1896523.0,1931022.0,549896.84385,562796.3619,1755995436265,2025-08-24 00:30:36
WLFI,decreased,1931022.0,1546039.0,583728.64038,471078.0833,1756001065556,2025-08-24 02:04:25
WLFI,decreased,1546039.0,1413387.0,471078.0833,429245.6319,1756001130372,2025-08-24 02:05:30
LTC,increased,13732.71,13764.3,1656027.4989,1658598.15,1756018452595,2025-08-24 06:54:12
LTC,increased,13764.3,13768.33,1658598.15,1658946.0817,1756018520856,2025-08-24 06:55:20
LTC,increased,13768.33,13769.03,1658946.0817,1659030.4247,1756018578929,2025-08-24 06:56:18
LTC,increased,13769.03,14562.58,1659030.4247,1754645.2642,1756018638398,2025-08-24 06:57:18
WLFI,increased,1413387.0,1452227.0,364809.31857,373919.40796,1756024814732,2025-08-24 08:40:14
WLFI,increased,1452227.0,1568428.0,373541.82894,405156.32096,1756024937220,2025-08-24 08:42:17
WLFI,increased,1568428.0,1645751.0,405485.69084,426331.79655,1756025056166,2025-08-24 08:44:16
WLFI,increased,1645751.0,1722837.0,426331.79655,447351.85542,1756025114394,2025-08-24 08:45:14
LTC,increased,14562.58,15397.67,1744742.7098,1843870.9825,1756025179873,2025-08-24 08:46:19
WLFI,increased,1722837.0,1878062.0,444767.59992,483657.30686,1756025297142,2025-08-24 08:48:17
WLFI,increased,1878062.0,1916788.0,483657.30686,496601.43504,1756025354987,2025-08-24 08:49:14
LTC,increased,15397.67,15647.96,1845102.7961,1875408.006,1756025470107,2025-08-24 08:51:10
LTC,increased,15647.96,15731.39,1875408.006,1885721.7193,1756025543345,2025-08-24 08:52:23
WLFI,increased,1916788.0,1955169.0,499706.6316,509301.97281,1756025836862,2025-08-24 08:57:16
WLFI,increased,1955169.0,1993505.0,510611.93604,516915.8465,1756025953172,2025-08-24 08:59:13
WLFI,increased,1993505.0,2265038.0,516915.8465,580506.58902,1756026018406,2025-08-24 09:00:18
WLFI,increased,2265038.0,2382199.0,580506.58902,608080.11674,1756026078463,2025-08-24 09:01:18
WLFI,increased,2382199.0,2421488.0,608080.11674,620966.38272,1756026141057,2025-08-24 09:02:21
WLFI,increased,2421488.0,2460630.0,620966.38272,627288.4059,1756026192597,2025-08-24 09:03:12
WLFI,increased,2460630.0,2578569.0,627288.4059,654028.24116,1756026256078,2025-08-24 09:04:16
WLFI,increased,2578569.0,2618157.0,651346.5294,666347.13807,1756026380061,2025-08-24 09:06:20
WLFI,increased,2618157.0,2657277.0,671661.99678,679332.86505,1756026979258,2025-08-24 09:16:19
WLFI,increased,2657277.0,2775778.0,678482.53641,701133.76502,1756027097745,2025-08-24 09:18:17
WLFI,increased,2775778.0,2854775.0,704131.60526,719974.255,1756027218420,2025-08-24 09:20:18
WLFI,increased,2854775.0,3054629.0,716091.761,759319.67682,1756027454884,2025-08-24 09:24:14
WLFI,increased,3054629.0,3175446.0,759319.67682,791765.70564,1756027517064,2025-08-24 09:25:17
LTC,increased,15731.39,15981.43,1887609.4861,1918890.3001,1756028369997,2025-08-24 09:39:29
WLFI,increased,3175446.0,3215358.0,795607.9953,805800.86838,1756029494790,2025-08-24 09:58:14
WLFI,increased,3215358.0,3295410.0,806379.63282,816240.1029,1756029741203,2025-08-24 10:02:21
WLFI,increased,3295410.0,3335747.0,818250.303,825397.23768,1756030097557,2025-08-24 10:08:17
WLFI,increased,3335747.0,3376318.0,825897.59973,834929.67822,1756031297510,2025-08-24 10:28:17
WLFI,increased,3376318.0,3457436.0,833241.51922,851981.37912,1756031467262,2025-08-24 10:31:07
WLFI,increased,3457436.0,3579419.0,851531.91244,879713.80763,1756031654848,2025-08-24 10:34:14
WLFI,increased,3579419.0,3620205.0,879713.80763,886262.38605,1756031718498,2025-08-24 10:35:18
WLFI,increased,3620205.0,3742938.0,886950.225,914062.88898,1756031833720,2025-08-24 10:37:13
WLFI,increased,3742938.0,3866999.0,911854.55556,937901.93746,1756031960429,2025-08-24 10:39:20
WLFI,increased,3866999.0,3908012.0,943741.10595,955548.01412,1756032261345,2025-08-24 10:44:21
WLFI,increased,3908012.0,3949196.0,950389.43828,957877.4898,1756033222168,2025-08-24 11:00:22
WLFI,increased,3949196.0,3990521.0,958232.91744,964868.07259,1756033345715,2025-08-24 11:02:25
WLFI,increased,3990521.0,4297621.0,909280.11506,981017.94567,1756050737105,2025-08-24 15:52:17
WLFI,increased,4297621.0,4429014.0,985057.70941,1005076.14702,1756050864825,2025-08-24 15:54:24
WLFI,increased,4429014.0,4473250.0,1005076.14702,1011088.6975,1756050923214,2025-08-24 15:55:23
WLFI,increased,4473250.0,4605857.0,1011088.6975,1042397.55624,1756050987362,2025-08-24 15:56:27
WLFI,increased,4605857.0,4694297.0,1043733.25477,1059080.34617,1756051153328,2025-08-24 15:59:13
WLFI,increased,4694297.0,4828654.0,1054292.16323,1076355.26314,1756051695645,2025-08-24 16:08:15
WLFI,increased,4828654.0,4960294.0,1099967.3812,1133575.98782,1756055054934,2025-08-24 17:04:14
LTC,increased,15981.43,16486.3,1900511.6556,1958407.577,1756070478326,2025-08-24 21:21:18
LTC,increased,16486.3,16570.46,1958407.577,1972878.9676,1756070540233,2025-08-24 21:22:20
LTC,increased,16570.46,16822.85,1968570.648,1999563.951,1756070716608,2025-08-24 21:25:16
LTC,increased,16822.85,17075.65,1994685.3245,2028416.4635,1756070832792,2025-08-24 21:27:12
LTC,increased,17075.65,17243.82,2029953.272,2052876.771,1756071254934,2025-08-24 21:34:14
WLFI,increased,4960294.0,5144835.0,1090074.20944,1111078.5666,1756071313753,2025-08-24 21:35:13
WLFI,increased,5144835.0,5237858.0,1106139.525,1117392.24714,1756071432768,2025-08-24 21:37:12
WLFI,increased,5237858.0,5331342.0,1122525.34798,1140160.80012,1756071620497,2025-08-24 21:40:20
WLFI,increased,5331342.0,5424804.0,1140160.80012,1164054.44232,1756071678871,2025-08-24 21:41:18
LTC,increased,17243.82,17411.72,2052876.771,2077566.4304,1756072041074,2025-08-24 21:47:21
LTC,increased,17411.72,17663.01,2077740.5476,2108433.5037,1756072214030,2025-08-24 21:50:14
LTC,increased,17663.01,17915.61,2097482.4375,2128195.3119,1756072694839,2025-08-24 21:58:14
LTC,increased,17915.61,18255.41,2109383.9214,2146471.1078,1756074252199,2025-08-24 22:24:12
WLFI,increased,5424804.0,5561129.0,1198664.69184,1223003.48968,1756115715472,2025-08-25 09:55:15
WLFI,increased,5561129.0,5652155.0,1223003.48968,1244943.6603,1756115778389,2025-08-25 09:56:18
WLFI,increased,5652155.0,5744829.0,1221430.6955,1241457.5469,1756119495159,2025-08-25 10:58:15
WLFI,increased,5744829.0,5791183.0,1241457.5469,1247652.46552,1756119567641,2025-08-25 10:59:27
WLFI,increased,5791183.0,5884245.0,1244756.87402,1266348.36645,1756119690534,2025-08-25 11:01:30
WLFI,increased,5884245.0,5930361.0,1277351.9046,1282618.47708,1756120279549,2025-08-25 11:11:19
WLFI,increased,5930361.0,6023030.0,1287125.55144,1298083.4256,1756120699561,2025-08-25 11:18:19
WLFI,increased,6023030.0,6069522.0,1298083.4256,1303126.3734,1756120757344,2025-08-25 11:19:17
WLFI,increased,6069522.0,6162705.0,1301426.90724,1330466.38245,1756120944652,2025-08-25 11:22:24
WLFI,increased,6162705.0,6208325.0,1339956.94815,1345654.44375,1756121362394,2025-08-25 11:29:22
WLFI,increased,6208325.0,6253945.0,1345654.44375,1348725.7787,1756121422284,2025-08-25 11:30:22
WLFI,increased,6253945.0,6299974.0,1356042.89435,1365708.36372,1756122199198,2025-08-25 11:43:19
WLFI,increased,6299974.0,6346259.0,1361739.3801,1377518.97854,1756122679751,2025-08-25 11:51:19
WLFI,increased,6346259.0,6392310.0,1385261.41452,1386300.2697,1756123634331,2025-08-25 12:07:14
WLFI,increased,6392310.0,6484884.0,1380802.8831,1402031.9208,1756137619838,2025-08-25 16:00:19
LTC,increased,18255.41,18345.16,2033835.2281,2041265.9532,1756144939965,2025-08-25 18:02:19
WLFI,increased,6484884.0,6529979.0,1437763.63164,1448153.44283,1756151102490,2025-08-25 19:45:02
ETH,increased,0.0059,22.8918,25.76707,100018.85256,1756154706528,2025-08-25 20:45:06
ETH,increased,22.8918,45.8275,99872.34504,199908.7205,1756154945834,2025-08-25 20:49:05
ETH,increased,45.8275,91.8045,199908.7205,398936.45475,1756155002217,2025-08-25 20:50:02
ETH,increased,91.8045,114.8459,398936.45475,500291.70958,1756155063915,2025-08-25 20:51:03
ETH,decreased,114.8459,0.0001,501532.0453,0.43756,1756155368027,2025-08-25 20:56:08
ETH,closed,0.0001,0.0,0.43682,0.0,1756155492500,2025-08-25 20:58:12
ETH,opened_long,,22.9621,,100022.9076,1756157402581,2025-08-25 21:30:02
ETH,decreased,22.9621,0.0001,100300.74901,0.43783,1756157882415,2025-08-25 21:38:02
LTC,increased,18345.16,18530.58,1978525.506,2000561.4168,1756160762413,2025-08-25 22:26:02
ETH,increased,0.0001,2.2867,0.43712,9999.7391,1756163702410,2025-08-25 23:15:02
ETH,increased,2.2867,6.8727,9989.90629,29979.40467,1756164245614,2025-08-25 23:24:05
ETH,increased,6.8727,29.8242,29958.0993,129848.60196,1756164425763,2025-08-25 23:27:05
ETH,decreased,29.8242,0.0001,130525.6113,0.43776,1756165325744,2025-08-25 23:42:05
ETH,increased,0.0001,22.9464,0.436,99947.63448,1756166945292,2025-08-26 00:09:05
ETH,increased,22.9464,45.9401,100005.00048,199697.02069,1756167062407,2025-08-26 00:11:02
ETH,increased,45.9401,68.955,199628.11054,299830.131,1756167185282,2025-08-26 00:13:05
ETH,decreased,68.955,0.144,300443.8305,627.84,1756167307843,2025-08-26 00:15:07
ETH,closed,0.144,0.0,628.3152,0.0,1756167431950,2025-08-26 00:17:11
ETH,opened_long,,24.2642,,105760.36854,1756168807842,2025-08-26 00:40:07
ETH,increased,24.2642,47.2527,105588.09272,205416.93744,1756169105320,2025-08-26 00:45:05
ETH,increased,47.2527,93.3303,205416.93744,403868.20719,1756169172417,2025-08-26 00:46:12
ETH,decreased,93.3303,0.3154,403868.20719,1372.21078,1756169222987,2025-08-26 00:47:02
ETH,increased,0.3154,23.3462,1373.0939,101324.84262,1756169586131,2025-08-26 00:53:06
ETH,increased,23.3462,46.4302,101324.84262,200819.90104,1756169642337,2025-08-26 00:54:02
ETH,increased,46.4302,69.5676,200903.4754,300650.29692,1756170062651,2025-08-26 01:01:02
ETH,increased,69.5676,92.7586,300650.29692,401598.3587,1756170130600,2025-08-26 01:02:10
ETH,decreased,92.7586,0.0001,401551.9794,0.43435,1756170308442,2025-08-26 01:05:08
WLFI,increased,6529979.0,6616876.0,1504703.06097,1525653.09932,1756171027731,2025-08-26 01:17:07
WLFI,increased,6616876.0,6660519.0,1520359.59852,1518931.35795,1756171205457,2025-08-26 01:20:05
WLFI,decreased,6660519.0,6420423.0,1631360.91867,1581478.59336,1756174084640,2025-08-26 02:08:04
WLFI,decreased,6420423.0,6099402.0,1581478.59336,1515030.46278,1756174145520,2025-08-26 02:09:05
WLFI,decreased,6099402.0,5429843.0,1515030.46278,1358546.7186,1756174205255,2025-08-26 02:10:05
WLFI,decreased,5429843.0,5158351.0,1350673.44625,1285615.81973,1756174562422,2025-08-26 02:16:02
WLFI,decreased,5158351.0,3681955.0,1285615.81973,927042.6299,1756174625849,2025-08-26 02:17:05
WLFI,decreased,3681955.0,3448773.0,925790.7652,867469.87269,1756174745900,2025-08-26 02:19:05
WLFI,decreased,3448773.0,2910595.0,867469.87269,735158.0851,1756174806732,2025-08-26 02:20:06
WLFI,decreased,2910595.0,2595413.0,735158.0851,658819.63592,1756174866304,2025-08-26 02:21:06
WLFI,decreased,2595413.0,1555239.0,658819.63592,397052.5167,1756174925393,2025-08-26 02:22:05
WLFI,decreased,1555239.0,1482227.0,397052.5167,376722.81432,1756174985099,2025-08-26 02:23:05
WLFI,decreased,1482227.0,1467405.0,376722.81432,369551.2752,1756175045852,2025-08-26 02:24:05
WLFI,increased,1467405.0,1548634.0,361744.6806,381645.36296,1756175285960,2025-08-26 02:28:05
WLFI,increased,1548634.0,1671266.0,381645.36296,407571.63942,1756175346452,2025-08-26 02:29:06
WLFI,increased,1671266.0,1712296.0,407571.63942,417166.67448,1756175405994,2025-08-26 02:30:05
WLFI,increased,1712296.0,1753341.0,417166.67448,429831.54615,1756175467656,2025-08-26 02:31:07
WLFI,decreased,1753341.0,1694645.0,434635.70049,423932.3932,1756177027658,2025-08-26 02:57:07
WLFI,decreased,1694645.0,1609913.0,425084.7518,404265.25343,1756177147432,2025-08-26 02:59:07
WLFI,decreased,1609913.0,1458757.0,405118.50732,368890.47016,1756177265541,2025-08-26 03:01:05
WLFI,decreased,1458757.0,1417224.0,368890.47016,359946.55152,1756177327151,2025-08-26 03:02:07
WLFI,decreased,1417224.0,1334477.0,359946.55152,338797.02076,1756177387549,2025-08-26 03:03:07
WLFI,decreased,1334477.0,1216213.0,338797.02076,310389.71973,1756177447080,2025-08-26 03:04:07
WLFI,decreased,1216213.0,1131079.0,308930.26413,286536.24307,1756177742425,2025-08-26 03:09:02
WLFI,decreased,1131079.0,1055147.0,285540.89355,266635.6469,1756177867610,2025-08-26 03:11:07
WLFI,decreased,1055147.0,938797.0,266635.6469,238538.92973,1756177926213,2025-08-26 03:12:06
WLFI,closed,938797.0,0.0,238538.92973,0.0,1756177986265,2025-08-26 03:13:06
LTC,increased,18530.58,18804.65,2030210.3448,2056100.431,1756178165222,2025-08-26 03:16:05
WLFI,opened_long,,40577.0,,10035.90941,1756205468351,2025-08-26 10:51:08
ETH,increased,0.0001,22.6245,0.44246,99984.45285,1756207393068,2025-08-26 11:23:13
ETH,increased,22.6245,45.2899,99898.47975,199764.69092,1756207934556,2025-08-26 11:32:14
WLFI,increased,40577.0,81393.0,9987.62278,19947.79644,1756208831060,2025-08-26 11:47:11
WLFI,increased,81393.0,122460.0,19901.40243,29915.7534,1756209066567,2025-08-26 11:51:06
WLFI,increased,122460.0,163919.0,29915.7534,39712.65613,1756209130947,2025-08-26 11:52:10
WLFI,increased,163919.0,205550.0,39594.63445,49397.776,1756209797216,2025-08-26 12:03:17
WLFI,increased,205550.0,247216.0,49301.1675,59235.42576,1756209905204,2025-08-26 12:05:05
WLFI,increased,247216.0,288882.0,59331.84,69453.01044,1756210027511,2025-08-26 12:07:07
ETH,decreased,45.2899,0.1289,200421.39447,570.7692,1756211530410,2025-08-26 12:32:10
WLFI,increased,288882.0,295333.0,68901.24582,70596.40032,1756213026557,2025-08-26 12:57:06
WLFI,increased,295333.0,297234.0,70596.40032,71208.34938,1756213082366,2025-08-26 12:58:02
WLFI,increased,297234.0,330761.0,71208.34938,79180.87579,1756213145541,2025-08-26 12:59:05
WLFI,increased,330761.0,372866.0,79763.01515,89014.30018,1756216205574,2025-08-26 13:50:05
WLFI,increased,372866.0,414824.0,88794.30924,98777.89088,1756221241264,2025-08-26 15:14:01
WLFI,decreased,414824.0,125942.0,103564.95984,31488.01884,1756227840460,2025-08-26 17:04:00
ETH,decreased,0.1289,0.0026,585.45091,11.79906,1756227899853,2025-08-26 17:04:59
WLFI,decreased,125942.0,1.0,31695.82314,0.25123,1756228259664,2025-08-26 17:10:59
ETH,closed,0.0026,0.0,11.81544,0.0,1756233601714,2025-08-26 18:40:01
LTC,closed,18804.65,0.0,2128310.287,0.0,1756233601714,2025-08-26 18:40:01
WLFI,closed,1.0,0.0,0.25187,0.0,1756233601714,2025-08-26 18:40:01
HYPE,decreased,133827.73,1936.86,6352802.3431,92153.86194,1756233601714,2025-08-26 18:40:01
HYPE,decreased,1936.86,1746.83,94441.2936,85004.24146,1756239621723,2025-08-26 20:20:21
HYPE,decreased,1746.83,1572.15,85937.04868,77294.75475,1756242402153,2025-08-26 21:06:42
HYPE,decreased,1572.15,872.15,78008.51085,43348.47145,1756245461393,2025-08-26 21:57:41
HYPE,decreased,872.15,264.0,43797.6287,13258.344,1756310822467,2025-08-27 16:07:02
ETH,opened_long,,0.0026,,12.05906,1756319037625,2025-08-27 18:23:57
LTC,opened_long,,18804.65,,2151063.9135,1756319037625,2025-08-27 18:23:57
HYPE,increased,264.0,33191.16,13316.424,1675456.56564,1756319037625,2025-08-27 18:23:57
WLFI,opened_long,,1.0,,0.29813,1756319037625,2025-08-27 18:23:57
ETH,increased,0.0026,21.7824,11.93608,100016.06784,1756321242848,2025-08-27 19:00:42
ETH,increased,21.7824,43.6164,99874.48224,199841.62152,1756321585015,2025-08-27 19:06:25
ETH,increased,43.6164,65.4743,199767.47364,299296.12016,1756321622567,2025-08-27 19:07:02
ETH,increased,65.4743,87.3801,299296.12016,399047.44068,1756321642235,2025-08-27 19:07:22
ETH,increased,87.3801,109.3099,400008.62178,498409.42004,1756321962569,2025-08-27 19:12:42
LTC,decreased,18804.65,17923.6,2135644.1005,2035224.78,1756323425020,2025-08-27 19:37:05
LTC,decreased,17923.6,17759.26,2034507.836,2016386.3804,1756323686360,2025-08-27 19:41:26
LTC,decreased,17759.26,17750.05,2016208.7878,2014985.676,1756323725690,2025-08-27 19:42:05
ETH,increased,109.3099,131.2205,499010.62449,598864.1179,1756324128156,2025-08-27 19:48:48
LTC,decreased,17750.05,17093.33,2010725.664,1936503.3557,1756324446783,2025-08-27 19:54:06
LTC,decreased,17093.33,17003.84,1935819.6225,1926365.0336,1756324511052,2025-08-27 19:55:11
ETH,increased,131.2205,153.1503,598509.82255,698150.95758,1756324902937,2025-08-27 20:01:42
ETH,increased,153.1503,175.1041,697706.82171,797248.9673,1756325026056,2025-08-27 20:03:46
ETH,increased,175.1041,197.0821,797336.51935,896762.97142,1756325065454,2025-08-27 20:04:25
ETH,increased,197.0821,219.0697,896802.38784,995759.41438,1756325142649,2025-08-27 20:05:42
LTC,decreased,17003.84,16116.53,1911911.7696,1816171.7657,1756325182705,2025-08-27 20:06:22
ETH,increased,219.0697,285.1687,994488.81012,1295350.30288,1756325230888,2025-08-27 20:07:10
ETH,increased,285.1687,307.1907,1294922.54983,1395997.41708,1756325382464,2025-08-27 20:09:42
LTC,decreased,16116.53,15230.8,1818911.5758,1719557.32,1756325462516,2025-08-27 20:11:02
ETH,decreased,307.1907,232.3237,1401004.62549,1060325.3668,1756325724362,2025-08-27 20:15:24
ETH,decreased,232.3237,124.2936,1060325.3668,567126.83808,1756325743230,2025-08-27 20:15:43
LTC,decreased,15230.8,15142.35,1721385.016,1712145.5145,1756325802573,2025-08-27 20:16:42
ETH,decreased,124.2936,0.0001,567275.9904,0.45672,1756325829772,2025-08-27 20:17:09
LTC,decreased,15142.35,15137.38,1713811.173,1714611.0326,1756325844638,2025-08-27 20:17:24
LTC,decreased,15137.38,15005.95,1714611.0326,1700024.0755,1756325862172,2025-08-27 20:17:42
LTC,decreased,15005.95,14594.6,1703925.6225,1657362.776,1756325982673,2025-08-27 20:19:42
LTC,decreased,14594.6,14125.36,1657362.776,1603228.36,1756326010013,2025-08-27 20:20:10
LTC,decreased,14125.36,13705.13,1603228.36,1555669.3063,1756326025489,2025-08-27 20:20:25
LTC,decreased,13705.13,13244.31,1555669.3063,1506540.2625,1756326043015,2025-08-27 20:20:43
LTC,decreased,13244.31,13175.46,1509189.1245,1502002.44,1756327465019,2025-08-27 20:44:25
LTC,decreased,13175.46,13119.22,1502002.44,1495459.8878,1756327485366,2025-08-27 20:44:45
LTC,decreased,13119.22,13100.05,1495459.8878,1492095.695,1756327506166,2025-08-27 20:45:06
LTC,decreased,13100.05,12221.32,1490523.689,1390664.0028,1756327882589,2025-08-27 20:51:22
LTC,decreased,12221.32,12157.62,1390175.15,1382929.275,1756328562281,2025-08-27 21:02:42
LTC,decreased,12157.62,11342.28,1382199.8178,1290184.35,1756328605210,2025-08-27 21:03:25
LTC,decreased,11342.28,10463.55,1290638.0412,1191693.7095,1756328765676,2025-08-27 21:06:05
LTC,decreased,10463.55,9730.62,1192321.5225,1110166.4358,1756328802443,2025-08-27 21:06:42
LTC,decreased,9730.62,9720.67,1109874.5172,1108350.7934,1756329103476,2025-08-27 21:11:43
ETH,increased,0.0001,22.0299,0.45394,100009.13703,1756330942277,2025-08-27 21:42:22
ETH,increased,22.0299,44.1293,99718.34235,199455.61014,1756331562361,2025-08-27 21:52:42
HYPE,increased,33191.16,34977.47,1591516.122,1676505.11457,1756331622391,2025-08-27 21:53:42
ETH,increased,44.1293,66.2629,199601.23683,299309.5193,1756331645437,2025-08-27 21:54:05
HYPE,increased,34977.47,37366.78,1676505.11457,1786281.55112,1756331645437,2025-08-27 21:54:05
ETH,increased,66.2629,88.4162,299382.40849,399402.50026,1756331842318,2025-08-27 21:57:22
HYPE,increased,37366.78,39469.82,1779406.0636,1878092.44506,1756332244784,2025-08-27 22:04:04
ETH,increased,88.4162,110.6236,398155.83184,497938.94832,1756332266109,2025-08-27 22:04:26
ETH,increased,110.6236,132.8735,497009.71008,596974.0608,1756332384407,2025-08-27 22:06:24
ETH,increased,132.8735,155.1546,596442.5668,696520.03032,1756332445370,2025-08-27 22:07:25
ETH,increased,155.1546,177.4278,696520.03032,796171.76694,1756332462640,2025-08-27 22:07:42
HYPE,increased,39469.82,40272.27,1871106.28692,1909670.77113,1756332488155,2025-08-27 22:08:08
ETH,increased,177.4278,199.7005,796650.822,897294.2866,1756332504774,2025-08-27 22:08:24
ETH,decreased,199.7005,0.8135,901627.78745,3674.4168,1756333962238,2025-08-27 22:32:42
ETH,decreased,0.8135,0.0163,3676.0438,73.61732,1756334024583,2025-08-27 22:33:44
LTC,decreased,9720.67,9707.84,1095422.3023,1093976.4896,1756336398723,2025-08-27 23:13:18
LTC,decreased,9707.84,9703.06,1093782.3328,1093243.7702,1756336459020,2025-08-27 23:14:19
LTC,decreased,9703.06,9653.15,1093243.7702,1087910.005,1756336473613,2025-08-27 23:14:33
HYPE,increased,40272.27,42389.56,1905804.63321,2004559.90284,1756336559944,2025-08-27 23:15:59
LTC,decreased,9653.15,9645.8,1087620.4105,1086888.744,1756336619303,2025-08-27 23:16:59
LTC,decreased,9645.8,9643.6,1086888.744,1086158.668,1756336639541,2025-08-27 23:17:19
LTC,decreased,9643.6,9640.41,1086351.54,1086184.9947,1756336699652,2025-08-27 23:18:19
LTC,decreased,9640.41,9073.68,1086184.9947,1022512.9992,1756336719572,2025-08-27 23:18:39
LTC,decreased,9073.68,9073.08,1022512.9992,1022082.462,1756336739544,2025-08-27 23:18:59
HYPE,increased,42389.56,44504.61,2006128.31656,2103154.35477,1756336739544,2025-08-27 23:18:59
HYPE,increased,44504.61,46625.95,2101463.17959,2198320.2906,1756336888954,2025-08-27 23:21:28
LTC,decreased,9073.08,9066.68,1021810.2696,1021724.1692,1756337216133,2025-08-27 23:26:56
LTC,decreased,9066.68,8833.36,1021361.502,995961.34,1756337453662,2025-08-27 23:30:53
HYPE,increased,46625.95,46649.43,2199579.19125,2200593.56139,1756337617372,2025-08-27 23:33:37
HYPE,increased,46649.43,48746.39,2200593.56139,2297319.86792,1756337637257,2025-08-27 23:33:57
HYPE,increased,48746.39,50871.78,2293712.63506,2393720.73612,1756337965013,2025-08-27 23:39:25
LTC,decreased,8833.36,8830.18,991809.6608,991452.6104,1756338071888,2025-08-27 23:41:11
HYPE,increased,50871.78,53003.97,2390007.09618,2489331.45105,1756338477711,2025-08-27 23:47:57
LTC,decreased,8830.18,7942.89,991364.3086,892383.6915,1756339478972,2025-08-28 00:04:38
HYPE,increased,53003.97,53104.95,2479101.68484,2481753.62835,1756340527606,2025-08-28 00:22:07
HYPE,increased,53104.95,55145.29,2481966.04815,2576222.51293,1756340649019,2025-08-28 00:24:09
ETH,increased,0.0163,22.3776,72.98488,100007.73216,1756341295124,2025-08-28 00:34:55
ETH,decreased,22.3776,0.008,100757.38176,36.0224,1756342015755,2025-08-28 00:46:55
LTC,decreased,7942.89,7881.06,896116.8498,888904.7574,1756345165662,2025-08-28 01:39:25
LTC,decreased,7881.06,7737.87,888904.7574,872754.3573,1756345270853,2025-08-28 01:41:10
LTC,decreased,7737.87,7504.62,872754.3573,846521.136,1756345285601,2025-08-28 01:41:25
LTC,decreased,7504.62,7056.37,846521.136,796029.0997,1756345304686,2025-08-28 01:41:44
LTC,decreased,7056.37,6466.4,796170.2271,729668.576,1756350521115,2025-08-28 03:08:41
LTC,decreased,6466.4,6462.4,729409.92,729281.84,1756350665083,2025-08-28 03:11:05
LTC,decreased,6462.4,6366.78,729087.968,718236.4518,1756350700219,2025-08-28 03:11:40
LTC,decreased,6366.78,6332.07,718236.4518,714510.7788,1756350726022,2025-08-28 03:12:06
LTC,decreased,6332.07,6170.24,714510.7788,696990.3104,1756350747091,2025-08-28 03:12:27
LTC,decreased,6170.24,6067.42,703407.36,692292.622,1756356622468,2025-08-28 04:50:22
LTC,decreased,6067.42,5981.2,692292.622,682275.484,1756356636971,2025-08-28 04:50:36
LTC,decreased,5981.2,5675.05,682275.484,647125.9515,1756356662116,2025-08-28 04:51:02
LTC,decreased,5675.05,5673.05,647352.9535,646954.622,1756356756939,2025-08-28 04:52:36
LTC,decreased,5673.05,5654.16,647011.3525,645083.1144,1756356794858,2025-08-28 04:53:14
LTC,decreased,5654.16,5610.31,645083.1144,640136.371,1756356819543,2025-08-28 04:53:39
LTC,decreased,5610.31,5581.31,639799.7524,636548.4055,1756357364535,2025-08-28 05:02:44
LTC,decreased,5581.31,5580.31,636548.4055,636713.371,1756357383942,2025-08-28 05:03:03
LTC,decreased,5580.31,5303.77,636713.371,605160.157,1756357403260,2025-08-28 05:03:23
PUMP,opened_long,,1238333.0,,3951.520603,1756384149926,2025-08-28 12:29:09
WLFI,closed,1.0,0.0,0.30443,0.0,1756384169611,2025-08-28 12:29:29
PUMP,increased,1238333.0,1249274.0,3951.520603,3988.931882,1756384169611,2025-08-28 12:29:29
PUMP,increased,1249274.0,1260222.0,3988.931882,4025.149068,1756384191179,2025-08-28 12:29:51
PUMP,increased,1260222.0,1583274.0,4027.669512,5053.810608,1756384275481,2025-08-28 12:31:15
PUMP,increased,1583274.0,4190005.0,5053.810608,13387.065975,1756384290375,2025-08-28 12:31:30
PUMP,increased,4190005.0,31328320.0,13382.87597,100093.9824,1756388960924,2025-08-28 13:49:20
PUMP,increased,31328320.0,50104113.0,100031.32576,159531.495792,1756389055555,2025-08-28 13:50:55
PUMP,increased,50104113.0,62774860.0,159481.391679,199561.27994,1756389115661,2025-08-28 13:51:55
ETH,increased,0.008,22.0733,36.2592,99886.09716,1756394657565,2025-08-28 15:24:17
ETH,increased,22.0733,44.1825,99886.09716,200031.8505,1756394706473,2025-08-28 15:25:06
ETH,increased,44.1825,66.3308,199629.78975,299556.52588,1756394816468,2025-08-28 15:26:56
PUMP,increased,62774860.0,69024221.0,199686.82966,218875.804791,1756395841841,2025-08-28 15:44:01
ETH,increased,66.3308,88.5135,299244.77112,399178.1823,1756396013732,2025-08-28 15:46:53
ETH,increased,88.5135,110.7604,397505.27715,497867.998,1756396205055,2025-08-28 15:50:05
PUMP,increased,69024221.0,94370436.0,218668.732128,298116.207324,1756396205055,2025-08-28 15:50:05
ETH,increased,110.7604,133.0569,497867.998,597425.481,1756396248765,2025-08-28 15:50:48
ETH,increased,133.0569,155.3296,597332.34117,697460.96992,1756396344930,2025-08-28 15:52:24
PUMP,increased,94370436.0,189830767.0,296606.280348,596068.60838,1756396461030,2025-08-28 15:54:21
ETH,decreased,155.3296,150.9272,701080.1496,681255.19536,1756397216676,2025-08-28 16:06:56
ETH,decreased,150.9272,0.3303,681255.19536,1491.20541,1756397270649,2025-08-28 16:07:50
HYPE,increased,55145.29,57240.84,2633022.16163,2732563.21992,1756397703055,2025-08-28 16:15:03
HYPE,increased,57240.84,59336.39,2732563.21992,2832303.90387,1756397729171,2025-08-28 16:15:29
HYPE,increased,59336.39,61015.07,2829337.08437,2907673.16085,1756398138522,2025-08-28 16:22:18
HYPE,increased,61015.07,61435.02,2907673.16085,2927563.00806,1756398162384,2025-08-28 16:22:42
HYPE,increased,61435.02,63542.5,2916689.00952,3015536.4225,1756400046283,2025-08-28 16:54:06
ETH,increased,0.3303,22.5836,1484.86365,101334.87156,1756400145729,2025-08-28 16:55:45
ETH,increased,22.5836,67.1602,101334.87156,301455.27372,1756400164167,2025-08-28 16:56:04
PUMP,increased,189830767.0,210194203.0,597966.91605,662321.933653,1756400164167,2025-08-28 16:56:04
PUMP,increased,210194203.0,210217207.0,662321.933653,662394.419257,1756400212071,2025-08-28 16:56:52
PUMP,increased,210217207.0,210263197.0,662394.419257,662329.07055,1756400250560,2025-08-28 16:57:30
PUMP,increased,210263197.0,221576798.0,662329.07055,696637.452912,1756400292713,2025-08-28 16:58:12
ETH,increased,67.1602,89.4816,301126.18874,400635.96768,1756400328341,2025-08-28 16:58:48
ETH,increased,89.4816,156.6056,400635.96768,699165.7012,1756400387699,2025-08-28 16:59:47
PUMP,increased,221576798.0,253423931.0,695751.14572,796004.567271,1756400587516,2025-08-28 17:03:07
HYPE,increased,63542.5,65674.69,2982748.4925,3077844.34685,1756400695447,2025-08-28 17:04:55
HYPE,increased,65674.69,74227.2,3077844.34685,3460175.1552,1756400739231,2025-08-28 17:05:39
HYPE,increased,74227.2,82826.09,3460175.1552,3850087.96756,1756400781369,2025-08-28 17:06:21
HYPE,increased,82826.09,87148.72,3850087.96756,4056424.32112,1756400832867,2025-08-28 17:07:12
HYPE,increased,87148.72,89312.28,4051369.69536,4127745.64476,1756401071487,2025-08-28 17:11:11
PUMP,increased,253423931.0,285423931.0,791442.936513,891378.936513,1756401071487,2025-08-28 17:11:11
HYPE,increased,89312.28,89626.24,4137391.371,4144855.09504,1756401177259,2025-08-28 17:12:57
HYPE,increased,89626.24,95810.47,4144855.09504,4415042.26807,1756401212966,2025-08-28 17:13:32
ETH,decreased,156.6056,32.3525,702955.55672,145243.3135,1756402104289,2025-08-28 17:28:24
ETH,decreased,32.3525,0.5755,145139.7855,2582.9591,1756402827794,2025-08-28 17:40:27
ETH,increased,0.5755,22.9253,2574.95965,102581.54738,1756408038602,2025-08-28 19:07:18
ETH,increased,22.9253,45.3468,102343.12426,202382.7684,1756410069383,2025-08-28 19:41:09
HYPE,increased,95810.47,100153.57,4420790.89627,4611671.28422,1756410119523,2025-08-28 19:41:59
ETH,increased,45.3468,67.7985,202296.60948,301886.38095,1756410210208,2025-08-28 19:43:30
HYPE,increased,100153.57,102326.06,4616779.11629,4714673.2145,1756410210208,2025-08-28 19:43:30
HYPE,increased,102326.06,104499.97,4714673.2145,4807834.61976,1756410252301,2025-08-28 19:44:12
ETH,increased,67.7985,90.2653,301933.8399,401951.3809,1756410288675,2025-08-28 19:44:48
HYPE,increased,104499.97,105051.38,4807834.61976,4838456.46004,1756410288675,2025-08-28 19:44:48
HYPE,increased,105051.38,106673.88,4836565.5352,4904438.30688,1756410671111,2025-08-28 19:51:11
ETH,increased,90.2653,112.7473,401734.74418,501511.26513,1756410991534,2025-08-28 19:56:31
ETH,increased,112.7473,135.2495,501477.44094,599168.80995,1756411216079,2025-08-28 20:00:16
ETH,increased,135.2495,180.3702,599168.80995,799328.57832,1756411261266,2025-08-28 20:01:01
ETH,decreased,180.3702,0.2711,801980.02026,1208.88912,1756413507782,2025-08-28 20:38:27
HYPE,increased,106673.88,108845.8,4911478.78296,5012240.2442,1756418360514,2025-08-28 21:59:20
HYPE,increased,108845.8,111019.14,5008321.7954,5110099.99506,1756418594271,2025-08-28 22:03:14
HYPE,increased,111019.14,113189.13,5114873.81808,5220961.81038,1756419682939,2025-08-28 22:21:22
PUMP,decreased,285423931.0,263059426.0,974722.724365,899137.118068,1756420067012,2025-08-28 22:27:47
PUMP,decreased,263059426.0,160777711.0,899137.118068,551306.771019,1756420093310,2025-08-28 22:28:13
PUMP,decreased,160777711.0,95711541.0,551306.771019,326567.777892,1756420108199,2025-08-28 22:28:28
PUMP,decreased,95711541.0,85348516.0,327716.316384,292318.6673,1756420154178,2025-08-28 22:29:14
PUMP,decreased,85348516.0,1.0,292318.6673,0.003431,1756420168970,2025-08-28 22:29:28
HYPE,increased,113189.13,113407.48,5183948.96487,5193949.17652,1756420754261,2025-08-28 22:39:14
HYPE,increased,113407.48,115590.69,5193949.17652,5294631.55545,1756420776154,2025-08-28 22:39:36
HYPE,increased,115590.69,117770.76,5302491.72237,5402498.07348,1756421001843,2025-08-28 22:43:21
ETH,increased,0.2711,23.2564,1179.44766,101116.50156,1756465283855,2025-08-29 11:01:23
HYPE,increased,117770.76,120034.02,5202994.40604,5304423.37782,1756467509122,2025-08-29 11:38:29
HYPE,increased,120034.02,122296.36,5304423.37782,5402319.40664,1756467556410,2025-08-29 11:39:16
HYPE,increased,122296.36,126821.69,5404887.6302,5607167.37997,1756467773070,2025-08-29 11:42:53
HYPE,increased,126821.69,129082.39,5607167.37997,5709185.02731,1756467817796,2025-08-29 11:43:37
HYPE,increased,129082.39,131342.99,5710734.01599,5811139.24956,1756468256280,2025-08-29 11:50:56
ETH,decreased,23.2564,0.0001,101467.6732,0.4394,1756470613234,2025-08-29 12:30:13
ETH,increased,0.0001,11.5956,0.43237,49977.036,1756476302672,2025-08-29 14:05:02
ETH,increased,11.5956,23.21,50048.92872,99949.223,1756476349373,2025-08-29 14:05:49
ETH,increased,23.21,58.1713,99949.223,249438.5344,1756476396377,2025-08-29 14:06:36
ETH,increased,58.1713,116.6695,249438.5344,498622.1091,1756476438931,2025-08-29 14:07:18
HYPE,increased,131342.99,133611.18,5790518.40013,5887843.86906,1756476549249,2025-08-29 14:09:09
ETH,increased,116.6695,140.0876,498750.44555,598468.23596,1756476966199,2025-08-29 14:16:06
ETH,decreased,140.0876,23.9284,601858.35588,102937.58396,1756477239430,2025-08-29 14:20:39
ETH,closed,23.9284,0.0,102937.58396,0.0,1756477284877,2025-08-29 14:21:24
ETH,opened_long,,23.3918,,99967.19648,1756479550385,2025-08-29 14:59:10
ETH,decreased,23.3918,0.0131,100416.31904,56.31297,1756479932418,2025-08-29 15:05:32
ETH,flipped,0.0131,-23.1082,56.63916,99954.5191,1756480440803,2025-08-29 15:14:00
ETH,increased,-23.1082,-46.1231,100340.42604,200414.09412,1756480579948,2025-08-29 15:16:19
ETH,decreased,-46.1231,-41.5165,198961.21647,179019.148,1756481559678,2025-08-29 15:32:39
ETH,decreased,-41.5165,-0.0001,179019.148,0.4311,1756481579791,2025-08-29 15:32:59
ETH,increased,-0.0001,-16.0652,0.43374,69702.08324,1756484192928,2025-08-29 16:16:32
ETH,increased,-16.0652,-23.0468,69702.08324,99993.15116,1756484212092,2025-08-29 16:16:52
ETH,increased,-23.0468,-46.0405,100168.30684,200262.36285,1756495697377,2025-08-29 19:28:17
ETH,increased,-46.0405,-68.971,200676.72735,301037.7237,1756496921504,2025-08-29 19:48:41
ETH,decreased,-68.971,-0.0001,298044.3823,0.432,1756500999181,2025-08-29 20:56:39
ETH,increased,-0.0001,-22.8833,0.43688,100169.35742,1756503697490,2025-08-29 21:41:37
ETH,decreased,-22.8833,-0.0001,99475.99343,0.43468,1756505658897,2025-08-29 22:14:18
BTC,opened_long,,4.61302,,499862.23418,1756508834407,2025-08-29 23:07:14
BTC,increased,4.61302,6.45974,499903.75136,699693.19784,1756511932351,2025-08-29 23:58:52
ETH,increased,-0.0001,-22.7325,0.43986,99957.07575,1756552292042,2025-08-30 11:11:32
ETH,decreased,-22.7325,-0.0001,98959.119,0.43516,1756557655335,2025-08-30 12:40:55
ETH,flipped,-0.0001,23.0573,0.43384,99976.4528,1756586549555,2025-08-30 20:42:29
ETH,decreased,23.0573,0.0011,100675.08899,4.80458,1756595530564,2025-08-30 23:12:10
BTC,decreased,6.45974,1e-05,704292.53272,1.09146,1756600969903,2025-08-31 00:42:49
BTC,flipped,1e-05,-0.91616,1.09116,100073.07296,1756601047765,2025-08-31 00:44:07
BTC,increased,-0.91616,-1.8309,100139.03648,200126.5245,1756601290944,2025-08-31 00:48:10
ETH,flipped,0.0011,-9.1317,4.88114,40531.05045,1756601548033,2025-08-31 00:52:28
ETH,increased,-9.1317,-22.5214,40531.05045,100017.5374,1756601567080,2025-08-31 00:52:47
ETH,increased,-22.5214,-44.9983,100109.87514,200260.43432,1756601681172,2025-08-31 00:54:41
ETH,increased,-44.9983,-67.4399,200215.43602,300957.29774,1756601776515,2025-08-31 00:56:16
ETH,decreased,-67.4399,-29.0591,299925.46727,129196.7586,1756602844912,2025-08-31 01:14:04
ETH,decreased,-29.0591,-0.0001,129196.7586,0.4444,1756602863736,2025-08-31 01:14:23
ETH,increased,-0.0001,-44.7427,0.44681,200004.34327,1756612218186,2025-08-31 03:50:18
BTC,decreased,-1.8309,-1.7511,199663.3068,190959.2061,1756631736345,2025-08-31 09:15:36
BTC,decreased,-1.7511,-1e-05,190959.2061,1.09052,1756631754680,2025-08-31 09:15:54
ETH,decreased,-44.7427,-43.8928,199937.22922,196139.36608,1756632019191,2025-08-31 09:20:19
ETH,decreased,-43.8928,-0.0001,196121.80896,0.44666,1756632370078,2025-08-31 09:26:10
BTC,flipped,-1e-05,0.91986,1.08705,99967.62522,1756633550055,2025-08-31 09:45:50
BTC,increased,0.91986,1.8405,99917.03292,199896.705,1756633734406,2025-08-31 09:48:54
BTC,increased,1.8405,2.76156,199815.723,299794.9536,1756634166660,2025-08-31 09:56:06
BTC,increased,2.76156,3.68338,299598.88284,399536.2286,1756634349567,2025-08-31 09:59:09
BTC,increased,3.68338,4.6052,399584.11254,499512.2284,1756634507385,2025-08-31 10:01:47
BTC,increased,4.6052,5.52753,499590.5168,599267.16495,1756634721728,2025-08-31 10:05:21
BTC,increased,5.52753,6.45012,599134.50423,699122.05668,1756635566576,2025-08-31 10:19:26
PUMP,increased,1.0,3653026.0,0.003299,12051.332774,1756644103920,2025-08-31 12:41:43
PUMP,increased,3653026.0,11554001.0,12051.332774,38139.757301,1756644139851,2025-08-31 12:42:19
PUMP,increased,11554001.0,15733531.0,38139.757301,51920.6523,1756644174568,2025-08-31 12:42:54
PUMP,increased,15733531.0,16575689.0,51920.6523,54749.500767,1756644213206,2025-08-31 12:43:33
PUMP,increased,16575689.0,17569339.0,54749.500767,57978.8187,1756644395302,2025-08-31 12:46:35
PUMP,increased,17569339.0,24233477.0,57978.8187,79970.4741,1756644431248,2025-08-31 12:47:11
PUMP,increased,24233477.0,28751382.0,79970.4741,95138.323038,1756644467258,2025-08-31 12:47:47
BTC,increased,6.45012,7.37348,698799.55068,798665.85968,1756645321149,2025-08-31 13:02:01
BTC,decreased,7.37348,0.92337,800560.84404,100302.91299,1756652607255,2025-08-31 15:03:27
BTC,decreased,0.92337,9e-05,100416.4875,9.78831,1756656408329,2025-08-31 16:06:48
ETH,flipped,-0.0001,44.7386,0.4472,199932.32954,1756658836446,2025-08-31 16:47:16
ETH,increased,44.7386,89.5314,199802.5876,399650.26332,1756658983990,2025-08-31 16:49:43
PUMP,increased,28751382.0,49375181.0,95224.577184,163382.473929,1756661115702,2025-08-31 17:25:15
PUMP,increased,49375181.0,58962862.0,163382.473929,195108.110358,1756661150721,2025-08-31 17:25:50
ETH,increased,89.5314,134.4237,398925.05898,599328.06645,1756670207597,2025-08-31 19:56:47
ETH,increased,134.4237,179.3271,599341.50882,798615.30714,1756670283457,2025-08-31 19:58:03
ETH,increased,179.3271,224.2507,798722.9034,998027.74035,1756670440719,2025-08-31 20:00:40
ETH,increased,224.2507,269.2147,998027.74035,1196551.65562,1756670498443,2025-08-31 20:01:38
ETH,increased,269.2147,278.788,1196551.65562,1240049.024,1756670539769,2025-08-31 20:02:19
ETH,increased,278.788,281.0769,1240801.7516,1251213.82035,1756671776245,2025-08-31 20:22:56
ETH,increased,281.0769,301.2599,1251213.82035,1340998.19287,1756671813987,2025-08-31 20:23:33
ETH,increased,301.2599,313.2754,1340124.53916,1393793.58214,1756672874656,2025-08-31 20:41:14
ETH,decreased,313.2754,304.8957,1398085.45512,1361176.36308,1756675919295,2025-08-31 21:31:59
ETH,decreased,304.8957,0.0001,1361176.36308,0.44657,1756675964615,2025-08-31 21:32:44
ETH,increased,0.0001,22.4367,0.44587,100004.85924,1756677776283,2025-08-31 22:02:56
PUMP,decreased,58962862.0,55230411.0,200827.507972,188004.319044,1756678101731,2025-08-31 22:08:21
PUMP,decreased,55230411.0,7071170.0,188225.240688,24006.62215,1756678247188,2025-08-31 22:10:47
ETH,decreased,22.4367,20.0225,100150.69779,89394.45575,1756678320737,2025-08-31 22:12:00
ETH,decreased,20.0225,0.0086,89386.44675,38.40416,1756678507263,2025-08-31 22:15:07
PUMP,decreased,7071170.0,2863120.0,24070.26268,9760.37608,1756678795383,2025-08-31 22:19:55
PUMP,decreased,2863120.0,3.0,9760.37608,0.010257,1756678814818,2025-08-31 22:20:14
ETH,increased,0.0086,22.4653,38.29838,100028.99478,1756679979697,2025-08-31 22:39:39
ETH,increased,22.4653,44.9372,99975.07806,199853.70328,1756680168955,2025-08-31 22:42:48
ETH,increased,44.9372,67.4343,199880.6656,299637.56862,1756680209982,2025-08-31 22:43:29
ETH,increased,67.4343,99.1258,299765.69379,440227.59038,1756680263606,2025-08-31 22:44:23
ETH,increased,99.1258,112.4692,440227.59038,499352.00108,1756680280877,2025-08-31 22:44:40
ETH,increased,112.4692,157.5345,499340.75416,698964.82305,1756680396619,2025-08-31 22:46:36
ETH,increased,157.5345,202.6303,698649.75405,898665.3805,1756680473111,2025-08-31 22:47:53
ETH,increased,202.6303,225.1832,899435.37564,998169.57064,1756681368559,2025-08-31 23:02:48
ETH,increased,225.1832,270.3299,998169.57064,1197101.89617,1756681410647,2025-08-31 23:03:30
ETH,increased,270.3299,315.5531,1196750.4673,1393955.81925,1756682281588,2025-08-31 23:18:01
ETH,increased,315.5531,338.1877,1393955.81925,1494045.62106,1756682326989,2025-08-31 23:18:46
ETH,increased,338.1877,406.071,1494011.80229,1794468.3561,1756682436392,2025-08-31 23:20:36
ETH,increased,406.071,428.7,1794468.3561,1894811.13,1756682478589,2025-08-31 23:21:18
ETH,increased,428.7,474.0102,1894811.13,2091901.81464,1756682512396,2025-08-31 23:21:52
ETH,increased,474.0102,496.7101,2087446.11876,2188157.00353,1756682948634,2025-08-31 23:29:08
ETH,increased,496.7101,610.209,2188157.00353,2688946.9794,1756682984340,2025-08-31 23:29:44
ETH,increased,610.209,678.4181,2684980.6209,2984293.38009,1756683056693,2025-08-31 23:30:56
ETH,increased,678.4181,769.3425,2984293.38009,3381721.893,1756683102378,2025-08-31 23:31:42
ETH,increased,769.3425,883.1136,3381721.893,3882079.07424,1756683136225,2025-08-31 23:32:16
ETH,increased,883.1136,951.3645,3882079.07424,4180961.56815,1756683171829,2025-08-31 23:32:51
ETH,increased,951.3645,974.1077,4180961.56815,4282274.85997,1756683207690,2025-08-31 23:33:27
ETH,increased,974.1077,996.8608,4282274.85997,4379807.61088,1756683245590,2025-08-31 23:34:05
ETH,increased,996.8608,1133.5214,4379807.61088,4973098.43822,1756683281218,2025-08-31 23:34:41
ETH,increased,1133.5214,1224.5783,4981259.7923,5375286.44785,1756683428397,2025-08-31 23:37:08
ETH,increased,1224.5783,1315.7203,5375286.44785,5771801.81204,1756683464320,2025-08-31 23:37:44
ETH,increased,1315.7203,1361.3074,5771801.81204,5976684.00896,1756683500157,2025-08-31 23:38:20
ETH,increased,1361.3074,1406.9163,5969469.07974,6166092.06801,1756683609628,2025-08-31 23:40:09
ETH,increased,1406.9163,1452.5586,6166092.06801,6364966.52934,1756683644764,2025-08-31 23:40:44
ETH,increased,1452.5586,1498.2081,6365547.55278,6561252.55314,1756683715940,2025-08-31 23:41:55
ETH,increased,1498.2081,1543.8524,6569342.87688,6764698.06108,1756685076357,2025-09-01 00:04:36
ETH,increased,1543.8524,1612.382,6764698.06108,7049172.8658,1756685112368,2025-09-01 00:05:12
ETH,increased,1612.382,1658.1317,7049172.8658,7264274.9777,1756685149195,2025-09-01 00:05:49
ETH,increased,1658.1317,1680.969,7260627.08796,7357265.1192,1756686337627,2025-09-01 00:25:37
ETH,increased,1680.969,1726.7056,7357265.1192,7538623.97904,1756686374789,2025-09-01 00:26:14
ETH,increased,1726.7056,1749.6088,7538623.97904,7645790.456,1756686412476,2025-09-01 00:26:52
ETH,increased,1749.6088,1795.3539,7653838.65648,7846055.61378,1756686588169,2025-09-01 00:29:48
ETH,increased,1795.3539,1841.1487,7849287.2508,8035325.27141,1756686891619,2025-09-01 00:34:51
ETH,increased,1841.1487,1864.0519,8035325.27141,8136213.73312,1756686927520,2025-09-01 00:35:27
ETH,increased,1864.0519,1886.9671,8136213.73312,8234347.03098,1756686962059,2025-09-01 00:36:02
ETH,increased,1886.9671,1955.7432,8234347.03098,8536623.49368,1756687000992,2025-09-01 00:36:40
ETH,decreased,1955.7432,1262.8086,8603118.76248,5562545.60214,1756687618205,2025-09-01 00:46:58
ETH,decreased,1262.8086,0.0001,5562545.60214,0.44056,1756687655672,2025-09-01 00:47:35
ETH,increased,0.0001,22.7015,0.44071,99916.11195,1756723142743,2025-09-01 10:39:02
ETH,increased,22.7015,45.4236,99916.11195,199909.2636,1756723162222,2025-09-01 10:39:22
ETH,increased,45.4236,68.1767,199627.63728,299520.69611,1756723205035,2025-09-01 10:40:05
ETH,increased,68.1767,90.9453,299520.69611,399931.95675,1756723247374,2025-09-01 10:40:47
ETH,increased,90.9453,113.7347,399549.98649,499340.82688,1756723726299,2025-09-01 10:48:46
WLFI,opened_long,,32842.0,,9948.82706,1756724318553,2025-09-01 10:58:38
WLFI,increased,32842.0,131787.0,9948.82706,40056.65865,1756724356506,2025-09-01 10:59:16
WLFI,increased,131787.0,231603.0,39815.48844,69839.88465,1756724481276,2025-09-01 11:01:21
WLFI,increased,231603.0,264938.0,69839.88465,79597.97272,1756724516394,2025-09-01 11:01:56
WLFI,increased,264938.0,298378.0,79733.0911,89277.68138,1756724588723,2025-09-01 11:03:08
WLFI,increased,298378.0,365274.0,89277.68138,109078.12188,1756724624528,2025-09-01 11:03:44
ETH,decreased,113.7347,0.0362,501456.2923,159.66734,1756724698698,2025-09-01 11:04:58
WLFI,increased,365274.0,538287.0,107810.6211,153707.85285,1756724793964,2025-09-01 11:06:33
WLFI,increased,538287.0,643025.0,153707.85285,184194.51125,1756724809014,2025-09-01 11:06:49
WLFI,increased,643025.0,712692.0,184194.51125,205718.5458,1756724827933,2025-09-01 11:07:07
WLFI,increased,712692.0,747384.0,205718.5458,216741.36,1756724846930,2025-09-01 11:07:26
WLFI,increased,747384.0,815917.0,217324.31952,238908.65677,1756725272659,2025-09-01 11:14:32
WLFI,increased,815917.0,885001.0,236877.02344,254296.18734,1756725386069,2025-09-01 11:16:26
WLFI,increased,885001.0,919723.0,254296.18734,266967.99521,1756725404937,2025-09-01 11:16:44
WLFI,decreased,919723.0,788873.0,272238.008,233388.07705,1756725942018,2025-09-01 11:25:42
WLFI,decreased,788873.0,776955.0,234066.50783,230483.70075,1756726038079,2025-09-01 11:27:18
WLFI,decreased,776955.0,275410.0,230872.17825,81708.6388,1756726076477,2025-09-01 11:27:56
WLFI,increased,275410.0,309774.0,80587.7201,90423.0306,1756726333008,2025-09-01 11:32:13
ETH,increased,0.0362,22.8002,159.0266,100181.79878,1756726371817,2025-09-01 11:32:51
ETH,increased,22.8002,45.5792,100127.0783,199969.62416,1756726409689,2025-09-01 11:33:29
WLFI,increased,309774.0,344197.0,90822.63906,99848.10773,1756726468180,2025-09-01 11:34:28
WLFI,increased,344197.0,378679.0,99848.10773,109248.8915,1756726487440,2025-09-01 11:34:47
WLFI,increased,378679.0,449018.0,108805.83707,125545.4328,1756726564008,2025-09-01 11:36:04
WLFI,increased,449018.0,591705.0,125545.4328,165860.82855,1756726583971,2025-09-01 11:36:23
WLFI,increased,591705.0,627379.0,165860.82855,177215.74613,1756726603477,2025-09-01 11:36:43
WLFI,increased,627379.0,662780.0,177215.74613,186678.6148,1756726622058,2025-09-01 11:37:02
WLFI,increased,662780.0,698453.0,186678.6148,195098.87649,1756726641686,2025-09-01 11:37:21
WLFI,increased,698453.0,806304.0,195098.87649,223241.38848,1756726664048,2025-09-01 11:37:44
WLFI,increased,806304.0,842860.0,223241.38848,228246.488,1756726680837,2025-09-01 11:38:00
ETH,increased,45.5792,91.1892,199914.92912,399928.47444,1756726795996,2025-09-01 11:39:55
ETH,increased,91.1892,114.0098,399891.99876,499613.74556,1756727046737,2025-09-01 11:44:06
ETH,increased,114.0098,136.8356,499613.74556,599545.1814,1756727065942,2025-09-01 11:44:25
WLFI,increased,842860.0,1200949.0,235764.7992,348095.06765,1756728088617,2025-09-01 12:01:28
WLFI,decreased,1200949.0,561749.0,348335.25745,165710.33751,1756728308850,2025-09-01 12:05:08
WLFI,decreased,561749.0,1.0,165710.33751,0.3057,1756728345750,2025-09-01 12:05:45
WLFI,increased,1.0,34525.0,0.29025,9983.249,1756729173161,2025-09-01 12:19:33
ETH,decreased,136.8356,76.6677,602665.03308,337736.55204,1756729500664,2025-09-01 12:25:00
ETH,decreased,76.6677,43.3784,337736.55204,191086.18984,1756729544323,2025-09-01 12:25:44
ETH,decreased,43.3784,36.7008,191086.18984,161667.024,1756729587791,2025-09-01 12:26:27
WLFI,closed,34525.0,0.0,10595.7225,0.0,1756729630962,2025-09-01 12:27:10
ETH,decreased,36.7008,0.2051,161667.024,903.54754,1756729630962,2025-09-01 12:27:10
WLFI,opened_long,,76072.0,,19992.48232,1756735900792,2025-09-01 14:11:40
WLFI,increased,76072.0,114024.0,20137.01912,30430.72512,1756735938841,2025-09-01 14:12:18
WLFI,increased,114024.0,190964.0,29641.67904,49769.03768,1756736332106,2025-09-01 14:18:52
WLFI,increased,190964.0,229719.0,49320.27228,59182.50597,1756736768454,2025-09-01 14:26:08
WLFI,increased,229719.0,268644.0,58966.57011,69847.44,1756736888480,2025-09-01 14:28:08
WLFI,increased,268644.0,307456.0,69151.65204,78850.16576,1756737080798,2025-09-01 14:31:20
WLFI,increased,307456.0,346903.0,78708.736,87971.13177,1756737134506,2025-09-01 14:32:14
WLFI,increased,346903.0,426031.0,87971.13177,107287.38673,1756737153628,2025-09-01 14:32:33
WLFI,increased,426031.0,466135.0,106230.82985,116477.8138,1756737275198,2025-09-01 14:34:35
WLFI,decreased,466135.0,20965.0,122383.74425,5541.4688,1756737859048,2025-09-01 14:44:19
WLFI,decreased,20965.0,1.0,5541.4688,0.26439,1756737877625,2025-09-01 14:44:37
PUMP,closed,3.0,0.0,0.010236,0.0,1756738033788,2025-09-01 14:47:13
ETH,increased,0.2051,45.8359,899.34299,200788.74354,1756738052797,2025-09-01 14:47:32
ETH,increased,45.8359,91.498,200752.07482,400880.1874,1756738132193,2025-09-01 14:48:52
ETH,increased,91.498,114.3551,400422.6974,500109.15883,1756740273786,2025-09-01 15:24:33
WLFI,increased,1.0,47333.0,0.20956,10014.71614,1756758314102,2025-09-01 20:25:14
WLFI,increased,47333.0,94952.0,10003.82955,19954.1628,1756758722981,2025-09-01 20:32:02
ETH,increased,114.3551,183.9239,493499.43405,792822.36334,1756759120957,2025-09-01 20:38:40
ETH,increased,183.9239,369.9365,792822.36334,1592243.68965,1756759169750,2025-09-01 20:39:29
ETH,increased,369.9365,393.2302,1592243.68965,1689670.84638,1756759211555,2025-09-01 20:40:11
ETH,increased,393.2302,416.5261,1689670.84638,1788771.33645,1756759246306,2025-09-01 20:40:46
ETH,increased,416.5261,439.8361,1791062.23,1886852.88539,1756759357112,2025-09-01 20:42:37
ETH,increased,439.8361,509.864,1887864.50842,2182370.8792,1756759429727,2025-09-01 20:43:49
ETH,increased,509.864,533.2394,2182370.8792,2281358.12502,1756759467788,2025-09-01 20:44:27
ETH,increased,533.2394,814.0117,2281358.12502,3475097.34847,1756759517053,2025-09-01 20:45:17
WLFI,closed,94952.0,0.0,20893.23808,0.0,1756759555020,2025-09-01 20:45:55
ETH,increased,814.0117,860.9105,3473632.12741,3676087.835,1756759606522,2025-09-01 20:46:46
ETH,increased,860.9105,907.7741,3676087.835,3889993.57332,1756759643645,2025-09-01 20:47:23
ETH,increased,907.7741,931.224,3884002.26426,3971763.4824,1756760620352,2025-09-01 21:03:40
ETH,increased,931.224,1048.6704,3971763.4824,4468069.97328,1756760658416,2025-09-01 21:04:18
ETH,increased,1048.6704,1095.6677,4472998.72416,4666558.30107,1756760732707,2025-09-01 21:05:32
HYPE,increased,133611.18,138246.06,5766658.5288,5965870.47324,1756761764061,2025-09-01 21:22:44
HYPE,increased,138246.06,142890.78,5957022.7254,6155591.91162,1756762092258,2025-09-01 21:28:12
ETH,increased,1095.6677,1142.6027,4668420.93616,4868744.36497,1756762388930,2025-09-01 21:33:08
HYPE,increased,142890.78,145219.5,6136444.5471,6238484.5005,1756762460277,2025-09-01 21:34:20
ETH,increased,1142.6027,1189.5896,4865316.55687,5062536.46072,1756762858973,2025-09-01 21:40:58
ETH,increased,1189.5896,1307.2205,5062536.46072,5513071.7367,1756762902061,2025-09-01 21:41:42
ETH,increased,1307.2205,1330.9317,5513071.7367,5637693.58803,1756762939435,2025-09-01 21:42:19
HYPE,increased,145219.5,147562.18,6199130.016,6298544.09112,1756764295290,2025-09-01 22:04:55
HYPE,increased,147562.18,149908.71,6298544.09112,6390608.3073,1756764332950,2025-09-01 22:05:32
HYPE,increased,149908.71,152245.37,6415343.24445,6513361.41934,1756765334639,2025-09-01 22:22:14
ETH,decreased,1330.9317,1327.129,5717948.76954,5704664.0065,1756768387781,2025-09-01 23:13:07
ETH,decreased,1327.129,1243.1782,5704664.0065,5351882.151,1756768425076,2025-09-01 23:13:45
ETH,decreased,1243.1782,1061.5012,5351882.151,4567958.11396,1756768463222,2025-09-01 23:14:23
ETH,decreased,1061.5012,929.2581,4567958.11396,3998597.6043,1756768500905,2025-09-01 23:15:00
ETH,closed,929.2581,0.0,3994323.01704,0.0,1756770355093,2025-09-01 23:45:55
ETH,opened_short,,-22.7531,,100020.35229,1756807463544,2025-09-02 10:04:23
ETH,decreased,-22.7531,-22.3157,99674.50517,97722.68187,1756811862970,2025-09-02 11:17:42
ETH,decreased,-22.3157,-0.0001,97722.68187,0.43781,1756811883237,2025-09-02 11:18:03
ETH,flipped,-0.0001,23.1909,0.43169,99985.24626,1756816884903,2025-09-02 12:41:24
ETH,increased,23.1909,69.6809,99917.99265,299035.58235,1756817007182,2025-09-02 12:43:27
ETH,increased,69.6809,93.0246,298478.13515,398722.04052,1756817544878,2025-09-02 12:52:24
ETH,increased,93.0246,116.4164,397922.02896,497726.67656,1756817998989,2025-09-02 12:59:58
ETH,decreased,116.4164,0.0756,501114.3938,326.61468,1756820159785,2025-09-02 13:35:59
BTC,increased,9e-05,0.8988,10.00368,99946.56,1756822732485,2025-09-02 14:18:52
BTC,decreased,0.8988,0.36805,99980.7144,40923.11145,1756822778633,2025-09-02 14:19:38
BTC,flipped,0.36805,-0.89862,40923.11145,99998.4336,1756822829478,2025-09-02 14:20:29
BTC,increased,-0.89862,-1.79564,100122.44316,200483.206,1756823489937,2025-09-02 14:31:29
BTC,increased,-1.79564,-2.69105,200362.89812,300523.00875,1756823630747,2025-09-02 14:33:50
BTC,decreased,-2.69105,-1e-05,299602.66965,1.11354,1756824529874,2025-09-02 14:48:49
ETH,increased,0.0756,23.2666,326.08548,100323.25254,1756828036414,2025-09-02 15:47:16
ETH,increased,23.2666,139.4268,100290.6793,599925.63504,1756828189386,2025-09-02 15:49:49
ETH,increased,139.4268,185.9817,599646.78144,798289.25091,1756828269961,2025-09-02 15:51:09
ETH,increased,185.9817,202.5891,797991.68019,869066.72118,1756828349782,2025-09-02 15:52:29
ETH,increased,202.5891,232.6234,869066.72118,997163.46644,1756828398180,2025-09-02 15:53:18
ETH,increased,232.6234,265.4543,997977.64834,1136675.3126,1756830259089,2025-09-02 16:24:19
ETH,increased,265.4543,279.3305,1136675.3126,1196512.19675,1756830304545,2025-09-02 16:25:04
ETH,decreased,279.3305,0.0001,1204724.51345,0.43276,1756835594639,2025-09-02 17:53:14
ETH,flipped,0.0001,-47.2924,0.43276,204733.52884,1756835627138,2025-09-02 17:53:47
ETH,decreased,-47.2924,-28.1157,202657.39248,120447.6588,1756836783703,2025-09-02 18:13:03
ETH,decreased,-28.1157,-21.3418,120526.38276,91428.2712,1756837012845,2025-09-02 18:16:52
ETH,decreased,-21.3418,-0.0001,91428.2712,0.42844,1756837032123,2025-09-02 18:17:12
ETH,increased,-0.0001,-46.9374,0.42616,200061.28002,1756841633576,2025-09-02 19:33:53
ETH,increased,-46.9374,-69.9153,204074.42772,304278.37713,1756893795096,2025-09-03 10:03:15
ETH,increased,-69.9153,-92.8826,304390.24161,404373.68736,1756894466124,2025-09-03 10:14:26
ETH,increased,-92.8826,-115.8499,404373.68736,504479.97454,1756894485008,2025-09-03 10:14:45
ETH,increased,-115.8499,-138.7909,505256.16887,605780.64123,1756894525034,2025-09-03 10:15:25
ETH,increased,-138.7909,-161.7319,605780.64123,706396.41963,1756894544352,2025-09-03 10:15:44
ETH,increased,-161.7319,-207.6139,706396.41963,906961.32215,1756894566844,2025-09-03 10:16:06
ETH,increased,-207.6139,-230.4919,907376.54995,1007549.24247,1756894606162,2025-09-03 10:16:46
ETH,increased,-230.4919,-299.0788,1007618.39004,1308469.75,1756894869828,2025-09-03 10:21:09
HYPE,decreased,152245.37,145688.0,6965225.6775,6659835.544,1756895130293,2025-09-03 10:25:30
HYPE,decreased,145688.0,145641.37,6663623.432,6661636.2638,1756895580404,2025-09-03 10:33:00
HYPE,decreased,145641.37,143457.33,6660034.20873,6562599.01818,1756895717932,2025-09-03 10:35:17
HYPE,decreased,143457.33,142452.51,6562599.01818,6517202.3325,1756895744761,2025-09-03 10:35:44
HYPE,decreased,142452.51,142437.75,6517202.3325,6513678.3075,1756895768746,2025-09-03 10:36:08
ETH,increased,-299.0788,-344.7721,1308110.85544,1509377.77659,1756897516360,2025-09-03 11:05:16
HYPE,decreased,142437.75,139130.63,6502710.60075,6360635.01171,1756897824487,2025-09-03 11:10:24
ETH,increased,-344.7721,-345.8163,1508446.89192,1513914.59814,1756897889335,2025-09-03 11:11:29
ETH,increased,-345.8163,-349.8618,1513880.01651,1531694.9604,1756897965356,2025-09-03 11:12:45
ETH,increased,-349.8618,-367.6135,1531694.9604,1609411.903,1756897984471,2025-09-03 11:13:04
HYPE,decreased,139130.63,138175.17,6382339.38999,6338924.09892,1756898079347,2025-09-03 11:14:39
HYPE,decreased,138175.17,136359.63,6338924.09892,6256043.46477,1756898105970,2025-09-03 11:15:05
HYPE,decreased,136359.63,134771.44,6256043.46477,6183987.5244,1756898130633,2025-09-03 11:15:30
HYPE,decreased,134771.44,133283.11,6183987.5244,6117561.46589,1756898154798,2025-09-03 11:15:54
HYPE,decreased,133283.11,133184.42,6117561.46589,6111566.66496,1756898178989,2025-09-03 11:16:18
HYPE,decreased,133184.42,132049.53,6109968.45192,6060413.17935,1756898447628,2025-09-03 11:20:47
HYPE,decreased,132049.53,132021.57,6060413.17935,6055697.39433,1756898474594,2025-09-03 11:21:14
HYPE,decreased,132021.57,131795.36,6054245.15706,6049275.22864,1756898510897,2025-09-03 11:21:50
HYPE,decreased,131795.36,130928.04,6049275.22864,6009466.10796,1756898529710,2025-09-03 11:22:09
HYPE,decreased,130928.04,130414.15,6009466.10796,5984314.10105,1756898556129,2025-09-03 11:22:36
HYPE,decreased,130414.15,129841.58,5984574.92935,5959598.68042,1756898950611,2025-09-03 11:29:10
HYPE,decreased,129841.58,126056.86,5959598.68042,5792060.60328,1756898980307,2025-09-03 11:29:40
HYPE,decreased,126056.86,124851.87,5786009.874,5730700.833,1756899314054,2025-09-03 11:35:14
HYPE,decreased,124851.87,121868.53,5730700.833,5593034.31582,1756899341446,2025-09-03 11:35:41
ETH,increased,-367.6135,-390.4549,1609007.52815,1709528.68867,1756899366266,2025-09-03 11:36:06
ETH,increased,-390.4549,-413.2963,1709450.59769,1808832.58658,1756899401979,2025-09-03 11:36:41
ETH,increased,-413.2963,-436.1221,1809700.50881,1910258.41021,1756899459839,2025-09-03 11:37:39
ETH,increased,-436.1221,-481.7778,1910258.41021,2111102.14182,1756899478650,2025-09-03 11:37:58
ETH,increased,-481.7778,-527.4216,2111102.14182,2311319.67768,1756899498091,2025-09-03 11:38:18
ETH,increased,-527.4216,-550.25,2310212.09232,2411305.55,1756899728583,2025-09-03 11:42:08
ETH,increased,-550.25,-641.5063,2411305.55,2812235.31794,1756899747202,2025-09-03 11:42:27
ETH,increased,-641.5063,-687.1203,2812235.31794,3012404.10723,1756899766391,2025-09-03 11:42:46
ETH,increased,-687.1203,-732.7553,3011373.42678,3210640.62248,1756899881237,2025-09-03 11:44:41
ETH,increased,-732.7553,-755.5785,3210640.62248,3310567.19775,1756899900234,2025-09-03 11:45:00
HYPE,increased,121868.53,122459.95,5553427.04357,5580989.7613,1756900225943,2025-09-03 11:50:25
HYPE,increased,122459.95,123446.87,5579887.62175,5623622.16285,1756900347431,2025-09-03 11:52:27
HYPE,increased,123446.87,123553.64,5627078.67521,5630586.48208,1756900792653,2025-09-03 11:59:52
HYPE,increased,123553.64,126259.3,5630586.48208,5755656.4498,1756900816534,2025-09-03 12:00:16
ETH,decreased,-755.5785,-198.4166,3300669.1194,866822.60042,1756901325945,2025-09-03 12:08:45
ETH,decreased,-198.4166,-0.0001,866822.60042,0.43674,1756901345094,2025-09-03 12:09:05
HYPE,increased,126259.3,127209.02,5753257.5231,5795006.9061,1756903324372,2025-09-03 12:42:04
HYPE,increased,127209.02,127437.67,5795006.9061,5805423.05685,1756903351951,2025-09-03 12:42:31
HYPE,increased,127437.67,128454.68,5805423.05685,5847385.48828,1756903366886,2025-09-03 12:42:46
HYPE,increased,128454.68,128803.43,5837237.56856,5853600.67978,1756905943304,2025-09-03 13:25:43
HYPE,increased,128803.43,128863.08,5855661.53466,5856955.84908,1756906068149,2025-09-03 13:27:48
HYPE,increased,128863.08,130655.38,5856955.84908,5935673.9134,1756906090160,2025-09-03 13:28:10
HYPE,increased,130655.38,132719.55,5932799.49504,6025600.28955,1756906174973,2025-09-03 13:29:34
HYPE,increased,132719.55,132858.02,6025600.28955,6031754.108,1756906199862,2025-09-03 13:29:59
ETH,increased,-0.0001,-22.7428,0.43917,100018.28584,1756906975704,2025-09-03 13:42:55
ETH,increased,-22.7428,-68.0428,100218.42248,300708.35032,1756907033920,2025-09-03 13:43:53
ETH,increased,-68.0428,-90.6416,300626.69896,402077.07344,1756907212675,2025-09-03 13:46:52
ETH,increased,-90.6416,-113.2404,401741.69952,501949.39704,1756907268206,2025-09-03 13:47:48
ETH,increased,-113.2404,-135.7969,502209.84996,601172.8763,1756907326274,2025-09-03 13:48:46
ETH,increased,-135.7969,-158.3397,602313.57026,702442.41111,1756907406924,2025-09-03 13:50:06
ETH,decreased,-158.3397,-0.0001,699861.474,0.44183,1756907644633,2025-09-03 13:54:04
ETH,increased,-0.0001,-22.5276,0.44366,100090.1268,1756908559304,2025-09-03 14:09:19
ETH,increased,-22.5276,-45.0298,100090.1268,200094.41928,1756908582324,2025-09-03 14:09:42
ETH,increased,-45.0298,-67.5118,200238.51464,300224.9746,1756908637237,2025-09-03 14:10:37
ETH,decreased,-67.5118,-0.0001,299475.59362,0.44326,1756908755537,2025-09-03 14:12:35
HYPE,increased,132858.02,137258.46,6043578.47178,6243063.79464,1756909054678,2025-09-03 14:17:34
ETH,increased,-0.0001,-22.472,0.4447,99993.6584,1756909908143,2025-09-03 14:31:48
ETH,increased,-22.472,-44.9186,100047.5912,200130.33044,1756910394790,2025-09-03 14:39:54
ETH,increased,-44.9186,-67.3401,200265.08624,300404.1861,1756910433017,2025-09-03 14:40:33
ETH,increased,-67.3401,-112.1329,300404.1861,500628.54534,1756910452584,2025-09-03 14:40:52
ETH,increased,-112.1329,-156.8856,500650.97192,701262.94344,1756910492037,2025-09-03 14:41:32
ETH,increased,-156.8856,-201.5783,701262.94344,901982.26118,1756910512023,2025-09-03 14:41:52
ETH,increased,-201.5783,-246.241,901659.7359,1102002.3473,1756910597516,2025-09-03 14:43:17
ETH,increased,-246.241,-268.5674,1102002.3473,1202644.8172,1756910614913,2025-09-03 14:43:34
ETH,decreased,-268.5674,-66.9892,1198079.1714,298778.53092,1756911790652,2025-09-03 15:03:10
ETH,decreased,-66.9892,-64.0518,298879.01472,285747.89016,1756912460212,2025-09-03 15:14:20
ETH,decreased,-64.0518,-59.3611,285747.89016,264857.35598,1756912479528,2025-09-03 15:14:39
ETH,decreased,-59.3611,-43.1593,264857.35598,192516.37358,1756912501986,2025-09-03 15:15:01
ETH,decreased,-43.1593,-22.2676,192516.37358,99429.28752,1756912522500,2025-09-03 15:15:22
ETH,decreased,-22.2676,-11.1231,99429.28752,49620.1491,1756912969224,2025-09-03 15:22:49
ETH,decreased,-11.1231,-0.0001,49636.83375,0.44609,1756913007018,2025-09-03 15:23:27
HYPE,decreased,137258.46,136572.9,6337634.87358,6306253.6575,1756918440191,2025-09-03 16:54:00
HYPE,decreased,136572.9,135245.18,6306253.6575,6241970.79254,1756918467138,2025-09-03 16:54:27
HYPE,decreased,135245.18,134458.16,6240888.8311,6209143.37064,1756918507802,2025-09-03 16:55:07
HYPE,decreased,134458.16,130762.62,6209143.37064,6040056.18042,1756918534686,2025-09-03 16:55:34
HYPE,decreased,130762.62,124270.06,6039663.89256,5739785.53128,1756918575880,2025-09-03 16:56:15
HYPE,decreased,124270.06,121397.04,5746247.5744,5612549.35032,1756919028414,2025-09-03 17:03:48
HYPE,decreased,121397.04,120193.3,5612549.35032,5558940.125,1756919055793,2025-09-03 17:04:15
HYPE,decreased,120193.3,119987.78,5558940.125,5549314.83722,1756919079915,2025-09-03 17:04:39
HYPE,decreased,119987.78,119945.28,5549314.83722,5547469.2,1756919096588,2025-09-03 17:04:56
HYPE,decreased,119945.28,119812.85,5547109.36416,5541224.49965,1756919367676,2025-09-03 17:09:27
HYPE,decreased,119812.85,119159.78,5541224.49965,5510901.50544,1756919386846,2025-09-03 17:09:46
HYPE,decreased,119159.78,117783.08,5510901.50544,5447349.66692,1756919416711,2025-09-03 17:10:16
HYPE,decreased,117783.08,117061.01,5447349.66692,5414305.83452,1756919440787,2025-09-03 17:10:40
HYPE,decreased,117061.01,115621.39,5414305.83452,5350957.9292,1756919466347,2025-09-03 17:11:06
HYPE,decreased,115621.39,115497.0,5351304.79337,5346240.633,1756919548302,2025-09-03 17:12:28
HYPE,decreased,115497.0,113461.1,5346240.633,5253702.7744,1756919565072,2025-09-03 17:12:45
HYPE,decreased,113461.1,111302.21,5253702.7744,5155740.97162,1756919594476,2025-09-03 17:13:14
HYPE,decreased,111302.21,110981.24,5155740.97162,5143647.53028,1756919620317,2025-09-03 17:13:40
HYPE,decreased,110981.24,109145.04,5143647.53028,5058872.604,1756919644966,2025-09-03 17:14:04
HYPE,decreased,109145.04,108932.35,5058872.604,5049450.1519,1756919668945,2025-09-03 17:14:28
HYPE,decreased,108932.35,106671.52,5049450.1519,4945398.33872,1756919685241,2025-09-03 17:14:45
HYPE,decreased,106671.52,105696.29,4945398.33872,4900185.70069,1756919712536,2025-09-03 17:15:12
HYPE,decreased,105696.29,104830.85,4900185.70069,4860063.03685,1756919736981,2025-09-03 17:15:36
HYPE,decreased,104830.85,102675.22,4861321.00705,4762898.10536,1756919854730,2025-09-03 17:17:34
HYPE,decreased,102675.22,101856.39,4762898.10536,4724812.36293,1756919881339,2025-09-03 17:18:01
HYPE,decreased,101856.39,96209.71,4724812.36293,4463457.07603,1756919905228,2025-09-03 17:18:25
HYPE,decreased,96209.71,89745.13,4463457.07603,4165879.18947,1756919930570,2025-09-03 17:18:50
HYPE,decreased,89745.13,85437.58,4165879.18947,3965927.02602,1756919953534,2025-09-03 17:19:13
HYPE,decreased,85437.58,81131.88,3965927.02602,3767115.45216,1756919978287,2025-09-03 17:19:38
HYPE,decreased,81131.88,77569.36,3767115.45216,3602631.35584,1756920002565,2025-09-03 17:20:02
HYPE,decreased,77569.36,76826.18,3602631.35584,3569421.14898,1756920026717,2025-09-03 17:20:26
ETH,flipped,-0.0001,22.2716,0.44884,99894.80748,1756920787509,2025-09-03 17:33:07
ETH,increased,22.2716,44.0416,99616.41248,196901.18528,1756921191210,2025-09-03 17:39:51
ETH,increased,44.0416,44.4873,196901.18528,198991.6929,1756921234414,2025-09-03 17:40:34
ETH,increased,44.4873,44.6354,198951.65433,199555.94632,1756921304435,2025-09-03 17:41:44
ETH,increased,44.6354,67.0162,199435.43074,299381.47026,1756921520870,2025-09-03 17:45:20
ETH,decreased,67.0162,62.4128,299917.59986,279546.9312,1756921669867,2025-09-03 17:47:49
ETH,decreased,62.4128,0.1018,279546.9312,455.84004,1756921713458,2025-09-03 17:48:33
ETH,increased,0.1018,22.604,453.33576,100354.9788,1756935946512,2025-09-03 21:45:46
ETH,decreased,22.604,22.5959,101207.1496,101109.87373,1756937263995,2025-09-03 22:07:43
HYPE,increased,76826.18,77728.87,3487293.96256,3530134.35992,1756958822821,2025-09-04 04:07:02
HYPE,increased,77728.87,81238.75,3527413.84947,3681496.43375,1756962102925,2025-09-04 05:01:42
HYPE,increased,81238.75,85658.63,3678490.6,3877423.54558,1756962217863,2025-09-04 05:03:37
HYPE,increased,85658.63,87473.39,3876995.25243,3957558.58377,1756967692449,2025-09-04 06:34:52
ETH,increased,22.5959,73.1461,98696.63161,319575.3109,1756976091917,2025-09-04 08:54:51
ETH,increased,73.1461,118.9221,319575.3109,519606.33153,1756976137944,2025-09-04 08:55:37
ETH,increased,118.9221,164.6593,519963.09783,720186.84634,1756976495244,2025-09-04 09:01:35
ETH,decreased,164.6593,0.0561,725126.62534,247.20465,1756980657753,2025-09-04 10:10:57
HYPE,decreased,87473.39,86005.42,4023863.41339,3955905.29832,1756988619809,2025-09-04 12:23:39
HYPE,decreased,86005.42,85553.49,3955475.27122,3935460.54,1756988663289,2025-09-04 12:24:23
HYPE,decreased,85553.49,85475.85,3935460.54,3931803.62415,1756988690469,2025-09-04 12:24:50
HYPE,decreased,85475.85,85474.76,3931803.62415,3931582.53572,1756988707525,2025-09-04 12:25:07
HYPE,decreased,85474.76,85286.73,3928078.07056,3922507.28616,1756988784573,2025-09-04 12:26:24
HYPE,decreased,85286.73,85231.97,3922507.28616,3920670.62,1756988803578,2025-09-04 12:26:43
HYPE,decreased,85231.97,85231.45,3920670.62,3919709.15405,1756988822466,2025-09-04 12:27:02
ETH,increased,0.0561,22.9341,245.31408,100192.20267,1756993725608,2025-09-04 13:48:45
ETH,decreased,22.9341,20.2695,100449.06459,88782.43695,1756993889821,2025-09-04 13:51:29
ETH,decreased,20.2695,0.0158,88739.871,69.21822,1756994275693,2025-09-04 13:57:55
ETH,increased,0.0158,22.9463,68.96384,100043.57337,1756994637785,2025-09-04 14:03:57
ETH,increased,22.9463,45.9914,99536.46014,199818.83558,1756994804861,2025-09-04 14:06:44
ETH,increased,45.9914,69.0488,199565.88288,299588.93344,1756994968383,2025-09-04 14:09:28
ETH,increased,69.0488,92.1274,299588.93344,399464.4064,1756995033486,2025-09-04 14:10:33
HYPE,increased,85231.45,94105.54,3857660.65845,4240583.84348,1756995033486,2025-09-04 14:10:33
HYPE,increased,94105.54,98545.05,4240583.84348,4443494.84955,1756995084758,2025-09-04 14:11:24
ETH,decreased,92.1274,0.3237,400708.1263,1409.35743,1756996283176,2025-09-04 14:31:23
ETH,increased,0.3237,23.4237,1402.81869,101108.40105,1756998695218,2025-09-04 15:11:35
ETH,increased,23.4237,24.8287,100843.71324,106865.20767,1756999612975,2025-09-04 15:26:52
ETH,increased,24.8287,69.9029,106902.45072,300904.02334,1756999987927,2025-09-04 15:33:07
ETH,increased,69.9029,93.1641,300638.39232,400419.3018,1757000374702,2025-09-04 15:39:34
ETH,increased,93.1641,116.4253,400540.41513,500919.85325,1757001728130,2025-09-04 16:02:08
HYPE,increased,98545.05,99891.26,4439947.22775,4500101.263,1757003035067,2025-09-04 16:23:55
ETH,increased,116.4253,139.719,500989.70843,599827.6389,1757003077405,2025-09-04 16:24:37
HYPE,increased,99891.26,100764.8,4500101.263,4537842.0032,1757003077405,2025-09-04 16:24:37
ETH,increased,139.719,163.0127,599827.6389,699308.18173,1757003128225,2025-09-04 16:25:28
HYPE,increased,100764.8,102985.04,4537842.0032,4637725.30632,1757003128225,2025-09-04 16:25:28
ETH,increased,163.0127,183.1402,699308.18173,785323.49162,1757003174846,2025-09-04 16:26:14
HYPE,increased,102985.04,107426.42,4637725.30632,4837304.26618,1757003174846,2025-09-04 16:26:14
ETH,increased,183.1402,184.4797,785799.65614,791159.64142,1757003255357,2025-09-04 16:27:35
HYPE,increased,107426.42,109647.65,4838056.25112,4935350.37415,1757003255357,2025-09-04 16:27:35
ETH,increased,184.4797,186.3335,791159.64142,799314.81495,1757003299464,2025-09-04 16:28:19
HYPE,increased,109647.65,111870.26,4935021.4312,5033826.08922,1757003331818,2025-09-04 16:28:51
HYPE,increased,111870.26,114094.95,5033826.08922,5126742.4833,1757003376418,2025-09-04 16:29:36
ETH,increased,186.3335,209.6652,799501.14845,899023.41108,1757003606414,2025-09-04 16:33:26
HYPE,increased,114094.95,116324.6,5122863.255,5217972.5822,1757003842992,2025-09-04 16:37:22
HYPE,increased,116324.6,120783.9,5219833.7758,5418486.5379,1757004102933,2025-09-04 16:41:42
HYPE,increased,120783.9,129702.4,5417157.915,5817282.3424,1757004223484,2025-09-04 16:43:43
ETH,decreased,209.6652,150.482,905564.96532,650067.1918,1757006670158,2025-09-04 17:24:30
ETH,decreased,150.482,147.391,650067.1918,636478.5553,1757006714886,2025-09-04 17:25:14
ETH,decreased,147.391,99.0906,636508.0335,428031.75576,1757006829792,2025-09-04 17:27:09
ETH,decreased,99.0906,0.0001,428031.75576,0.43197,1757006915198,2025-09-04 17:28:35
ETH,increased,0.0001,23.2884,0.42951,100000.3896,1757010181967,2025-09-04 18:23:01
ETH,increased,23.2884,46.631,99846.68616,199753.2147,1757010337125,2025-09-04 18:25:37
ETH,increased,46.631,140.1598,199729.8992,599519.52852,1757010628768,2025-09-04 18:30:28
ETH,increased,140.1598,186.9762,599225.19294,798668.8383,1757010716046,2025-09-04 18:31:56
ETH,decreased,186.9762,0.6487,802539.24564,2789.60461,1757011014538,2025-09-04 18:36:54
ETH,increased,0.6487,24.0788,2768.84621,102785.17356,1757013949819,2025-09-04 19:25:49
HYPE,increased,129702.4,134194.66,5774480.5504,5976090.79378,1757014494642,2025-09-04 19:34:54
HYPE,increased,134194.66,136440.18,5976090.79378,6073907.49306,1757014539437,2025-09-04 19:35:39
HYPE,increased,136440.18,137563.22,6073907.49306,6124864.80728,1757014581147,2025-09-04 19:36:21
ETH,increased,24.0788,47.5254,102789.98932,202852.66482,1757015217127,2025-09-04 19:46:57
ETH,decreased,47.5254,0.0001,204573.0843,0.43044,1757017804527,2025-09-04 20:30:04
ETH,flipped,0.0001,-10.0048,0.4309,43118.68704,1757020437625,2025-09-04 21:13:57
ETH,increased,-10.0048,-10.0163,43118.68704,43129.18617,1757020456899,2025-09-04 21:14:16
ETH,increased,-10.0163,-23.2017,43096.13238,99973.80513,1757020514285,2025-09-04 21:15:14
ETH,increased,-23.2017,-46.3766,100099.09431,200166.04326,1757021898973,2025-09-04 21:38:18
ETH,increased,-46.3766,-69.5354,200170.68092,300080.0187,1757022251668,2025-09-04 21:44:11
ETH,increased,-69.5354,-72.9308,300337.29968,315053.76292,1757023010942,2025-09-04 21:56:50
ETH,increased,-72.9308,-76.1348,315053.76292,328917.56296,1757023030049,2025-09-04 21:57:10
ETH,increased,-76.1348,-92.6835,328917.56296,400429.7934,1757023049114,2025-09-04 21:57:29
ETH,increased,-92.6835,-115.8209,400485.4035,500450.52681,1757023086873,2025-09-04 21:58:06
ETH,increased,-115.8209,-138.9476,500601.09398,600795.52764,1757024718123,2025-09-04 22:25:18
ETH,increased,-138.9476,-162.0636,601073.42284,701087.1336,1757024756218,2025-09-04 22:25:56
ETH,increased,-162.0636,-185.1689,701297.81628,801522.10054,1757025235360,2025-09-04 22:33:55
ETH,increased,-185.1689,-208.2156,802892.3504,904134.59988,1757026686395,2025-09-04 22:58:06
HYPE,decreased,137563.22,136586.96,6291591.42992,6247487.5504,1757026779590,2025-09-04 22:59:39
HYPE,decreased,136586.96,135511.77,6247487.5504,6198308.3598,1757026808518,2025-09-04 23:00:08
HYPE,decreased,135511.77,132863.2,6198308.3598,6077029.9048,1757026832852,2025-09-04 23:00:32
ETH,increased,-208.2156,-231.2215,903988.84896,1005258.5934,1757026857207,2025-09-04 23:00:57
HYPE,decreased,132863.2,131004.41,6077029.9048,5997643.89862,1757026857207,2025-09-04 23:00:57
HYPE,decreased,131004.41,128858.71,5997643.89862,5900053.75477,1757026887355,2025-09-04 23:01:27
HYPE,decreased,128858.71,128854.06,5900053.75477,5901515.948,1757026909671,2025-09-04 23:01:49
HYPE,decreased,128854.06,128396.13,5901515.948,5880285.96174,1757026926526,2025-09-04 23:02:06
HYPE,decreased,128396.13,126637.6,5880285.96174,5797469.328,1757026953840,2025-09-04 23:02:33
HYPE,decreased,126637.6,126576.75,5793290.2872,5795949.3825,1757026994699,2025-09-04 23:03:14
HYPE,decreased,126576.75,126268.32,5795949.3825,5780689.95792,1757027013884,2025-09-04 23:03:33
HYPE,decreased,126268.32,125152.73,5780689.95792,5728365.60483,1757027040649,2025-09-04 23:04:00
HYPE,decreased,125152.73,125152.23,5729241.67394,5729844.54609,1757027082100,2025-09-04 23:04:42
HYPE,decreased,125152.23,113534.32,5729343.93717,5198622.97848,1757027139184,2025-09-04 23:05:39
HYPE,decreased,113534.32,113006.19,5198622.97848,5174327.42772,1757027166500,2025-09-04 23:06:06
ETH,decreased,-231.2215,-0.0001,995408.5575,0.43001,1757029882414,2025-09-04 23:51:22
ETH,flipped,-0.0001,46.5656,0.42962,200003.90856,1757030264008,2025-09-04 23:57:44
ETH,decreased,46.5656,0.026,200148.26192,111.8494,1757030506313,2025-09-05 00:01:46
ETH,flipped,0.026,-231.8849,112.0574,999771.74635,1757032573368,2025-09-05 00:36:13
HYPE,decreased,113006.19,112270.68,5172180.31011,5139751.7304,1757055843332,2025-09-05 07:04:03
HYPE,decreased,112270.68,109125.26,5139751.7304,4995754.4028,1757055868659,2025-09-05 07:04:28
HYPE,decreased,109125.26,107964.12,4995754.4028,4943677.0548,1757055892988,2025-09-05 07:04:52
HYPE,decreased,107964.12,107491.78,4943677.0548,4921188.67196,1757055917610,2025-09-05 07:05:17
HYPE,decreased,107491.78,106832.26,4921081.18018,4891635.52088,1757055958502,2025-09-05 07:05:58
HYPE,decreased,106832.26,105950.99,4891635.52088,4851177.97913,1757055985823,2025-09-05 07:06:25
HYPE,decreased,105950.99,105276.04,4851177.97913,4820379.31952,1757056010833,2025-09-05 07:06:50
HYPE,decreased,105276.04,105221.07,4820379.31952,4817651.91102,1757056035432,2025-09-05 07:07:15
HYPE,decreased,105221.07,104269.72,4817651.91102,4774614.74852,1757056051687,2025-09-05 07:07:31
HYPE,decreased,104269.72,98247.64,4774614.74852,4500331.39784,1757056077825,2025-09-05 07:07:57
ETH,increased,-231.8849,-459.2609,1019829.7902,2020426.47737,1757062390440,2025-09-05 08:53:10
ETH,increased,-459.2609,-459.9419,2023090.19059,2026274.04045,1757062788255,2025-09-05 08:59:48
ETH,increased,-459.9419,-686.2447,2026274.04045,3024074.51949,1757062807575,2025-09-05 09:00:07
ETH,increased,-686.2447,-912.7965,3028191.98769,4028079.67485,1757066910173,2025-09-05 10:08:30
ETH,increased,-912.7965,-1025.6633,4042775.6985,4544714.0823,1757074715529,2025-09-05 12:18:35
ETH,increased,-1025.6633,-1138.3012,4556509.21025,5064415.86892,1757074833089,2025-09-05 12:20:33
ETH,increased,-1138.3012,-1164.5194,5057244.57136,5178151.96404,1757075392776,2025-09-05 12:29:52
ETH,increased,-1164.5194,-1362.4877,5178151.96404,6084461.32189,1757075422981,2025-09-05 12:30:22
ETH,increased,-1362.4877,-1474.0873,6084461.32189,6603026.65162,1757075452194,2025-09-05 12:30:52
ETH,increased,-1474.0873,-1697.9386,6579588.66355,7592841.83148,1757076925429,2025-09-05 12:55:25
ETH,increased,-1697.9386,-1921.5772,7589615.74814,8598673.65456,1757077218945,2025-09-05 13:00:18
ETH,increased,-1921.5772,-2145.0034,8598673.65456,9607041.22792,1757077238316,2025-09-05 13:00:38
ETH,increased,-2145.0034,-2368.2799,9607041.22792,10598763.03647,1757077259682,2025-09-05 13:00:59
HYPE,decreased,98247.64,96385.88,4667745.3764,4578329.3,1757079458342,2025-09-05 13:37:38
HYPE,decreased,96385.88,96365.55,4567726.8532,4566281.58675,1757079607198,2025-09-05 13:40:07
HYPE,decreased,96365.55,96343.16,4566088.85565,4573409.8052,1757079740131,2025-09-05 13:42:20
HYPE,decreased,96343.16,82339.2,4574469.57996,3909135.8592,1757079895332,2025-09-05 13:44:55
HYPE,decreased,82339.2,72055.45,3909135.8592,3415644.49635,1757079924905,2025-09-05 13:45:24
HYPE,decreased,72055.45,71892.21,3416869.439,3414232.94511,1757079987058,2025-09-05 13:46:27
HYPE,decreased,71892.21,71850.17,3414232.94511,3411086.82075,1757080006455,2025-09-05 13:46:46
HYPE,decreased,71850.17,69788.43,3409865.36786,3312368.25309,1757080044529,2025-09-05 13:47:24
ETH,decreased,-2368.2799,-0.0001,10515162.756,0.44304,1757081002717,2025-09-05 14:03:22
ETH,flipped,-0.0001,45.1466,0.44313,199967.83538,1757081228300,2025-09-05 14:07:08
ETH,increased,45.1466,90.3137,200003.95266,400044.53415,1757081273497,2025-09-05 14:07:53
ETH,increased,90.3137,135.5012,399683.27935,599823.16204,1757081387420,2025-09-05 14:09:47
ETH,increased,135.5012,173.3139,599823.16204,766879.34472,1757081432596,2025-09-05 14:10:32
ETH,increased,173.3139,248.5517,766879.34472,1098847.0657,1757081476519,2025-09-05 14:11:16
ETH,increased,248.5517,520.26,1098847.0657,2295074.964,1757081518700,2025-09-05 14:11:58
ETH,increased,520.26,724.4341,2295074.964,3191132.2105,1757081561019,2025-09-05 14:12:41
ETH,increased,724.4341,860.6737,3191132.2105,3791870.12009,1757081604769,2025-09-05 14:13:24
ETH,increased,860.6737,997.0373,3793677.53486,4386964.12,1757081681884,2025-09-05 14:14:41
ETH,increased,997.0373,1133.4009,4386964.12,4975403.27082,1757081734714,2025-09-05 14:15:34
ETH,increased,1133.4009,1543.8818,4975403.27082,6769612.91664,1757081783462,2025-09-05 14:16:23
ETH,increased,1543.8818,1841.077,6769612.91664,8039430.9359,1757081835251,2025-09-05 14:17:15
ETH,increased,1841.077,2069.9361,8039430.9359,9042722.84646,1757081880758,2025-09-05 14:18:00
ETH,increased,2069.9361,2299.0365,9042722.84646,10021500.1035,1757081916817,2025-09-05 14:18:36
ETH,increased,2299.0365,2413.7522,10021500.1035,10510442.57968,1757081963464,2025-09-05 14:19:23
ETH,increased,2413.7522,2643.5289,10506339.20094,11498028.95055,1757082120475,2025-09-05 14:22:00
ETH,increased,2643.5289,2874.1802,11460490.84017,12452960.55254,1757082283602,2025-09-05 14:24:43
ETH,increased,2874.1802,3104.9085,12452960.55254,13448600.6769,1757082325958,2025-09-05 14:25:25
ETH,increased,3104.9085,3220.3446,13448600.6769,13967922.66804,1757082361221,2025-09-05 14:26:01
ETH,increased,3220.3446,3336.0317,13921549.7058,14421998.64227,1757082599038,2025-09-05 14:29:59
ETH,increased,3336.0317,3451.7617,14421998.64227,14926798.29548,1757082641943,2025-09-05 14:30:41
ETH,increased,3451.7617,3567.5936,14926798.29548,15394166.384,1757082691177,2025-09-05 14:31:31
ETH,increased,3567.5936,3685.0251,15184391.88032,15707419.48875,1757084638880,2025-09-05 15:03:58
ETH,increased,3685.0251,3801.8775,15767116.89537,16268994.198,1757087909432,2025-09-05 15:58:29
ETH,increased,3801.8775,3918.8037,16268994.198,16766209.75008,1757087945579,2025-09-05 15:59:05
ETH,increased,3918.8037,4035.6507,16774439.23785,17260478.0439,1757088052648,2025-09-05 16:00:52
ETH,increased,4035.6507,4152.555,17268952.91037,17755494.669,1757088134942,2025-09-05 16:02:14
ETH,increased,4152.555,4269.0643,17821935.549,18318981.81773,1757091088545,2025-09-05 16:51:28
HYPE,decreased,69788.43,69608.65,3335189.0697,3326736.6008,1757120081594,2025-09-06 00:54:41
HYPE,decreased,69608.65,68648.71,3323464.99425,3277495.36153,1757121673472,2025-09-06 01:21:13
HYPE,decreased,68648.71,60345.88,3277495.36153,2882360.61232,1757121710792,2025-09-06 01:21:50
HYPE,decreased,60345.88,52651.71,2882783.03348,2513434.68027,1757129761246,2025-09-06 03:36:01
ETH,decreased,4269.0643,4034.4878,18191336.79516,17209914.60846,1757176508073,2025-09-06 16:35:08
ETH,decreased,4034.4878,3800.1861,17216773.23772,16233254.96337,1757176579587,2025-09-06 16:36:19
ETH,decreased,3800.1861,3566.0489,16227934.70283,15230594.8519,1757176651831,2025-09-06 16:37:31
ETH,decreased,3566.0489,3563.5466,15220253.31009,15216343.982,1757177010600,2025-09-06 16:43:30
ETH,decreased,3563.5466,3544.4105,15216343.982,15136050.5992,1757177046633,2025-09-06 16:44:06
ETH,decreased,3544.4105,3320.2806,15136050.5992,14185566.83544,1757177082292,2025-09-06 16:44:42
ETH,decreased,3320.2806,3314.3647,14185566.83544,14159960.30781,1757177118552,2025-09-06 16:45:18
ETH,decreased,3314.3647,3097.7746,14159960.30781,13242057.08262,1757177153726,2025-09-06 16:45:53
ETH,decreased,3097.7746,3031.5154,13242057.08262,12960637.78962,1757177190019,2025-09-06 16:46:30
ETH,decreased,3031.5154,2863.9112,12960637.78962,12245511.50896,1757177225499,2025-09-06 16:47:05
ETH,closed,2863.9112,0.0,12202552.84096,0.0,1757187043398,2025-09-06 19:30:43
HYPE,decreased,52651.71,51766.29,2674706.868,2629158.10281,1757324425033,2025-09-08 09:40:25
HYPE,decreased,51766.29,51673.87,2629158.10281,2624670.87891,1757324451783,2025-09-08 09:40:51
HYPE,decreased,51673.87,51621.04,2625239.29148,2622865.0424,1757324488109,2025-09-08 09:41:28
HYPE,decreased,51621.04,41552.34,2622865.0424,2111066.6337,1757324507595,2025-09-08 09:41:47
HYPE,decreased,41552.34,41483.23,2108739.70266,2107265.11754,1757326024210,2025-09-08 10:07:04
HYPE,decreased,41483.23,41451.19,2107431.05046,2106259.31747,1757335077422,2025-09-08 12:37:57
HYPE,decreased,41451.19,33363.18,2106259.31747,1695283.26534,1757335103519,2025-09-08 12:38:23
HYPE,decreased,33363.18,32607.36,1695283.26534,1657073.42784,1757335125863,2025-09-08 12:38:45
HYPE,decreased,32607.36,26852.38,1657073.42784,1364503.6897,1757335151049,2025-09-08 12:39:11
HYPE,decreased,26852.38,25400.7,1364396.28018,1291371.588,1757335851527,2025-09-08 12:50:51
HYPE,decreased,25400.7,24423.4,1291371.588,1241905.4666,1757335878636,2025-09-08 12:51:18
HYPE,decreased,24423.4,13426.2,1241905.4666,682829.6796,1757335903049,2025-09-08 12:51:43
HYPE,decreased,13426.2,0.01,691006.2354,0.51487,1757337392874,2025-09-08 13:16:32
PUMP,opened_long,,1640439.0,,8038.1511,1757400849706,2025-09-09 06:54:09
PUMP,increased,1640439.0,3307506.0,8038.1511,16203.471894,1757400854525,2025-09-09 06:54:14
PUMP,increased,3307506.0,4407200.0,16210.086906,21595.28,1757401094607,2025-09-09 06:58:14
PUMP,increased,4407200.0,6930043.0,21595.28,33950.280657,1757401099638,2025-09-09 06:58:19
PUMP,increased,6930043.0,16684303.0,33964.140743,81769.769003,1757401120072,2025-09-09 06:58:40
PUMP,increased,16684303.0,20408163.0,81769.769003,100020.406863,1757401124288,2025-09-09 06:58:44
PUMP,increased,20408163.0,23357449.0,96428.570175,110363.946525,1757421261026,2025-09-09 12:34:21
PUMP,increased,23357449.0,41572184.0,110363.946525,196303.852848,1757421268029,2025-09-09 12:34:28
PUMP,increased,41572184.0,48510131.0,195513.981352,227852.085307,1757421714146,2025-09-09 12:41:54
PUMP,increased,48510131.0,62848779.0,227852.085307,295012.168626,1757421719038,2025-09-09 12:41:59
PUMP,increased,62848779.0,84262055.0,293566.646709,393588.058905,1757430558310,2025-09-09 15:09:18
PUMP,increased,84262055.0,94042309.0,391902.817805,437390.779159,1757430693425,2025-09-09 15:11:33
PUMP,increased,94042309.0,95350947.0,437390.779159,443572.605444,1757430698410,2025-09-09 15:11:38
PUMP,increased,95350947.0,97469791.0,443477.254497,453331.997941,1757430708459,2025-09-09 15:11:48
PUMP,increased,97469791.0,97677981.0,453331.997941,454202.61165,1757430718883,2025-09-09 15:11:58
PUMP,increased,97677981.0,98537559.0,454397.967612,458199.64935,1757430728992,2025-09-09 15:12:08
PUMP,increased,98537559.0,98923057.0,458199.64935,459893.291993,1757430733636,2025-09-09 15:12:13
PUMP,increased,98923057.0,98998868.0,459893.291993,460245.737332,1757430738459,2025-09-09 15:12:18
PUMP,increased,98998868.0,105767431.0,460245.737332,491712.786719,1757430743975,2025-09-09 15:12:23
PUMP,increased,105767431.0,106779455.0,489385.903237,493534.64101,1757431340202,2025-09-09 15:22:20
PUMP,increased,106779455.0,113899851.0,493534.64101,526559.011173,1757431345079,2025-09-09 15:22:25
PUMP,increased,113899851.0,121543817.0,526900.710726,561775.522174,1757432665205,2025-09-09 15:44:25
PUMP,increased,121543817.0,138386412.0,561897.065991,639483.609852,1757432942503,2025-09-09 15:49:02
PUMP,decreased,138386412.0,138013412.0,651800.00052,652251.385112,1757434316782,2025-09-09 16:11:56
PUMP,decreased,138013412.0,138006455.0,652251.385112,652080.499875,1757434325862,2025-09-09 16:12:05
PUMP,decreased,138006455.0,135069376.0,652080.499875,638743.079104,1757434330637,2025-09-09 16:12:10
PUMP,decreased,135069376.0,2.0,638743.079104,0.009458,1757434335403,2025-09-09 16:12:15
PUMP,closed,2.0,0.0,0.009416,0.0,1757434382112,2025-09-09 16:13:02
PUMP,opened_long,,11417767.0,,53218.211987,1757439372623,2025-09-09 17:36:12
PUMP,increased,11417767.0,11906010.0,53218.211987,55458.19458,1757439377800,2025-09-09 17:36:17
PUMP,increased,11906010.0,12105749.0,55517.72463,56412.79034,1757439432979,2025-09-09 17:37:12
PUMP,increased,12105749.0,12155239.0,56412.79034,56655.568979,1757439437682,2025-09-09 17:37:17
PUMP,increased,12155239.0,12363429.0,56643.41374,57601.215711,1757439479666,2025-09-09 17:37:59
PUMP,increased,12363429.0,17755832.0,57601.215711,82706.665456,1757439489994,2025-09-09 17:38:09
PUMP,increased,17755832.0,19707683.0,82830.95628,91837.80278,1757439532736,2025-09-09 17:38:52
PUMP,increased,19707683.0,20990605.0,91837.80278,97816.2193,1757439536710,2025-09-09 17:38:56
PUMP,increased,20990605.0,21459227.0,97816.2193,99978.538593,1757439541561,2025-09-09 17:39:01
PUMP,increased,21459227.0,22154917.0,99806.864777,103042.518967,1757440005261,2025-09-09 17:46:45
PUMP,increased,22154917.0,22363107.0,103064.673884,104033.173764,1757440048147,2025-09-09 17:47:28
PUMP,increased,22363107.0,22513060.0,104077.899978,104753.26818,1757440089150,2025-09-09 17:48:09
PUMP,increased,22513060.0,22726700.0,104685.729,105656.4283,1757440200196,2025-09-09 17:50:00
PUMP,increased,22726700.0,22802511.0,105701.8817,106031.67615,1757440214590,2025-09-09 17:50:14
PUMP,increased,22802511.0,23010701.0,106008.873639,106976.748949,1757440228530,2025-09-09 17:50:28
PUMP,increased,23010701.0,23218171.0,106976.748949,107918.058808,1757440233109,2025-09-09 17:50:33
PUMP,increased,23218171.0,23426361.0,107987.713321,108909.152289,1757440260904,2025-09-09 17:51:00
PUMP,increased,23426361.0,23637821.0,108909.152289,109892.229829,1757440265573,2025-09-09 17:51:05
PUMP,increased,23637821.0,23718629.0,109892.229829,110267.906221,1757440274823,2025-09-09 17:51:14
PUMP,increased,23718629.0,23728627.0,110267.906221,110338.11555,1757440284387,2025-09-09 17:51:24
PUMP,increased,23728627.0,23941815.0,110338.11555,111329.43975,1757440288779,2025-09-09 17:51:28
PUMP,increased,23941815.0,24149285.0,111329.43975,112270.025965,1757440293762,2025-09-09 17:51:33
PUMP,increased,24149285.0,24154278.0,112294.17525,112317.3927,1757440302792,2025-09-09 17:51:42
PUMP,increased,24154278.0,24161112.0,112317.3927,112373.331912,1757440312022,2025-09-09 17:51:52
PUMP,increased,24161112.0,24169101.0,112373.331912,112386.31965,1757440344683,2025-09-09 17:52:24
PUMP,increased,24169101.0,24377291.0,112386.31965,113378.780441,1757440349240,2025-09-09 17:52:29
PUMP,increased,24377291.0,24584761.0,113378.780441,114343.723411,1757440353848,2025-09-09 17:52:33
PUMP,increased,24584761.0,24795982.0,114319.13865,115276.520318,1757440381706,2025-09-09 17:53:01
PUMP,increased,24795982.0,25003452.0,115276.520318,116316.058704,1757440386361,2025-09-09 17:53:06
PUMP,increased,25003452.0,25058415.0,116241.048348,116496.571335,1757440400703,2025-09-09 17:53:20
PUMP,increased,25058415.0,25413301.0,116496.571335,118146.436349,1757440404979,2025-09-09 17:53:24
PUMP,increased,25413301.0,25621491.0,118146.436349,119114.311659,1757440409626,2025-09-09 17:53:29
PUMP,increased,25621491.0,25828961.0,119114.311659,120078.839689,1757440414861,2025-09-09 17:53:34
PUMP,increased,25828961.0,26597551.0,120078.839689,123652.014599,1757440424626,2025-09-09 17:53:44
PUMP,increased,26597551.0,26602766.0,123652.014599,123676.259134,1757440432634,2025-09-09 17:53:52
PUMP,increased,26602766.0,26948978.0,123676.259134,125258.849744,1757440437443,2025-09-09 17:53:57
PUMP,increased,26948978.0,27364638.0,125258.849744,127218.202062,1757440442832,2025-09-09 17:54:02
PUMP,increased,27364638.0,27440449.0,127218.202062,127543.206952,1757440456487,2025-09-09 17:54:16
PUMP,increased,27440449.0,27837257.0,127543.206952,129415.407793,1757440461535,2025-09-09 17:54:21
PUMP,increased,27837257.0,28624692.0,129415.407793,133047.568416,1757440465832,2025-09-09 17:54:25
PUMP,increased,28624692.0,33276014.0,133047.568416,154666.913072,1757440470018,2025-09-09 17:54:30
PUMP,increased,33276014.0,37858307.0,154666.913072,175965.410936,1757440479464,2025-09-09 17:54:39
PUMP,increased,37858307.0,38106508.0,175965.410936,177119.049184,1757440484067,2025-09-09 17:54:44
PUMP,increased,38106508.0,38110551.0,177119.049184,177175.951599,1757440488495,2025-09-09 17:54:48
PUMP,increased,38110551.0,38118633.0,177175.951599,177213.524817,1757440493281,2025-09-09 17:54:53
PUMP,increased,38118633.0,38672048.0,177213.524817,179786.351152,1757440497800,2025-09-09 17:54:57
PUMP,increased,38672048.0,42964603.0,179786.351152,199613.545538,1757440507448,2025-09-09 17:55:07
PUMP,decreased,42964603.0,40740851.0,206101.200591,195393.121396,1757445950600,2025-09-09 19:25:50
PUMP,decreased,40740851.0,40315411.0,195067.194588,192989.872457,1757446005941,2025-09-09 19:26:45
PUMP,decreased,40315411.0,39315411.0,192989.872457,188242.187868,1757446010764,2025-09-09 19:26:50
PUMP,decreased,39315411.0,39026395.0,188202.872457,186780.32647,1757446024584,2025-09-09 19:27:04
PUMP,decreased,39026395.0,38235213.0,186780.32647,182955.494205,1757446033815,2025-09-09 19:27:13
PUMP,decreased,38235213.0,37444034.0,182955.494205,179244.590758,1757446038389,2025-09-09 19:27:18
PUMP,decreased,37444034.0,32622981.0,179207.146724,156133.587066,1757446075164,2025-09-09 19:27:55
PUMP,decreased,32622981.0,16802369.0,156231.456009,80483.34751,1757446088922,2025-09-09 19:28:08
PUMP,decreased,16802369.0,16489151.0,80483.34751,78950.054988,1757446093122,2025-09-09 19:28:13
PUMP,decreased,16489151.0,15580061.0,78933.565837,74612.912129,1757446213790,2025-09-09 19:30:13
PUMP,decreased,15580061.0,15571174.0,74612.912129,74570.352286,1757446228163,2025-09-09 19:30:28
PUMP,decreased,15571174.0,14568428.0,74570.352286,69782.77012,1757446232489,2025-09-09 19:30:32
PUMP,decreased,14568428.0,2.0,69782.77012,0.00958,1757446237481,2025-09-09 19:30:37
ENA,opened_long,,123685.0,,99958.50645,1757500821340,2025-09-10 10:40:21
ENA,increased,123685.0,127068.0,99996.8488,102705.25236,1757500904455,2025-09-10 10:41:44
ENA,increased,127068.0,141391.0,102705.25236,114284.93139,1757500909308,2025-09-10 10:41:49
ENA,increased,141391.0,145168.0,114284.93139,117324.7776,1757500914136,2025-09-10 10:41:54
ENA,increased,145168.0,146167.0,117340.74608,118148.24777,1757500923902,2025-09-10 10:42:03
ENA,increased,146167.0,149783.0,118148.24777,121086.07503,1757500928862,2025-09-10 10:42:08
ENA,increased,149783.0,154262.0,121162.46436,124666.8353,1757500963023,2025-09-10 10:42:43
ENA,increased,154262.0,186158.0,124665.29268,150424.9719,1757500972936,2025-09-10 10:42:52
ENA,increased,186158.0,247386.0,150424.9719,199877.99256,1757500978077,2025-09-10 10:42:58
ENA,increased,247386.0,248168.0,199934.89134,200591.71272,1757501041107,2025-09-10 10:44:01
ENA,increased,248168.0,249126.0,200591.71272,201366.05454,1757501046172,2025-09-10 10:44:06
ENA,increased,249126.0,250776.0,201400.93218,202724.81064,1757501055801,2025-09-10 10:44:15
ENA,increased,250776.0,255165.0,202677.1632,206249.8695,1757501075427,2025-09-10 10:44:35
ENA,increased,255165.0,256937.0,206249.8695,207682.1771,1757501085140,2025-09-10 10:44:45
ENA,increased,256937.0,257668.0,207792.66001,208296.23452,1757501168207,2025-09-10 10:46:08
ENA,increased,257668.0,259248.0,208296.23452,209573.49072,1757501173134,2025-09-10 10:46:13
ENA,increased,259248.0,261732.0,209599.41552,211557.9756,1757501192363,2025-09-10 10:46:32
ENA,increased,261732.0,265667.0,211557.9756,214751.91945,1757501197249,2025-09-10 10:46:37
ENA,increased,265667.0,266667.0,214751.91945,215565.60279,1757501201956,2025-09-10 10:46:41
ENA,increased,266667.0,268892.0,215565.60279,217340.02576,1757501207275,2025-09-10 10:46:47
ENA,increased,268892.0,314031.0,217415.31552,253837.53792,1757501315094,2025-09-10 10:48:35
ENA,increased,314031.0,318754.0,253919.18598,257655.23328,1757501344648,2025-09-10 10:49:04
ENA,increased,318754.0,321373.0,257610.60772,259727.23114,1757501354098,2025-09-10 10:49:14
ENA,increased,321373.0,321948.0,259826.85677,260227.34892,1757501373810,2025-09-10 10:49:33
ENA,increased,321948.0,326308.0,260227.34892,263702.54712,1757501379379,2025-09-10 10:49:39
ENA,increased,326308.0,328013.0,263702.54712,265100.1066,1757501383462,2025-09-10 10:49:43
ENA,increased,328013.0,328837.0,265103.38673,265772.64014,1757501403649,2025-09-10 10:50:03
ENA,increased,328837.0,331608.0,265772.64014,267945.89616,1757501407864,2025-09-10 10:50:07
ENA,increased,331608.0,334053.0,267945.89616,269961.59142,1757501412835,2025-09-10 10:50:12
ENA,increased,334053.0,338370.0,269964.93195,273453.7155,1757501427234,2025-09-10 10:50:27
ENA,increased,338370.0,339203.0,273453.7155,274164.21678,1757501432192,2025-09-10 10:50:32
ENA,increased,339203.0,342677.0,274164.21678,276975.53879,1757501437320,2025-09-10 10:50:37
ENA,increased,342677.0,345047.0,276975.53879,278853.18352,1757501442276,2025-09-10 10:50:42
ENA,increased,345047.0,345942.0,278887.68822,279614.54034,1757501462207,2025-09-10 10:51:02
ENA,increased,345942.0,349537.0,279614.54034,282520.27099,1757501466455,2025-09-10 10:51:06
ENA,increased,349537.0,349673.0,282520.27099,282630.19571,1757501471361,2025-09-10 10:51:11
ENA,increased,349673.0,351926.0,282630.19571,284384.36208,1757501476364,2025-09-10 10:51:16
ENA,increased,351926.0,352054.0,284384.36208,284491.31686,1757501481318,2025-09-10 10:51:21
ENA,increased,352054.0,367210.0,284491.31686,296746.0731,1757501490853,2025-09-10 10:51:30
ENA,increased,367210.0,371102.0,296746.0731,299891.23722,1757501495734,2025-09-10 10:51:35
ENA,increased,371102.0,385900.0,299813.3058,311807.2,1757501747580,2025-09-10 10:55:47
ENA,increased,385900.0,469777.0,311807.2,379532.8383,1757501752390,2025-09-10 10:55:52
ENA,increased,469777.0,473339.0,379659.67809,382363.2442,1757501776883,2025-09-10 10:56:16
ENA,increased,473339.0,478316.0,382363.2442,386335.8332,1757501781767,2025-09-10 10:56:21
ENA,increased,478316.0,483575.0,386881.11344,390839.82225,1757501796794,2025-09-10 10:56:36
ENA,increased,483575.0,483972.0,390844.658,391165.52928,1757501806138,2025-09-10 10:56:46
ENA,increased,483972.0,488116.0,391184.88816,394446.5396,1757501825873,2025-09-10 10:57:05
ENA,increased,488116.0,491235.0,394446.5396,396981.74055,1757501830622,2025-09-10 10:57:10
ENA,increased,491235.0,494849.0,396981.74055,399704.38277,1757501835395,2025-09-10 10:57:15
ENA,increased,494849.0,502161.0,398343.54802,404229.56178,1757503712224,2025-09-10 11:28:32
ENA,increased,502161.0,506521.0,404229.56178,407739.27458,1757503717129,2025-09-10 11:28:37
ENA,increased,506521.0,512363.0,407739.27458,412441.96774,1757503722398,2025-09-10 11:28:42
ENA,increased,512363.0,513320.0,412626.41842,413222.6,1757503804601,2025-09-10 11:30:04
ENA,increased,513320.0,519379.0,413268.7988,418120.87016,1757503814293,2025-09-10 11:30:14
ENA,increased,519379.0,619072.0,418183.19564,498074.3776,1757503858456,2025-09-10 11:30:58
ENA,decreased,619072.0,1.0,509335.29728,0.82358,1757507712978,2025-09-10 12:35:12
ENA,increased,1.0,123763.0,0.80832,99963.3751,1757515167776,2025-09-10 14:39:27
ENA,increased,123763.0,139133.0,99927.48383,112281.72233,1757515543116,2025-09-10 14:45:43
ENA,increased,139133.0,143186.0,112281.72233,115552.53386,1757515547621,2025-09-10 14:45:47
ENA,increased,143186.0,143439.0,115555.39758,115768.18251,1757515573091,2025-09-10 14:46:13
ENA,increased,143439.0,152201.0,115768.18251,122788.15675,1757515577506,2025-09-10 14:46:17
ENA,increased,152201.0,152230.0,122788.15675,122866.3553,1757515582170,2025-09-10 14:46:22
ENA,increased,152230.0,155361.0,122872.4445,125376.327,1757515633685,2025-09-10 14:47:13
ENA,increased,155361.0,247678.0,125376.327,199730.01598,1757515640607,2025-09-10 14:47:20
ENA,increased,247678.0,252304.0,199675.52682,203354.50096,1757516262790,2025-09-10 14:57:42
ENA,increased,252304.0,383048.0,203354.50096,308353.64,1757516268235,2025-09-10 14:57:48
ENA,increased,383048.0,400337.0,308353.64,322187.21423,1757516272484,2025-09-10 14:57:52
ENA,increased,400337.0,495970.0,322211.23445,399136.8172,1757516281788,2025-09-10 14:58:01
ENA,increased,495970.0,607101.0,398735.0815,488078.84895,1757518326280,2025-09-10 15:32:06
ENA,increased,607101.0,620348.0,488078.84895,498759.792,1757518330896,2025-09-10 15:32:10
ENA,increased,620348.0,745191.0,497270.9568,597181.16358,1757518878614,2025-09-10 15:41:18
ENA,increased,745191.0,870219.0,596018.66562,696088.1781,1757518896973,2025-09-10 15:41:36
ENA,increased,870219.0,873646.0,696044.66715,698261.5655,1757519183417,2025-09-10 15:46:23
ENA,increased,873646.0,883893.0,698261.5655,706230.507,1757519187891,2025-09-10 15:46:27
ENA,increased,883893.0,888390.0,706539.86955,709788.0744,1757519202650,2025-09-10 15:46:42
ENA,increased,888390.0,892344.0,709788.0744,712947.16224,1757519207113,2025-09-10 15:46:47
ENA,increased,892344.0,941662.0,713321.94672,752435.0211,1757519230530,2025-09-10 15:47:10
ENA,increased,941662.0,945059.0,752435.0211,754988.73392,1757519235587,2025-09-10 15:47:15
ENA,increased,945059.0,995375.0,755139.94336,795025.92,1757519245375,2025-09-10 15:47:25
ENA,increased,995375.0,1120688.0,794299.29625,894084.8864,1757519336870,2025-09-10 15:48:56
ENA,increased,1120688.0,1145433.0,893558.16304,912910.101,1757519479133,2025-09-10 15:51:19
ENA,increased,1145433.0,1194029.0,912910.101,951545.59068,1757519483973,2025-09-10 15:51:23
ENA,increased,1194029.0,1213504.0,951545.59068,966907.85216,1757519489805,2025-09-10 15:51:29
ENA,increased,1213504.0,1246158.0,966847.17696,992876.3865,1757519497844,2025-09-10 15:51:37
ENA,increased,1246158.0,1341228.0,992315.6154,1068019.8564,1757519804701,2025-09-10 15:56:44
ENA,increased,1341228.0,1371786.0,1068019.8564,1091310.63444,1757519809399,2025-09-10 15:56:49
ENA,increased,1371786.0,1497730.0,1089609.6198,1188658.4372,1757519863850,2025-09-10 15:57:43
ENA,increased,1497730.0,1563933.0,1187400.344,1240073.75436,1757519873582,2025-09-10 15:57:53
ENA,increased,1563933.0,1566689.0,1240073.75436,1241413.02982,1757519878349,2025-09-10 15:57:58
ENA,increased,1566689.0,1566941.0,1241930.03719,1241988.77542,1757520169879,2025-09-10 16:02:49
ENA,increased,1566941.0,1571057.0,1241988.77542,1245015.54079,1757520174100,2025-09-10 16:02:54
ENA,increased,1571057.0,1623912.0,1245031.25136,1286187.02136,1757520183840,2025-09-10 16:03:03
ENA,increased,1623912.0,1630331.0,1281510.1548,1286249.64245,1757520507600,2025-09-10 16:08:27
ENA,increased,1630331.0,1671156.0,1286249.64245,1318207.8528,1757520512078,2025-09-10 16:08:32
ENA,increased,1671156.0,1709097.0,1318207.8528,1348050.25875,1757520516609,2025-09-10 16:08:36
ENA,increased,1709097.0,1750654.0,1348050.25875,1380565.7444,1757520521595,2025-09-10 16:08:41
ENA,increased,1750654.0,1868562.0,1378552.4923,1470782.52144,1757520540755,2025-09-10 16:09:00
ENA,increased,1868562.0,1877718.0,1470651.7221,1476487.21776,1757520721196,2025-09-10 16:12:01
ENA,increased,1877718.0,1882516.0,1481106.40404,1484457.9918,1757525126460,2025-09-10 17:25:26
ENA,increased,1882516.0,1891996.0,1484570.94276,1492046.96556,1757525136405,2025-09-10 17:25:36
ENA,increased,1891996.0,1892275.0,1492046.96556,1492285.9105,1757525141332,2025-09-10 17:25:41
ENA,increased,1892275.0,1896435.0,1492285.9105,1495490.7123,1757525148776,2025-09-10 17:25:48
ENA,increased,1896435.0,1964095.0,1495490.7123,1548551.42085,1757525150570,2025-09-10 17:25:50
ENA,increased,1964095.0,2004502.0,1548551.42085,1579507.48596,1757525157350,2025-09-10 17:25:57
ENA,increased,2004502.0,2047278.0,1561466.96796,1594829.562,1757540367014,2025-09-10 21:39:27
ENA,increased,2047278.0,2056867.0,1594809.08922,1602093.7063,1757540377039,2025-09-10 21:39:37
ENA,increased,2056867.0,2060201.0,1602093.7063,1604772.96694,1757540382116,2025-09-10 21:39:42
ENA,increased,2060201.0,2061542.0,1604690.5589,1605941.218,1757540392190,2025-09-10 21:39:52
ENA,increased,2061542.0,2061774.0,1605941.218,1606163.18148,1757540397016,2025-09-10 21:39:57
ENA,increased,2061774.0,2069516.0,1606431.2121,1612152.964,1757540406880,2025-09-10 21:40:06
ENA,increased,2069516.0,2071693.0,1612152.964,1614035.29937,1757540412052,2025-09-10 21:40:12
ENA,increased,2071693.0,2093079.0,1614035.29937,1630696.91811,1757540417085,2025-09-10 21:40:17
ENA,increased,2093079.0,2101150.0,1631136.4647,1637090.011,1757540465863,2025-09-10 21:41:05
ENA,increased,2101150.0,2126602.0,1637090.011,1656516.6279,1757540471793,2025-09-10 21:41:11
ENA,increased,2126602.0,2128633.0,1656516.6279,1658268.96599,1757540476764,2025-09-10 21:41:16
ENA,increased,2128633.0,2130079.0,1658268.96599,1659501.94732,1757540481646,2025-09-10 21:41:21
ENA,increased,2130079.0,2132871.0,1659352.84179,1661293.2219,1757540496673,2025-09-10 21:41:36
ENA,increased,2132871.0,2133452.0,1659885.52704,1660252.3464,1757540611304,2025-09-10 21:43:31
ENA,increased,2133452.0,2142620.0,1660252.3464,1666979.7862,1757540616571,2025-09-10 21:43:36
ENA,increased,2142620.0,2150362.0,1667108.3434,1673132.16134,1757540796534,2025-09-10 21:46:36
ENA,increased,2150362.0,2153846.0,1673175.16858,1675799.8803,1757540806708,2025-09-10 21:46:46
ENA,increased,2153846.0,2261405.0,1675799.8803,1759146.9495,1757540812149,2025-09-10 21:46:52
ENA,increased,2261405.0,2390105.0,1765478.8835,1855414.61045,1757547588268,2025-09-10 23:39:48
ENA,increased,2390105.0,2454679.0,1850060.77525,1899921.546,1757549899544,2025-09-11 00:18:19
ENA,increased,2454679.0,2457229.0,1900265.20106,1902239.25806,1757549923618,2025-09-11 00:18:43
ENA,increased,2457229.0,2484324.0,1902239.25806,1922245.695,1757549928553,2025-09-11 00:18:48
ENA,increased,2484324.0,2485191.0,1922245.695,1923289.3149,1757549932984,2025-09-11 00:18:52
ENA,increased,2485191.0,2487024.0,1923637.24164,1924956.576,1757549947761,2025-09-11 00:19:07
ENA,increased,2487024.0,2488182.0,1924956.576,1925753.34072,1757549952799,2025-09-11 00:19:12
ENA,increased,2488182.0,2616165.0,1944215.65116,2044166.6844,1757585690586,2025-09-11 10:14:50
ENA,increased,2616165.0,2616398.0,2044245.16935,2043720.80576,1757586200466,2025-09-11 10:23:20
ENA,increased,2616398.0,2744205.0,2043668.4778,2142592.93785,1757586229798,2025-09-11 10:23:49
ENA,increased,2744205.0,2758746.0,2137406.3904,2148456.20988,1757586407793,2025-09-11 10:26:47
ENA,increased,2758746.0,2872574.0,2148456.20988,2236586.1164,1757586412874,2025-09-11 10:26:52
ENA,increased,2872574.0,2881793.0,2229031.24678,2236329.00386,1757586501729,2025-09-11 10:28:21
ENA,increased,2881793.0,2910468.0,2236559.5473,2259221.68032,1757586511667,2025-09-11 10:28:31
ENA,increased,2910468.0,2979356.0,2259832.8786,2313469.934,1757586526424,2025-09-11 10:28:46
ENA,increased,2979356.0,2984863.0,2313469.934,2316522.32567,1757586531211,2025-09-11 10:28:51
ENA,increased,2984863.0,2987863.0,2316522.32567,2318731.08115,1757586536053,2025-09-11 10:28:56
ENA,increased,2987863.0,3001423.0,2318462.17348,2328984.19108,1757586546151,2025-09-11 10:29:06
ENA,increased,3001423.0,3007539.0,2323191.44469,2327805.11061,1757590346564,2025-09-11 11:32:26
ENA,increased,3007539.0,3032519.0,2327654.73366,2345744.42207,1757590391228,2025-09-11 11:33:11
ENA,increased,3032519.0,3074047.0,2346745.15334,2376730.17852,1757591009464,2025-09-11 11:43:29
ENA,increased,3074047.0,3085072.0,2376730.17852,2385007.46176,1757591019063,2025-09-11 11:43:39
ENA,increased,3085072.0,3099200.0,2385254.26752,2396115.488,1757591029031,2025-09-11 11:43:49
ENA,increased,3099200.0,3104746.0,2395960.528,2399968.658,1757591199370,2025-09-11 11:46:39
ENA,increased,3104746.0,3161885.0,2399968.658,2442903.96985,1757591203350,2025-09-11 11:46:43
ENA,increased,3161885.0,3166775.0,2441070.07655,2444845.30325,1757591367921,2025-09-11 11:49:27
ENA,increased,3166775.0,3173536.0,2444845.30325,2449620.70304,1757591372807,2025-09-11 11:49:32
ENA,increased,3173536.0,3183870.0,2449620.70304,2457438.2208,1757591377495,2025-09-11 11:49:37
ENA,increased,3183870.0,3184535.0,2457438.2208,2458301.79325,1757591382786,2025-09-11 11:49:42
ENA,increased,3184535.0,3194881.0,2458301.79325,2465170.1796,1757591387924,2025-09-11 11:49:47
ENA,increased,3194881.0,3195789.0,2465170.1796,2466733.65543,1757591392794,2025-09-11 11:49:52
ENA,increased,3195789.0,3195811.0,2466733.65543,2466782.59468,1757591397669,2025-09-11 11:49:57
ENA,increased,3195811.0,3197088.0,2466782.59468,2467608.43104,1757591402781,2025-09-11 11:50:02
ENA,increased,3197088.0,3205026.0,2467608.43104,2473607.01654,1757591407765,2025-09-11 11:50:07
ENA,increased,3205026.0,3205969.0,2473607.01654,2474366.8742,1757591412717,2025-09-11 11:50:12
ENA,increased,3205969.0,3273453.0,2474366.8742,2526451.0254,1757591417756,2025-09-11 11:50:17
ENA,increased,3273453.0,3291418.0,2526451.0254,2539888.52806,1757591422620,2025-09-11 11:50:22
ENA,increased,3291418.0,3422022.0,2520140.02006,2609223.33456,1757591791441,2025-09-11 11:56:31
ENA,increased,3422022.0,3553172.0,2609223.33456,2716044.6768,1757591796477,2025-09-11 11:56:36
ENA,increased,3553172.0,3683993.0,2716044.6768,2821201.8394,1757591801395,2025-09-11 11:56:41
ENA,increased,3683993.0,3814814.0,2821201.8394,2922300.11656,1757591806481,2025-09-11 11:56:46
ENA,increased,3814814.0,3831349.0,2918256.41372,2930560.53661,1757592225600,2025-09-11 12:03:45
ENA,increased,3831349.0,3945532.0,2930560.53661,3016319.75868,1757592230671,2025-09-11 12:03:50
ENA,increased,3945532.0,4076422.0,3010638.1926,3103787.7108,1757593832925,2025-09-11 12:30:32
ENA,increased,4076422.0,4205955.0,3106600.44198,3199007.31345,1757599435556,2025-09-11 14:03:55
ENA,increased,4205955.0,4337533.0,3195768.7281,3295874.45005,1757599446547,2025-09-11 14:04:06
ENA,increased,4337533.0,4380152.0,3299778.22975,3329484.93976,1757599465852,2025-09-11 14:04:25
ENA,increased,4380152.0,4469111.0,3329484.93976,3399608.04659,1757599470901,2025-09-11 14:04:30
ENA,increased,4469111.0,4600863.0,3398088.54885,3492055.017,1757599520617,2025-09-11 14:05:20
ENA,increased,4600863.0,4732963.0,3480736.89402,3577978.03911,1757599572118,2025-09-11 14:06:12
ENA,increased,4732963.0,4865413.0,3577978.03911,3676062.79215,1757599581164,2025-09-11 14:06:21
ENA,increased,4865413.0,4998038.0,3683847.45295,3775517.9052,1757599642222,2025-09-11 14:07:22
ENA,increased,4998038.0,5130840.0,3778216.84572,3874451.2092,1757599711832,2025-09-11 14:08:31
ENA,increased,5130840.0,5263642.0,3879941.208,3975312.98408,1757599756875,2025-09-11 14:09:16
ENA,increased,5263642.0,5396444.0,3972523.25382,4068487.06048,1757599781722,2025-09-11 14:09:41
ENA,increased,5396444.0,5512883.0,4061849.43436,4145908.53132,1757599797207,2025-09-11 14:09:57
ENA,increased,5512883.0,5529422.0,4153130.40805,4163267.70646,1757599817926,2025-09-11 14:10:17
ENA,increased,5529422.0,5662755.0,4163101.8238,4264394.2803,1757600200678,2025-09-11 14:16:40
ENA,increased,5662755.0,5679071.0,4247066.25,4259360.04071,1757600654594,2025-09-11 14:24:14
ENA,increased,5679071.0,5679106.0,4259360.04071,4260238.15696,1757600659895,2025-09-11 14:24:19
ENA,increased,5679106.0,5680146.0,4260238.15696,4260507.11022,1757600665370,2025-09-11 14:24:25
ENA,increased,5680146.0,5683550.0,4261643.13942,4263628.7035,1757600684669,2025-09-11 14:24:44
ENA,increased,5683550.0,5796075.0,4263628.7035,4345897.035,1757600690899,2025-09-11 14:24:50
ENA,increased,5796075.0,5863557.0,4378355.055,4425812.8236,1757603369946,2025-09-11 15:09:29
ENA,increased,5863557.0,5902112.0,4428275.51754,4456212.60224,1757603403921,2025-09-11 15:10:03
ENA,increased,5902112.0,5905592.0,4456271.62336,4458308.56856,1757603469067,2025-09-11 15:11:09
ENA,increased,5905592.0,5908087.0,4458308.56856,4460251.19978,1757603474427,2025-09-11 15:11:14
ENA,increased,5908087.0,5928525.0,4460251.19978,4475680.6635,1757603479345,2025-09-11 15:11:19
ENA,decreased,5928525.0,5632099.0,4626146.628,4394839.49168,1757635041002,2025-09-11 23:57:21
ENA,decreased,5632099.0,5601878.0,4402048.5784,4379884.33308,1757637149741,2025-09-12 00:32:29
ENA,decreased,5601878.0,5496801.0,4378875.99504,4296904.30971,1757637338652,2025-09-12 00:35:38
ENA,decreased,5496801.0,5350495.0,4296904.30971,4186227.288,1757637343611,2025-09-12 00:35:43
ENA,decreased,5350495.0,5247074.0,4188474.4959,4108406.47126,1757637393553,2025-09-12 00:36:33
ENA,decreased,5247074.0,5229941.0,4108406.47126,4095043.803,1757637398367,2025-09-12 00:36:38
ENA,decreased,5229941.0,5229354.0,4095043.803,4094531.88846,1757637403424,2025-09-12 00:36:43
ENA,decreased,5229354.0,5217208.0,4094531.88846,4085073.864,1757637408522,2025-09-12 00:36:48
ENA,decreased,5217208.0,5217119.0,4085073.864,4084952.00581,1757637413213,2025-09-12 00:36:53
ENA,decreased,5217119.0,5200986.0,4084952.00581,4072320.02814,1757637418474,2025-09-12 00:36:58
ENA,decreased,5200986.0,5183981.0,4072320.02814,4059005.28319,1757637423542,2025-09-12 00:37:03
ENA,decreased,5183981.0,5125607.0,4059005.28319,4013299.02493,1757637428458,2025-09-12 00:37:08
ENA,decreased,5125607.0,5068891.0,4013299.02493,3968890.96409,1757637433381,2025-09-12 00:37:13
ENA,decreased,5068891.0,5009123.0,3973148.83253,3926501.24601,1757637663116,2025-09-12 00:41:03
ENA,decreased,5009123.0,5002552.0,3926501.24601,3921400.46176,1757637668149,2025-09-12 00:41:08
ENA,decreased,5002552.0,4997495.0,3921400.46176,3918036.08,1757637673300,2025-09-12 00:41:13
ENA,decreased,4997495.0,4995131.0,3918036.08,3916182.704,1757637678007,2025-09-12 00:41:18
ENA,decreased,4995131.0,4994895.0,3916182.704,3915947.73105,1757637683024,2025-09-12 00:41:23
ENA,decreased,4994895.0,4934707.0,3915947.73105,3868760.94093,1757637687765,2025-09-12 00:41:27
ENA,decreased,4934707.0,4787287.0,3868415.51144,3753185.13513,1757637697887,2025-09-12 00:41:37
ENA,decreased,4787287.0,4738292.0,3754429.82975,3716289.79852,1757637722999,2025-09-12 00:42:02
ENA,decreased,4738292.0,4736971.0,3718327.26408,3717859.05906,1757637792833,2025-09-12 00:43:12
ENA,decreased,4736971.0,4736852.0,3717859.05906,3717434.08108,1757637797756,2025-09-12 00:43:17
ENA,decreased,4736852.0,4732997.0,3717955.1348,3715402.645,1757637807810,2025-09-12 00:43:27
ENA,decreased,4732997.0,4732374.0,3715402.645,3714440.3526,1757637812860,2025-09-12 00:43:32
ENA,decreased,4732374.0,4719919.0,3714440.3526,3705089.21581,1757637817866,2025-09-12 00:43:37
ENA,decreased,4719919.0,4697968.0,3705089.21581,3687200.1848,1757637822749,2025-09-12 00:43:42
ENA,decreased,4697968.0,4693663.0,3687106.22544,3683727.53229,1757637847894,2025-09-12 00:44:07
ENA,decreased,4693663.0,4688034.0,3683727.53229,3680106.69,1757637852796,2025-09-12 00:44:12
ENA,decreased,4688034.0,4687907.0,3680106.69,3679678.84151,1757637857817,2025-09-12 00:44:17
ENA,decreased,4687907.0,4505683.0,3679678.84151,3537141.38232,1757637863533,2025-09-12 00:44:23
ENA,decreased,4505683.0,4224079.0,3537727.12111,3317000.27554,1757637872700,2025-09-12 00:44:32
ENA,decreased,4224079.0,4221551.0,3317000.27554,3320629.80109,1757637877931,2025-09-12 00:44:37
ENA,decreased,4221551.0,3941355.0,3320629.80109,3102004.0392,1757637883940,2025-09-12 00:44:43
ENA,decreased,3941355.0,3938415.0,3103974.7167,3100635.3612,1757637896164,2025-09-12 00:44:56
ENA,decreased,3938415.0,3901351.0,3102880.25775,3074225.57449,1757638195735,2025-09-12 00:49:55
ENA,decreased,3901351.0,3897719.0,3072196.87197,3070856.89134,1757638210555,2025-09-12 00:50:10
ENA,decreased,3897719.0,3890341.0,3070856.89134,3065549.80459,1757638215765,2025-09-12 00:50:15
ENA,decreased,3890341.0,3876490.0,3065549.80459,3054596.5902,1757638225765,2025-09-12 00:50:25
ENA,decreased,3876490.0,3866921.0,3054596.5902,3047133.748,1757638230713,2025-09-12 00:50:30
ENA,decreased,3866921.0,3554194.0,3047133.748,2804223.52406,1757638235681,2025-09-12 00:50:35
ENA,decreased,3554194.0,3536351.0,2804223.52406,2789084.67019,1757638240639,2025-09-12 00:50:40
ENA,decreased,3536351.0,3451210.0,2789084.67019,2723004.69,1757638245631,2025-09-12 00:50:45
ENA,decreased,3451210.0,3450951.0,2723004.69,2719073.31192,1757638264968,2025-09-12 00:51:04
ENA,decreased,3450951.0,3428290.0,2702888.35173,2686030.9321,1757660882649,2025-09-12 07:08:02
ENA,decreased,3428290.0,3404048.0,2686030.9321,2667037.56752,1757660887799,2025-09-12 07:08:07
ENA,decreased,3404048.0,3404034.0,2665709.9888,2666822.35662,1757660897548,2025-09-12 07:08:17
ENA,decreased,3404034.0,3402947.0,2667026.59866,2666174.94503,1757660907652,2025-09-12 07:08:27
ENA,decreased,3402947.0,3400281.0,2666174.94503,2664086.16069,1757660912458,2025-09-12 07:08:32
ENA,decreased,3400281.0,3289342.0,2664086.16069,2577166.56358,1757660917566,2025-09-12 07:08:37
ENA,decreased,3289342.0,3289309.0,2577166.56358,2577140.70841,1757660927675,2025-09-12 07:08:47
ENA,decreased,3289309.0,3281640.0,2575298.69537,2570475.7956,1757660972058,2025-09-12 07:09:32
ENA,decreased,3281640.0,3281607.0,2570246.0808,2571139.0845,1757660987588,2025-09-12 07:09:47
ENA,decreased,3281607.0,3281564.0,2571139.0845,2571072.57836,1757660992525,2025-09-12 07:09:52
ENA,decreased,3281564.0,3281480.0,2571072.57836,2570875.506,1757660997355,2025-09-12 07:09:57
ENA,decreased,3281480.0,3281436.0,2570875.506,2570709.77676,1757661002038,2025-09-12 07:10:02
ENA,increased,3281436.0,3302634.0,2541176.85276,2556734.1111,1757662308569,2025-09-12 07:31:48
ENA,increased,3302634.0,3305029.0,2556734.1111,2558125.49629,1757662313838,2025-09-12 07:31:53
ENA,increased,3305029.0,3311680.0,2558125.49629,2563107.8528,1757662318566,2025-09-12 07:31:58
ENA,increased,3311680.0,3313012.0,2562876.0352,2564105.6374,1757662343608,2025-09-12 07:32:23
ENA,increased,3313012.0,3319750.0,2564105.6374,2568988.5375,1757662348627,2025-09-12 07:32:28
ENA,increased,3319750.0,3337544.0,2568988.5375,2582791.79984,1757662353568,2025-09-12 07:32:33
ENA,increased,3337544.0,3340576.0,2582791.79984,2585338.57792,1757662358631,2025-09-12 07:32:38
ENA,increased,3340576.0,3343171.0,2585338.57792,2587346.90032,1757662363680,2025-09-12 07:32:43
ENA,increased,3343171.0,3376558.0,2587346.90032,2612679.28366,1757662368674,2025-09-12 07:32:48
ENA,increased,3376558.0,3410634.0,2612679.28366,2640103.56672,1757662374025,2025-09-12 07:32:54
ENA,increased,3410634.0,3413118.0,2637886.65462,2638749.78816,1757662428658,2025-09-12 07:33:48
ENA,increased,3413118.0,3414318.0,2639398.28058,2639848.24806,1757662458603,2025-09-12 07:34:18
ENA,increased,3414318.0,3540000.0,2639506.81626,2736667.8,1757662478688,2025-09-12 07:34:38
ENA,increased,3540000.0,3550205.0,2733765.0,2740261.2313,1757662538496,2025-09-12 07:35:38
ENA,increased,3550205.0,3552719.0,2740261.2313,2742201.68734,1757662543530,2025-09-12 07:35:43
ENA,increased,3552719.0,3598608.0,2742201.68734,2777657.55696,1757662548982,2025-09-12 07:35:48
ENA,increased,3598608.0,3601481.0,2777657.55696,2780055.21352,1757662553590,2025-09-12 07:35:53
ENA,increased,3601481.0,3646273.0,2780811.52453,2815396.77149,1757662808399,2025-09-12 07:40:08
ENA,increased,3646273.0,3664512.0,2814740.44235,2829039.90912,1757662853348,2025-09-12 07:40:53
ENA,increased,3664512.0,3671873.0,2828710.10304,2835346.89314,1757662868385,2025-09-12 07:41:08
ENA,increased,3671873.0,3673523.0,2835126.58076,2835518.93324,1757662883245,2025-09-12 07:41:23
ENA,increased,3673523.0,3689347.0,2837612.84135,2847770.05583,1757663892633,2025-09-12 07:58:12
ENA,increased,3689347.0,3689847.0,2847770.05583,2848598.78247,1757663897975,2025-09-12 07:58:17
ENA,increased,3689847.0,3693648.0,2849189.15799,2851607.06544,1757663922985,2025-09-12 07:58:42
ENA,increased,3693648.0,3693987.0,2851607.06544,2851351.62543,1757663942890,2025-09-12 07:59:02
ENA,increased,3693987.0,3697510.0,2851351.62543,2853331.4919,1757663947944,2025-09-12 07:59:07
ENA,increased,3697510.0,3697529.0,2853331.4919,2854011.70923,1757663952939,2025-09-12 07:59:12
ENA,increased,3697529.0,3701207.0,2854011.70923,2856665.58674,1757663957919,2025-09-12 07:59:17
ENA,increased,3701207.0,3702247.0,2856665.58674,2857838.50424,1757663962980,2025-09-12 07:59:22
ENA,increased,3702247.0,3702395.0,2857579.34695,2857693.58075,1757663982492,2025-09-12 07:59:42
ENA,increased,3702395.0,3704787.0,2857693.58075,2859391.65447,1757663988083,2025-09-12 07:59:48
ENA,increased,3704787.0,3791101.0,2859391.65447,2925858.01877,1757663992942,2025-09-12 07:59:52
ENA,increased,3791101.0,3791259.0,2926654.14998,2926776.12282,1757664012512,2025-09-12 08:00:12
ENA,increased,3791259.0,3799066.0,2926776.12282,2932119.1388,1757664017434,2025-09-12 08:00:17
ENA,increased,3799066.0,3928936.0,2925622.73594,3023080.51584,1757664242012,2025-09-12 08:04:02
ENA,increased,3928936.0,3929418.0,3024180.61792,3025612.56582,1757664272301,2025-09-12 08:04:32
ENA,increased,3929418.0,3933837.0,3025612.56582,3029211.84348,1757664278361,2025-09-12 08:04:38
ENA,increased,3933837.0,4020487.0,3029290.52022,3095011.09747,1757664291986,2025-09-12 08:04:51
ENA,increased,4020487.0,4022548.0,3095011.09747,3096476.99944,1757664297042,2025-09-12 08:04:57
ENA,increased,4022548.0,4027211.0,3096476.99944,3100106.75569,1757664302088,2025-09-12 08:05:02
ENA,increased,4027211.0,4046388.0,3100106.75569,3114909.4824,1757664307093,2025-09-12 08:05:07
ENA,increased,4046388.0,4046797.0,3114909.4824,3115224.3306,1757664312242,2025-09-12 08:05:12
ENA,increased,4046797.0,4047297.0,3115224.3306,3116054.43327,1757664317118,2025-09-12 08:05:17
ENA,increased,4047297.0,4058806.0,3116054.43327,3124103.56626,1757664322151,2025-09-12 08:05:22
ENA,increased,4058806.0,4059984.0,3122845.3364,3123142.692,1757664411970,2025-09-12 08:06:51
ENA,increased,4059984.0,4060003.0,3121599.89808,3121249.10634,1757664492071,2025-09-12 08:08:12
ENA,increased,4060003.0,4060503.0,3121249.10634,3122080.15167,1757664497003,2025-09-12 08:08:17
ENA,increased,4060503.0,4074771.0,3122080.15167,3132846.93564,1757664502117,2025-09-12 08:08:22
ENA,increased,4074771.0,4078874.0,3132683.9448,3135715.96498,1757664512070,2025-09-12 08:08:32
ENA,increased,4078874.0,4079262.0,3135715.96498,3136055.04036,1757664517279,2025-09-12 08:08:37
ENA,increased,4079262.0,4113799.0,3136055.04036,3162606.39522,1757664521921,2025-09-12 08:08:41
ENA,increased,4113799.0,4123634.0,3162606.39522,3170043.6375,1757664526931,2025-09-12 08:08:46
ENA,increased,4123634.0,4146929.0,3170043.6375,3187951.66875,1757664531927,2025-09-12 08:08:51
ENA,increased,4146929.0,4188845.0,3188034.60733,3220258.37065,1757664542052,2025-09-12 08:09:02
ENA,increased,4188845.0,4319053.0,3218666.60955,3313361.50895,1757664991984,2025-09-12 08:16:31
ENA,increased,4319053.0,4319553.0,3309733.50443,3308993.57565,1757665097164,2025-09-12 08:18:17
ENA,increased,4319553.0,4580149.0,3310980.57003,3506653.67738,1757669286805,2025-09-12 09:28:06
ENA,increased,4580149.0,4580223.0,3503768.18351,3503824.79277,1757669756610,2025-09-12 09:35:56
ENA,increased,4580223.0,4586223.0,3504786.6396,3507635.07486,1757669871072,2025-09-12 09:37:51
ENA,increased,4586223.0,4586972.0,3507635.07486,3508253.79476,1757669876070,2025-09-12 09:37:56
ENA,increased,4586972.0,4587472.0,3509675.75608,3510058.32608,1757669896104,2025-09-12 09:38:16
ENA,increased,4587472.0,4665201.0,3510058.32608,3568832.11299,1757669901055,2025-09-12 09:38:21
ENA,increased,4665201.0,4665964.0,3568832.11299,3569182.50216,1757669906148,2025-09-12 09:38:26
ENA,increased,4665964.0,4666284.0,3569275.82144,3569053.98024,1757669936106,2025-09-12 09:38:56
ENA,increased,4666284.0,4676100.0,3569380.62012,3576655.368,1757669956072,2025-09-12 09:39:16
ENA,increased,4676100.0,4677100.0,3576655.368,3576999.309,1757669961263,2025-09-12 09:39:21
ENA,increased,4677100.0,4677849.0,3576999.309,3577385.02275,1757669966024,2025-09-12 09:39:26
ENA,increased,4677849.0,4690531.0,3577712.47218,3587693.35128,1757669981158,2025-09-12 09:39:41
ENA,increased,4690531.0,4841585.0,3587693.35128,3702989.45555,1757669986132,2025-09-12 09:39:46
ENA,increased,4841585.0,4972475.0,3700859.15815,3796484.6625,1757670140947,2025-09-12 09:42:20
ENA,increased,4972475.0,5006826.0,3787136.4095,3810895.54164,1757671560471,2025-09-12 10:06:00
ENA,increased,5006826.0,5021072.0,3810895.54164,3824650.96384,1757671565450,2025-09-12 10:06:05
ENA,increased,5021072.0,5022098.0,3824098.64592,3824277.40602,1757671576518,2025-09-12 10:06:16
ENA,increased,5022098.0,5022862.0,3824026.30112,3824658.2699,1757671585257,2025-09-12 10:06:25
ENA,increased,5022862.0,5103794.0,3824959.64162,3883732.0443,1757671600388,2025-09-12 10:06:40
ENA,increased,5103794.0,5235286.0,3883476.8546,3984104.99886,1757672065790,2025-09-12 10:14:25
ENA,increased,5235286.0,5367212.0,3981696.7673,4082086.75872,1757675986734,2025-09-12 11:19:46
ENA,increased,5367212.0,5499487.0,4057075.5508,4154312.4798,1757676815489,2025-09-12 11:33:35
ENA,increased,5499487.0,5633617.0,4100087.53798,4200086.81818,1757691558182,2025-09-12 15:39:18
ENA,increased,5633617.0,5767751.0,4200086.81818,4300838.88817,1757691562901,2025-09-12 15:39:22
ENA,decreased,5767751.0,5744495.0,4468276.6997,4451983.625,1757701361711,2025-09-12 18:22:41
ENA,decreased,5744495.0,5704406.0,4451983.625,4420914.65,1757701366870,2025-09-12 18:22:46
ENA,decreased,5704406.0,5663484.0,4420914.65,4389200.1,1757701372206,2025-09-12 18:22:52
ENA,decreased,5663484.0,5631488.0,4389200.1,4364346.88512,1757701376809,2025-09-12 18:22:56
ENA,decreased,5631488.0,5590044.0,4364346.88512,4332228.19956,1757701381819,2025-09-12 18:23:01
ENA,decreased,5590044.0,5479364.0,4332228.19956,4246452.30636,1757701387482,2025-09-12 18:23:07
ENA,decreased,5479364.0,5358720.0,4246507.1,4154347.68,1757701459850,2025-09-12 18:24:19
ENA,decreased,5358720.0,5357591.0,4154347.68,4153525.99866,1757701465099,2025-09-12 18:24:25
ENA,decreased,5357591.0,5224677.0,4153525.99866,4050744.32487,1757701470178,2025-09-12 18:24:30
ENA,decreased,5224677.0,5190977.0,4050692.0781,4025602.6635,1757701510231,2025-09-12 18:25:10
ENA,decreased,5190977.0,5101390.0,4034271.59509,3964953.3497,1757701550087,2025-09-12 18:25:50
ENA,decreased,5101390.0,4931429.0,3964953.3497,3833051.81883,1757701555471,2025-09-12 18:25:55
ENA,decreased,4931429.0,4906446.0,3839511.99082,3820060.72668,1757704708880,2025-09-12 19:18:28
ENA,decreased,4906446.0,4905365.0,3820060.72668,3821279.335,1757704713561,2025-09-12 19:18:33
ENA,decreased,4905365.0,4895111.0,3821279.335,3811039.71794,1757704719195,2025-09-12 19:18:39
ENA,decreased,4895111.0,4893984.0,3811039.71794,3810162.30336,1757704723150,2025-09-12 19:18:43
ENA,decreased,4893984.0,4893934.0,3812315.65632,3812276.70732,1757704748595,2025-09-12 19:19:08
ENA,decreased,4893934.0,4859160.0,3812276.70732,3785237.0484,1757704753367,2025-09-12 19:19:13
ENA,decreased,4859160.0,4783487.0,3785237.0484,3726336.373,1757704758344,2025-09-12 19:19:18
ENA,decreased,4783487.0,4771985.0,3723753.29002,3721384.7824,1757704809448,2025-09-12 19:20:09
ENA,decreased,4771985.0,4724081.0,3721384.7824,3684735.93919,1757704813291,2025-09-12 19:20:13
ENA,decreased,4724081.0,4669396.0,3684735.93919,3641288.38872,1757704819311,2025-09-12 19:20:19
ENA,decreased,4669396.0,4649581.0,3640821.44912,3625650.27218,1757704833426,2025-09-12 19:20:33
ENA,decreased,4649581.0,4632342.0,3625650.27218,3613226.76,1757704838719,2025-09-12 19:20:38
ENA,decreased,4632342.0,4536916.0,3613226.76,3538749.11084,1757704843759,2025-09-12 19:20:43
ENA,decreased,4536916.0,4495243.0,3533440.91912,3501344.7727,1757706275471,2025-09-12 19:44:35
ENA,decreased,4495243.0,4494644.0,3504761.15738,3504249.1946,1757706739141,2025-09-12 19:52:19
ENA,decreased,4494644.0,4489372.0,3504249.1946,3500183.77352,1757706745109,2025-09-12 19:52:25
ENA,decreased,4489372.0,4478424.0,3500632.71072,3492991.58304,1757706754194,2025-09-12 19:52:34
ENA,decreased,4478424.0,4393829.0,3492991.58304,3427010.86684,1757706758965,2025-09-12 19:52:38
ENA,decreased,4393829.0,4375138.0,3427010.86684,3411995.12068,1757706764026,2025-09-12 19:52:44
ENA,decreased,4375138.0,4083225.0,3411995.12068,3184874.66775,1757706769344,2025-09-12 19:52:49
ENA,decreased,4083225.0,4060996.0,3193571.937,3177445.10028,1757706860033,2025-09-12 19:54:20
ENA,decreased,4060996.0,4020059.0,3177445.10028,3144409.74862,1757706865412,2025-09-12 19:54:25
ENA,decreased,4020059.0,3755082.0,3144409.74862,2939665.9437,1757706869950,2025-09-12 19:54:29
ENA,decreased,3755082.0,3708915.0,2936999.83548,2903412.8403,1757706910784,2025-09-12 19:55:10
ENA,decreased,3708915.0,3708757.0,2903412.8403,2903919.64343,1757706915180,2025-09-12 19:55:15
ENA,decreased,3708757.0,3707889.0,2903919.64343,2904018.6648,1757706919976,2025-09-12 19:55:19
ENA,decreased,3707889.0,3689874.0,2904018.6648,2889724.8231,1757706924987,2025-09-12 19:55:24
ENA,decreased,3689874.0,3682238.0,2889724.8231,2883671.04494,1757706929927,2025-09-12 19:55:29
ENA,decreased,3682238.0,3656650.0,2883045.06448,2862718.152,1757706941761,2025-09-12 19:55:41
ENA,decreased,3656650.0,3579502.0,2862169.6545,2803322.78632,1757706999979,2025-09-12 19:56:39
ENA,decreased,3579502.0,3197084.0,2804790.38214,2506066.26424,1757707164351,2025-09-12 19:59:24
ENA,decreased,3197084.0,3146140.0,2507536.92288,2467014.2196,1757707179850,2025-09-12 19:59:39
ENA,decreased,3146140.0,3042577.0,2467014.2196,2386323.56687,1757707184806,2025-09-12 19:59:44
ENA,decreased,3042577.0,2928556.0,2386201.86379,2297627.89536,1757707499550,2025-09-12 20:04:59
ENA,decreased,2928556.0,2871881.0,2297950.03652,2253306.55141,1757707509476,2025-09-12 20:05:09
ENA,decreased,2871881.0,2799749.0,2253162.95736,2196095.11811,1757707579316,2025-09-12 20:06:19
ENA,decreased,2799749.0,2738320.0,2196095.11811,2149499.0504,1757707584545,2025-09-12 20:06:24
ENA,decreased,2738320.0,2736587.0,2155167.3728,2153803.43248,1757707649441,2025-09-12 20:07:29
ENA,decreased,2736587.0,2736573.0,2153803.43248,2141669.39553,1757707654759,2025-09-12 20:07:34
ENA,increased,2736573.0,2865939.0,2115972.97506,2216144.65053,1757708695574,2025-09-12 20:24:55
ENA,increased,2865939.0,2924810.0,2210527.41009,2254589.7885,1757711125251,2025-09-12 21:05:25
ENA,increased,2924810.0,2927810.0,2254589.7885,2257400.0662,1757711130237,2025-09-12 21:05:30
ENA,increased,2927810.0,2995640.0,2257400.0662,2309698.3528,1757711136093,2025-09-12 21:05:36
ENA,increased,2995640.0,3125510.0,2308470.1404,2405923.8327,1757711225704,2025-09-12 21:07:05
ENA,increased,3125510.0,3255380.0,2397547.4659,2490691.238,1757711240475,2025-09-12 21:07:20
ENA,increased,3255380.0,3385375.0,2504396.3878,2604572.11,1757718682279,2025-09-12 23:11:22
ENA,increased,3385375.0,3515337.0,2604876.79375,2706879.79674,1757718691982,2025-09-12 23:11:31
ENA,increased,3515337.0,3645453.0,2702134.09179,2802113.90298,1757718761736,2025-09-12 23:12:41
ENA,increased,3645453.0,3775512.0,2802915.90264,2903330.97288,1757718776747,2025-09-12 23:12:56
ENA,decreased,3775512.0,3757005.0,2934478.94688,2922010.63875,1757720716757,2025-09-12 23:45:16
ENA,decreased,3757005.0,3732278.0,2922010.63875,2902965.8284,1757720721802,2025-09-12 23:45:21
ENA,decreased,3732278.0,3729294.0,2903003.15118,2900905.92378,1757720731786,2025-09-12 23:45:31
ENA,decreased,3729294.0,3721639.0,2900905.92378,2894951.32893,1757720736738,2025-09-12 23:45:36
ENA,decreased,3721639.0,3713622.0,2894951.32893,2889086.50734,1757720741780,2025-09-12 23:45:41
ENA,decreased,3713622.0,3685428.0,2889086.50734,2867262.984,1757720746725,2025-09-12 23:45:46
ENA,decreased,3685428.0,3667659.0,2867262.984,2853438.702,1757720751801,2025-09-12 23:45:51
ENA,decreased,3667659.0,3652314.0,2853438.702,2841208.10688,1757720756962,2025-09-12 23:45:56
ENA,decreased,3652314.0,3643014.0,2841208.10688,2834155.60158,1757720762358,2025-09-12 23:46:02
ENA,decreased,3643014.0,3636395.0,2834155.60158,2828497.12285,1757720766831,2025-09-12 23:46:06
ENA,decreased,3636395.0,3636137.0,2828497.12285,2828114.63586,1757720771450,2025-09-12 23:46:11
ENA,decreased,3636137.0,3627924.0,2828114.63586,2822089.52112,1757720776816,2025-09-12 23:46:16
ENA,decreased,3627924.0,3611919.0,2822089.52112,2809820.14767,1757720781802,2025-09-12 23:46:21
ENA,decreased,3611919.0,3596345.0,2809820.14767,2797560.81205,1757720786856,2025-09-12 23:46:26
ENA,decreased,3596345.0,3586480.0,2797560.81205,2789886.9272,1757720791299,2025-09-12 23:46:31
ENA,decreased,3586480.0,3559351.0,2789886.9272,2769139.48449,1757720796834,2025-09-12 23:46:36
ENA,decreased,3559351.0,3538726.0,2769139.48449,2753093.44074,1757720801260,2025-09-12 23:46:41
ENA,decreased,3538726.0,3519637.0,2753093.44074,2738277.586,1757720806905,2025-09-12 23:46:46
ENA,decreased,3519637.0,3506648.0,2738277.586,2728172.144,1757720811859,2025-09-12 23:46:51
ENA,decreased,3506648.0,3490514.0,2728172.144,2715480.27144,1757720816826,2025-09-12 23:46:56
ENA,decreased,3490514.0,3397961.0,2715480.27144,2643579.67839,1757720822067,2025-09-12 23:47:02
ENA,decreased,3397961.0,3390867.0,2651157.13142,2645418.79872,1757720921777,2025-09-12 23:48:41
ENA,decreased,3390867.0,3370878.0,2645418.79872,2630194.97706,1757720926795,2025-09-12 23:48:46
ENA,decreased,3370878.0,3368572.0,2630194.97706,2628328.303,1757720931699,2025-09-12 23:48:51
ENA,decreased,3368572.0,3358693.0,2628328.303,2620586.62632,1757720936779,2025-09-12 23:48:56
ENA,decreased,3358693.0,3335445.0,2620586.62632,2602981.278,1757720941781,2025-09-12 23:49:01
ENA,decreased,3335445.0,3322589.0,2602981.278,2592782.32615,1757720946778,2025-09-12 23:49:06
ENA,decreased,3322589.0,3311044.0,2592782.32615,2583442.081,1757720951720,2025-09-12 23:49:11
ENA,decreased,3311044.0,3283534.0,2583442.081,2562437.09826,1757720956944,2025-09-12 23:49:16
ENA,decreased,3283534.0,3263140.0,2562437.09826,2546554.456,1757720961931,2025-09-12 23:49:21
ENA,decreased,3263140.0,3254665.0,2546554.456,2539908.01935,1757720966732,2025-09-12 23:49:26
ENA,increased,3254665.0,3325404.0,2472438.8139,2526542.19708,1757749520546,2025-09-13 07:45:20
ENA,increased,3325404.0,3361875.0,2526542.19708,2554621.575,1757749525632,2025-09-13 07:45:25
ENA,increased,3361875.0,3362245.0,2554621.575,2555070.84285,1757749530565,2025-09-13 07:45:30
ENA,increased,3362245.0,3492793.0,2575614.1598,2674920.59112,1757760577781,2025-09-13 10:49:37
ENA,increased,3492793.0,3493305.0,2675409.58214,2674159.91055,1757760657362,2025-09-13 10:50:57
ENA,increased,3493305.0,3495790.0,2674159.91055,2676586.5714,1757760682815,2025-09-13 10:51:22
ENA,increased,3495790.0,3498885.0,2677075.982,2678396.4675,1757760712736,2025-09-13 10:51:52
ENA,increased,3498885.0,3501002.0,2678151.54555,2680017.031,1757760738001,2025-09-13 10:52:18
ENA,increased,3501002.0,3504040.0,2680017.031,2682307.5796,1757760743073,2025-09-13 10:52:23
ENA,increased,3504040.0,3507535.0,2683218.63,2685263.56995,1757760802716,2025-09-13 10:53:22
ENA,increased,3507535.0,3508961.0,2685263.56995,2686425.45199,1757760807924,2025-09-13 10:53:27
ENA,increased,3508961.0,3514417.0,2686671.07926,2690848.52022,1757760863103,2025-09-13 10:54:23
ENA,increased,3514417.0,3515325.0,2691340.5386,2691508.58625,1757761188940,2025-09-13 10:59:48
ENA,increased,3515325.0,3521338.0,2691508.58625,2695619.45238,1757761193920,2025-09-13 10:59:53
ENA,increased,3521338.0,3609073.0,2697344.908,2763467.1961,1757761232565,2025-09-13 11:00:32
ENA,increased,3609073.0,3623426.0,2763467.1961,2772971.68354,1757761237360,2025-09-13 11:00:37
ENA,decreased,3623426.0,3463800.0,2807684.10462,2684029.344,1757764550270,2025-09-13 11:55:50
ENA,decreased,3463800.0,3462739.0,2684029.344,2682860.92242,1757764555376,2025-09-13 11:55:55
ENA,decreased,3462739.0,3462501.0,2682860.92242,2682330.27468,1757764565455,2025-09-13 11:56:05
ENA,decreased,3462501.0,3449143.0,2682330.27468,2672568.45355,1757764570482,2025-09-13 11:56:10
ENA,decreased,3449143.0,3433301.0,2672568.45355,2659812.61771,1757764575470,2025-09-13 11:56:15
ENA,decreased,3433301.0,3421685.0,2659812.61771,2651189.9717,1757764580838,2025-09-13 11:56:20
ENA,decreased,3421685.0,3421653.0,2651771.65815,2651233.61052,1757764620385,2025-09-13 11:57:00
ENA,increased,3421653.0,3552551.0,2614074.45894,2718625.17826,1757766465622,2025-09-13 12:27:45
ENA,increased,3552551.0,3683957.0,2707470.16812,2802091.37334,1757771464079,2025-09-13 13:51:04
ENA,increased,3683957.0,3694007.0,2800507.27183,2807482.26007,1757771478650,2025-09-13 13:51:18
ENA,increased,3694007.0,3839533.0,2809144.56322,2916586.05746,1757771489181,2025-09-13 13:51:29
ENA,increased,3839533.0,3856090.0,2916624.45279,2928970.2813,1757771498827,2025-09-13 13:51:38
ENA,increased,3856090.0,3971111.0,2928970.2813,3012524.51571,1757771503773,2025-09-13 13:51:43
ENA,increased,3971111.0,4101370.0,3002398.18266,3088126.5415,1757771518973,2025-09-13 13:51:58
ENA,increased,4101370.0,4232948.0,3088126.5415,3181483.7168,1757771525691,2025-09-13 13:52:05
ENA,increased,4232948.0,4364526.0,3180764.11564,3287666.50002,1757771534496,2025-09-13 13:52:14
ENA,increased,4364526.0,4368582.0,3314333.75388,3318069.08646,1757777869010,2025-09-13 15:37:49
ENA,increased,4368582.0,4369102.0,3317544.85662,3317939.74982,1757777927558,2025-09-13 15:38:47
ENA,increased,4369102.0,4496191.0,3317939.74982,3414227.59776,1757777934165,2025-09-13 15:38:54
ENA,increased,4496191.0,4628291.0,3406314.3016,3502042.66806,1757780182532,2025-09-13 16:16:22
ENA,increased,4628291.0,4760566.0,3498478.88399,3596655.21866,1757780252765,2025-09-13 16:17:32
ENA,increased,4760566.0,4765094.0,3596798.03564,3597455.36624,1757781318396,2025-09-13 16:35:18
ENA,increased,4765094.0,4893016.0,3597455.36624,3691535.9212,1757781323441,2025-09-13 16:35:23
ENA,increased,4893016.0,4962707.0,3692025.2228,3741881.078,1757781618920,2025-09-13 16:40:18
ENA,increased,4962707.0,4965522.0,3741881.078,3744053.24322,1757781623348,2025-09-13 16:40:23
ENA,increased,4965522.0,5025641.0,3744053.24322,3788881.00631,1757781628351,2025-09-13 16:40:28
ENA,increased,5025641.0,5158443.0,3786518.95504,3886113.03405,1757781828339,2025-09-13 16:43:48
ENA,increased,5158443.0,5282429.0,3879871.31802,3973020.49948,1757782078317,2025-09-13 16:47:58
ENA,increased,5282429.0,5291333.0,3973020.49948,3978235.80272,1757782083833,2025-09-13 16:48:03
ENA,increased,5291333.0,5424223.0,3982998.00242,4079015.696,1757782863639,2025-09-13 17:01:03
ENA,increased,5424223.0,5428190.0,4075544.19328,4080044.7316,1757782928511,2025-09-13 17:02:08
ENA,increased,5428190.0,5557237.0,4084604.4112,4177708.48712,1757782958442,2025-09-13 17:02:38
ENA,increased,5557237.0,5690141.0,4180820.53984,4279668.84892,1757783343505,2025-09-13 17:09:03
ENA,increased,5690141.0,5823296.0,4273808.00369,4368054.3296,1757783698517,2025-09-13 17:14:58
ENA,decreased,5823296.0,5240967.0,4454821.44,4009654.21302,1757786169565,2025-09-13 17:56:09
ENA,increased,5240967.0,5372545.0,3983396.96835,4082328.31825,1757786823627,2025-09-13 18:07:03
ENA,decreased,5372545.0,5359717.0,4115745.54815,4106561.56823,1757787557985,2025-09-13 18:19:17
ENA,decreased,5359717.0,5359703.0,4106561.56823,4105907.67721,1757787563314,2025-09-13 18:19:23
ENA,decreased,5359703.0,5333585.0,4105961.27424,4086432.81945,1757787583250,2025-09-13 18:19:43
ENA,decreased,5333585.0,5273640.0,4084672.7364,4038711.7212,1757788793752,2025-09-13 18:39:53
ENA,decreased,5273640.0,5242031.0,4038711.7212,4016286.89127,1757788798723,2025-09-13 18:39:58
ENA,decreased,5242031.0,5087832.0,4036049.34814,3917579.76168,1757788908774,2025-09-13 18:41:48
ENA,decreased,5087832.0,4917356.0,3917579.76168,3788970.31868,1757788913351,2025-09-13 18:41:53
ENA,decreased,4917356.0,4917327.0,3784249.65692,3786341.79,1757788953603,2025-09-13 18:42:33
ENA,decreased,4917327.0,4702090.0,3786341.79,3620609.3,1757788958880,2025-09-13 18:42:38
ENA,decreased,4702090.0,4694776.0,3620562.2791,3614742.7812,1757789028568,2025-09-13 18:43:48
ENA,decreased,4694776.0,4694337.0,3612019.81112,3614263.94304,1757790787902,2025-09-13 19:13:07
ENA,decreased,4694337.0,4633979.0,3614263.94304,3567793.11168,1757790792828,2025-09-13 19:13:12
ENA,decreased,4633979.0,4552970.0,3567793.11168,3505741.3703,1757790797651,2025-09-13 19:13:17
ENA,decreased,4552970.0,4497705.0,3496453.3115,3454192.46295,1757792215628,2025-09-13 19:36:55
ENA,decreased,4497705.0,4497689.0,3454192.46295,3454180.17511,1757792220620,2025-09-13 19:37:00
ENA,decreased,4497689.0,4422762.0,3454180.17511,3396636.98838,1757792225714,2025-09-13 19:37:05
ENA,decreased,4422762.0,4406584.0,3399688.69416,3388663.096,1757792295664,2025-09-13 19:38:15
ENA,decreased,4406584.0,4292723.0,3388619.03016,3302263.02221,1757792305500,2025-09-13 19:38:25
ENA,decreased,4292723.0,4267969.0,3304538.1654,3286336.13,1757793365547,2025-09-13 19:56:05
ENA,decreased,4267969.0,4165374.0,3284885.02054,3208879.16838,1757793890016,2025-09-13 20:04:50
ENA,decreased,4165374.0,4095782.0,3212044.85262,3158667.0784,1757793920248,2025-09-13 20:05:20
ENA,decreased,4095782.0,4048850.0,3158667.0784,3122432.6315,1757793925226,2025-09-13 20:05:25
ENA,decreased,4048850.0,3873874.0,3122432.6315,2988964.96218,1757793930315,2025-09-13 20:05:30
ENA,decreased,3873874.0,3870187.0,2990282.07934,2987436.04717,1757794035268,2025-09-13 20:07:15
ENA,decreased,3870187.0,3870030.0,2979656.9713,2979923.1,1757794405184,2025-09-13 20:13:25
ENA,decreased,3870030.0,3869984.0,2979923.1,2979848.98016,1757794410320,2025-09-13 20:13:30
ENA,decreased,3869984.0,3869915.0,2979848.98016,2979834.55,1757794415239,2025-09-13 20:13:35
ENA,decreased,3869915.0,3676678.0,2979834.55,2830637.62542,1757794425141,2025-09-13 20:13:45
ENA,decreased,3676678.0,3567850.0,2837365.94616,2753452.559,1757794535108,2025-09-13 20:15:35
ENA,decreased,3567850.0,3566437.0,2749278.1745,2751648.80298,1757794735059,2025-09-13 20:18:55
ENA,decreased,3566437.0,3492845.0,2751220.83054,2695114.13045,1757797253228,2025-09-13 21:00:53
ENA,decreased,3492845.0,3492262.0,2695987.3417,2696026.264,1757797268246,2025-09-13 21:01:08
ENA,decreased,3492262.0,3491264.0,2696026.264,2695220.89536,1757797273155,2025-09-13 21:01:13
ENA,decreased,3491264.0,3490810.0,2695220.89536,2694870.4119,1757797278410,2025-09-13 21:01:18
ENA,decreased,3490810.0,3489991.0,2694870.4119,2693958.95281,1757797283297,2025-09-13 21:01:23
ENA,decreased,3489991.0,3474378.0,2693958.95281,2682046.0971,1757797288288,2025-09-13 21:01:28
ENA,decreased,3474378.0,3447169.0,2681837.63442,2661179.99631,1757797298451,2025-09-13 21:01:38
ENA,decreased,3447169.0,3398172.0,2661179.99631,2623354.80228,1757797303263,2025-09-13 21:01:43
ENA,decreased,3398172.0,3398157.0,2623354.80228,2623377.204,1757797308232,2025-09-13 21:01:48
ENA,decreased,3398157.0,3397181.0,2623377.204,2622589.76019,1757797313250,2025-09-13 21:01:53
ENA,decreased,3397181.0,3396798.0,2622589.76019,2622294.08802,1757797318172,2025-09-13 21:01:58
ENA,decreased,3396798.0,3384404.0,2621342.98458,2611846.09892,1757797353330,2025-09-13 21:02:33
ENA,decreased,3384404.0,3360775.0,2611643.03468,2593711.714,1757797378779,2025-09-13 21:02:58
ENA,decreased,3360775.0,3359379.0,2590653.40875,2590014.02142,1757797688391,2025-09-13 21:08:08
ENA,decreased,3359379.0,3359309.0,2589946.83384,2589993.64591,1757797718086,2025-09-13 21:08:38
ENA,decreased,3359309.0,3359041.0,2589993.64591,2589787.02059,1757797723490,2025-09-13 21:08:43
ENA,decreased,3359041.0,3192737.0,2589787.02059,2462749.61232,1757797728258,2025-09-13 21:08:48
ENA,decreased,3192737.0,3185369.0,2463579.72394,2457289.20767,1757797943082,2025-09-13 21:12:23
ENA,decreased,3185369.0,3154050.0,2457289.20767,2433318.0345,1757797948254,2025-09-13 21:12:28
ENA,decreased,3154050.0,3110800.0,2433318.0345,2399951.092,1757797952933,2025-09-13 21:12:32
ENA,decreased,3110800.0,3110731.0,2399951.092,2399897.85919,1757797958328,2025-09-13 21:12:38
ENA,decreased,3110731.0,3109374.0,2399897.85919,2398850.94726,1757797973300,2025-09-13 21:12:53
ENA,decreased,3109374.0,3109360.0,2398850.94726,2398871.24,1757797978126,2025-09-13 21:12:58
ENA,decreased,3109360.0,2969391.0,2398871.24,2290855.46259,1757797983300,2025-09-13 21:13:03
ENA,decreased,2969391.0,2967752.0,2287618.8264,2287750.98424,1757798108332,2025-09-13 21:15:08
ENA,decreased,2967752.0,2962065.0,2287840.0168,2283485.52915,1757798138321,2025-09-13 21:15:38
ENA,decreased,2962065.0,2955429.0,2283485.52915,2278547.09613,1757798143109,2025-09-13 21:15:43
ENA,decreased,2955429.0,2953600.0,2277985.56462,2276723.488,1757798158426,2025-09-13 21:15:58
ENA,decreased,2953600.0,2953560.0,2276723.488,2277165.2244,1757798163255,2025-09-13 21:16:03
ENA,decreased,2953560.0,2953384.0,2276426.8344,2277059.064,1757798183348,2025-09-13 21:16:23
ENA,decreased,2953384.0,2953184.0,2277059.064,2276904.864,1757798188437,2025-09-13 21:16:28
ENA,decreased,2953184.0,2951233.0,2276904.864,2275400.643,1757798193329,2025-09-13 21:16:33
ENA,decreased,2951233.0,2895689.0,2275400.643,2232576.219,1757798198403,2025-09-13 21:16:38
ENA,decreased,2895689.0,2672452.0,2232576.219,2060460.492,1757798203270,2025-09-13 21:16:43
PUMP,flipped,2.0,-13424618.0,0.014906,100093.951808,1757801537831,2025-09-13 22:12:17
PUMP,increased,-13424618.0,-13627407.0,100080.52719,101510.554743,1757801567304,2025-09-13 22:12:47
PUMP,increased,-13627407.0,-26849238.0,101510.554743,200322.164718,1757801572317,2025-09-13 22:12:52
ENA,increased,2672452.0,2674716.0,2037904.99712,2039631.43296,1757801777387,2025-09-13 22:16:17
ENA,increased,2674716.0,2803592.0,2039631.43296,2137794.97184,1757801782284,2025-09-13 22:16:22
PUMP,increased,-26849238.0,-40200372.0,201100.79262,301100.78628,1757801842376,2025-09-13 22:17:22
ENA,increased,2803592.0,2806962.0,2136056.7448,2138652.41742,1757801862361,2025-09-13 22:17:42
ENA,increased,2806962.0,2934825.0,2138652.41742,2235925.7745,1757801867333,2025-09-13 22:17:47
ENA,increased,2934825.0,2935271.0,2232462.681,2232508.41718,1757801917385,2025-09-13 22:18:37
ENA,increased,2935271.0,3066317.0,2232508.41718,2331412.80461,1757801922275,2025-09-13 22:18:42
ENA,increased,3066317.0,3066593.0,2331964.74167,2332143.9765,1757802662590,2025-09-13 22:31:02
ENA,increased,3066593.0,3068732.0,2332143.9765,2333770.686,1757802667705,2025-09-13 22:31:07
ENA,increased,3068732.0,3107808.0,2333647.93672,2363487.984,1757802677544,2025-09-13 22:31:17
ENA,increased,3107808.0,3109287.0,2363487.984,2364643.85637,1757802682723,2025-09-13 22:31:22
ENA,increased,3109287.0,3180798.0,2364643.85637,2418869.64708,1757802687610,2025-09-13 22:31:27
ENA,increased,3180798.0,3181757.0,2418869.64708,2419471.65794,1757802697914,2025-09-13 22:31:37
ENA,increased,3181757.0,3181776.0,2420680.7256,2420536.092,1757802757561,2025-09-13 22:32:37
ENA,increased,3181776.0,3182236.0,2420536.092,2420217.76744,1757802762507,2025-09-13 22:32:42
ENA,increased,3182236.0,3188778.0,2419963.18856,2424938.11788,1757802772377,2025-09-13 22:32:52
ENA,increased,3188778.0,3188866.0,2424938.11788,2425005.03836,1757802777605,2025-09-13 22:32:57
ENA,increased,3188866.0,3189167.0,2425005.03836,2425233.93682,1757802787491,2025-09-13 22:33:07
ENA,increased,3189167.0,3197809.0,2425584.74519,2431965.72259,1757802807843,2025-09-13 22:33:27
ENA,increased,3197809.0,3203408.0,2431518.02933,2435262.79568,1757802827430,2025-09-13 22:33:47
ENA,increased,3203408.0,3205422.0,2435262.79568,2436665.64174,1757802832455,2025-09-13 22:33:52
ENA,increased,3205422.0,3205444.0,2436665.64174,2436682.36548,1757802837339,2025-09-13 22:33:57
ENA,increased,3205444.0,3222125.0,2436682.36548,2449040.54875,1757802842376,2025-09-13 22:34:02
ENA,increased,3222125.0,3228453.0,2449040.54875,2453882.55624,1757802847163,2025-09-13 22:34:07
ENA,increased,3228453.0,3245134.0,2453882.55624,2466561.45072,1757802852533,2025-09-13 22:34:12
PUMP,decreased,-40200372.0,-39970066.0,294146.121924,292301.092658,1757802852533,2025-09-13 22:34:12
ENA,increased,3245134.0,3257509.0,2466561.45072,2476000.01581,1757802857451,2025-09-13 22:34:17
ENA,increased,3257509.0,3259099.0,2476000.01581,2477208.55891,1757802862416,2025-09-13 22:34:22
PUMP,decreased,-39970066.0,-22970066.0,291741.511734,167681.4818,1757802862416,2025-09-13 22:34:22
ENA,increased,3259099.0,3311552.0,2477208.55891,2517441.8304,1757802867546,2025-09-13 22:34:27
ENA,increased,3311552.0,3329353.0,2517441.8304,2530641.2153,1757802872451,2025-09-13 22:34:32
ENA,increased,3329353.0,3373878.0,2526845.75288,2560638.44688,1757803022381,2025-09-13 22:37:02
ENA,increased,3373878.0,3461105.0,2560638.44688,2626355.6961,1757803027526,2025-09-13 22:37:07
PUMP,decreased,-22970066.0,-21980924.0,168324.643648,160372.821504,1757803187668,2025-09-13 22:39:47
PUMP,decreased,-21980924.0,-21601546.0,160372.821504,157518.473432,1757803192289,2025-09-13 22:39:52
PUMP,closed,-21601546.0,0.0,157518.473432,0.0,1757803197018,2025-09-13 22:39:57
ENA,decreased,3461105.0,3460933.0,2643972.72055,2644118.20267,1757808905950,2025-09-14 00:15:05
PUMP,opened_short,,-13071895.0,,99921.56538,1757811777859,2025-09-14 01:02:57
ENA,increased,3460933.0,3595390.0,2573999.70009,2674754.4366,1757841132206,2025-09-14 09:12:12
ENA,increased,3595390.0,3729809.0,2674754.4366,2775910.34825,1757841137271,2025-09-14 09:12:17
ENA,increased,3729809.0,3864172.0,2775910.34825,2876721.48712,1757841142255,2025-09-14 09:12:22
ENA,increased,3864172.0,3998461.0,2877494.32152,2978133.72202,1757841152199,2025-09-14 09:12:32
ENA,increased,3998461.0,4098720.0,2974415.15329,3048627.936,1757841201991,2025-09-14 09:13:21
ENA,increased,4098720.0,4132869.0,3048627.936,3073862.64744,1757841207048,2025-09-14 09:13:27
ENA,increased,4132869.0,4140068.0,3074399.92041,3079755.18452,1757841242042,2025-09-14 09:14:02
ENA,increased,4140068.0,4267295.0,3079755.18452,3173373.92675,1757841247506,2025-09-14 09:14:07
ENA,increased,4267295.0,4267435.0,3174782.1341,3173904.78125,1757841327141,2025-09-14 09:15:27
ENA,increased,4267435.0,4276969.0,3173904.78125,3180653.53623,1757841332395,2025-09-14 09:15:32
ENA,increased,4276969.0,4401721.0,3180653.53623,3273207.77002,1757841337088,2025-09-14 09:15:37
ENA,increased,4401721.0,4402474.0,3271799.2193,3272314.89946,1757841402268,2025-09-14 09:16:42
ENA,increased,4402474.0,4416710.0,3272314.89946,3282896.3759,1757841407190,2025-09-14 09:16:47
ENA,increased,4416710.0,4416817.0,3282896.3759,3282755.06708,1757841412021,2025-09-14 09:16:52
ENA,increased,4416817.0,4551075.0,3290705.33768,3390960.47175,1757841532267,2025-09-14 09:18:52
PUMP,increased,-13071895.0,-25237345.0,107124.179525,207425.738555,1757846854248,2025-09-14 10:47:34
ENA,increased,4551075.0,4564510.0,3392598.85875,3400742.5304,1757848722337,2025-09-14 11:18:42
ENA,increased,4564510.0,4564625.0,3398734.146,3399048.00625,1757848736583,2025-09-14 11:18:56
ENA,increased,4564625.0,4685380.0,3398043.78875,3487047.2112,1757848956329,2025-09-14 11:22:36
ENA,increased,4685380.0,4798443.0,3483720.5914,3566250.82203,1757849211988,2025-09-14 11:26:51
ENA,increased,4798443.0,4816099.0,3566250.82203,3578457.87898,1757849216901,2025-09-14 11:26:56
ENA,increased,4816099.0,4816214.0,3580095.35264,3579940.02834,1757849306638,2025-09-14 11:28:26
ENA,increased,4816214.0,4817007.0,3579362.08266,3579228.88128,1757849326706,2025-09-14 11:28:46
ENA,increased,4817007.0,4817121.0,3579566.07177,3579891.64236,1757849336594,2025-09-14 11:28:56
ENA,increased,4817121.0,4817969.0,3579506.27268,3580184.58421,1757849356488,2025-09-14 11:29:16
ENA,increased,4817969.0,4840998.0,3580184.58421,3596861.514,1757849362023,2025-09-14 11:29:22
ENA,increased,4840998.0,4841113.0,3596861.514,3597237.42578,1757849366449,2025-09-14 11:29:26
ENA,increased,4841113.0,4841724.0,3597866.77047,3598320.85956,1757849386422,2025-09-14 11:29:46
ENA,increased,4841724.0,4858093.0,3598369.2768,3609806.00365,1757849396667,2025-09-14 11:29:56
ENA,increased,4858093.0,4861317.0,3609806.00365,3613222.47342,1757849401853,2025-09-14 11:30:01
ENA,increased,4861317.0,4861431.0,3613271.08659,3612918.29058,1757849456562,2025-09-14 11:30:56
ENA,increased,4861431.0,4870864.0,3613550.27661,3620415.79392,1757849486814,2025-09-14 11:31:26
ENA,increased,4870864.0,4919610.0,3620415.79392,3655221.0339,1757849491705,2025-09-14 11:31:31
ENA,increased,4919610.0,4939354.0,3655221.0339,3669495.48014,1757849496718,2025-09-14 11:31:36
ENA,increased,4939354.0,5074470.0,3653837.72796,3753991.4166,1757851492811,2025-09-14 12:04:52
ENA,increased,5074470.0,5084470.0,3757137.588,3763168.7811,1757851757827,2025-09-14 12:09:17
ENA,increased,5084470.0,5085461.0,3763168.7811,3763647.97688,1757851782587,2025-09-14 12:09:42
ENA,increased,5085461.0,5209586.0,3763393.70383,3854468.48968,1757851792451,2025-09-14 12:09:52
ENA,increased,5209586.0,5209854.0,3861501.43078,3861543.7848,1757853532679,2025-09-14 12:38:52
ENA,increased,5209854.0,5344502.0,3861543.7848,3959153.63658,1757853537872,2025-09-14 12:38:57
ENA,increased,5344502.0,5366494.0,3950548.98836,3967341.68432,1757853622764,2025-09-14 12:40:22
ENA,increased,5366494.0,5366879.0,3967341.68432,3967357.96317,1757853627936,2025-09-14 12:40:27
ENA,increased,5366879.0,5370260.0,3967357.96317,3969696.192,1757853632632,2025-09-14 12:40:32
ENA,increased,5370260.0,5453972.0,3969696.192,4030539.84772,1757853637744,2025-09-14 12:40:37
ENA,increased,5453972.0,5479728.0,4032285.11876,4050779.32944,1757853652763,2025-09-14 12:40:52
ENA,increased,5479728.0,5533856.0,4052423.24784,4092452.52768,1757854132901,2025-09-14 12:48:52
ENA,increased,5533856.0,5615045.0,4092452.52768,4147328.38745,1757854137774,2025-09-14 12:48:57
ENA,increased,5615045.0,5615193.0,4144970.06855,4144517.80137,1757854182700,2025-09-14 12:49:42
ENA,increased,5615193.0,5615307.0,4144349.34558,4145275.78047,1757854230015,2025-09-14 12:50:30
ENA,increased,5615307.0,5616100.0,4144152.71907,4143951.707,1757854243487,2025-09-14 12:50:43
ENA,increased,5616100.0,5750546.0,4143951.707,4242005.26782,1757854248202,2025-09-14 12:50:48
PUMP,decreased,-25237345.0,-1.0,196851.291,0.007741,1757854393458,2025-09-14 12:53:13
ENA,increased,5750546.0,5885973.0,4246893.23192,4346025.88401,1757856459572,2025-09-14 13:27:39
ENA,increased,5885973.0,6021658.0,4340198.77074,4437721.07968,1757856579368,2025-09-14 13:29:39
PUMP,increased,-1.0,-12484395.0,0.008014,100012.488345,1757860558354,2025-09-14 14:35:58
ENA,increased,6021658.0,6157712.0,4426520.7958,4524132.58352,1757860677915,2025-09-14 14:37:57
ENA,increased,6157712.0,6294137.0,4506398.37296,4611525.35579,1757860999348,2025-09-14 14:43:19
PUMP,increased,-12484395.0,-16558708.0,101123.5995,134108.976092,1757863308963,2025-09-14 15:21:48
PUMP,increased,-16558708.0,-24830074.0,134108.976092,201297.409918,1757863313869,2025-09-14 15:21:53
PUMP,increased,-24830074.0,-26947975.0,202091.972286,219437.360425,1757863408874,2025-09-14 15:23:28
PUMP,increased,-26947975.0,-37100012.0,219113.984725,301548.897536,1757863474070,2025-09-14 15:24:34
PUMP,increased,-37100012.0,-37950345.0,302661.897896,309485.063475,1757863704921,2025-09-14 15:28:24
PUMP,increased,-37950345.0,-42060509.0,309485.063475,343129.632422,1757863709644,2025-09-14 15:28:29
PUMP,increased,-42060509.0,-42073052.0,343045.511404,343358.177372,1757863719855,2025-09-14 15:28:39
PUMP,increased,-42073052.0,-42076465.0,343358.177372,343470.183795,1757863724381,2025-09-14 15:28:44
PUMP,increased,-42076465.0,-49347409.0,343301.877935,402674.85744,1757863739358,2025-09-14 15:28:59
PUMP,increased,-49347409.0,-61579824.0,401835.951487,502368.204192,1757864294681,2025-09-14 15:38:14
PUMP,increased,-61579824.0,-73760091.0,505631.934864,605422.826928,1757864324281,2025-09-14 15:38:44
PUMP,increased,-73760091.0,-85940358.0,604168.905381,705140.63739,1757864454157,2025-09-14 15:40:54
PUMP,increased,-85940358.0,-98105808.0,704968.756674,804860.048832,1757864769444,2025-09-14 15:46:09
PUMP,increased,-98105808.0,-99282870.0,810648.291504,820076.5062,1757864834421,2025-09-14 15:47:14
PUMP,increased,-99282870.0,-102192936.0,820076.5062,844011.458424,1757864839464,2025-09-14 15:47:19
PUMP,increased,-102192936.0,-110212345.0,843296.107872,910464.182045,1757865570052,2025-09-14 15:59:30
PUMP,increased,-110212345.0,-122087419.0,928098.157245,1043603.257612,1757865754639,2025-09-14 16:02:34
PUMP,increased,-122087419.0,-133283119.0,1090484.826508,1178755.904436,1757865769795,2025-09-14 16:02:49
PUMP,increased,-133283119.0,-144781336.0,1160362.834014,1264375.407288,1757865799743,2025-09-14 16:03:19
PUMP,increased,-144781336.0,-156232154.0,1264375.407288,1366562.651038,1757865804681,2025-09-14 16:03:24
PUMP,increased,-156232154.0,-167740958.0,1364219.168728,1462197.930886,1757865894614,2025-09-14 16:04:54
PUMP,increased,-167740958.0,-179161698.0,1464210.822382,1564260.785238,1757865959609,2025-09-14 16:05:59
PUMP,increased,-179161698.0,-190615139.0,1564260.785238,1663688.933192,1757865964683,2025-09-14 16:06:04
PUMP,increased,-190615139.0,-201991703.0,1675507.07181,1772881.177231,1757866040240,2025-09-14 16:07:20
PUMP,increased,-201991703.0,-213385117.0,1770255.285092,1869253.62492,1757866049634,2025-09-14 16:07:29
PUMP,increased,-213385117.0,-224775935.0,1874161.482611,1970835.39808,1757866099494,2025-09-14 16:08:19
PUMP,increased,-224775935.0,-236241195.0,1960495.70507,2059314.496815,1757867148417,2025-09-14 16:25:48
PUMP,increased,-236241195.0,-247676300.0,2065929.250275,2169396.7117,1757867243503,2025-09-14 16:27:23
PUMP,increased,-247676300.0,-259100954.0,2166424.5961,2267910.650362,1757867253313,2025-09-14 16:27:33
PUMP,increased,-259100954.0,-270525608.0,2267910.650362,2366287.493176,1757867258624,2025-09-14 16:27:38
PUMP,increased,-270525608.0,-281929416.0,2374944.312632,2473648.695984,1757867292362,2025-09-14 16:28:12
PUMP,increased,-281929416.0,-293300805.0,2479287.284304,2579580.579975,1757867424033,2025-09-14 16:30:24
PUMP,increased,-293300805.0,-304659278.0,2580167.181585,2672471.186616,1757868862236,2025-09-14 16:54:22
PUMP,decreased,-304659278.0,-286379723.0,2544818.949134,2392416.205942,1757869678019,2025-09-14 17:07:58
PUMP,decreased,-286379723.0,-254768011.0,2401293.977355,2136994.076268,1757869697527,2025-09-14 17:08:17
PUMP,decreased,-254768011.0,-235719032.0,2136994.076268,1981218.46396,1757869702440,2025-09-14 17:08:22
PUMP,decreased,-235719032.0,-214563922.0,1985932.8446,1810704.937758,1757869722771,2025-09-14 17:08:42
PUMP,decreased,-214563922.0,-214220085.0,1810704.937758,1808874.39774,1757869727579,2025-09-14 17:08:47
PUMP,decreased,-214220085.0,-108387577.0,1811230.818675,913924.049264,1757869752983,2025-09-14 17:09:12
PUMP,decreased,-108387577.0,-102894182.0,913924.049264,870484.77972,1757869758905,2025-09-14 17:09:18
PUMP,decreased,-102894182.0,-102747731.0,873777.393544,871814.497535,1757869797604,2025-09-14 17:09:57
PUMP,decreased,-102747731.0,-100393767.0,873766.704424,853547.807034,1757869840499,2025-09-14 17:10:40
PUMP,decreased,-100393767.0,-95034619.0,853547.807034,807889.296119,1757869848286,2025-09-14 17:10:48
PUMP,decreased,-95034619.0,-94458830.0,807889.296119,803088.97266,1757869852634,2025-09-14 17:10:52
PUMP,decreased,-94458830.0,-71478030.0,803088.97266,607634.73303,1757869857744,2025-09-14 17:10:57
PUMP,decreased,-71478030.0,-70668043.0,607634.73303,600678.3655,1757869862803,2025-09-14 17:11:02
PUMP,decreased,-70668043.0,-63070865.0,601031.705715,536228.49423,1757869892442,2025-09-14 17:11:32
PUMP,decreased,-63070865.0,-43063301.0,536228.49423,366081.121801,1757869897415,2025-09-14 17:11:37
PUMP,decreased,-43063301.0,-33408127.0,366081.121801,283969.0795,1757869902368,2025-09-14 17:11:42
PUMP,decreased,-33408127.0,-31769175.0,283969.0795,270355.67925,1757869906895,2025-09-14 17:11:46
PUMP,decreased,-31769175.0,-31706897.0,270355.67925,269603.745191,1757869912465,2025-09-14 17:11:52
PUMP,decreased,-31706897.0,-31650958.0,269952.521058,269223.048748,1757869942296,2025-09-14 17:12:22
PUMP,decreased,-31650958.0,-30917523.0,269761.115034,263448.213483,1757870187430,2025-09-14 17:16:27
PUMP,decreased,-30917523.0,-7209412.0,263448.213483,61431.399652,1757870192385,2025-09-14 17:16:32
PUMP,decreased,-7209412.0,-3392148.0,61431.399652,28904.493108,1757870197444,2025-09-14 17:16:37
PUMP,decreased,-3392148.0,-1.0,28904.493108,0.008515,1757870202345,2025-09-14 17:16:42
ENA,decreased,6294137.0,6278171.0,4749996.36979,4738700.68909,1757871107832,2025-09-14 17:31:47
ENA,decreased,6278171.0,6275768.0,4731041.32047,4729293.24944,1757871802839,2025-09-14 17:43:22
ENA,decreased,6275768.0,6197074.0,4729732.5532,4671850.14712,1757871862884,2025-09-14 17:44:22
ENA,decreased,6197074.0,6146976.0,4671044.5275,4634758.43424,1757871922697,2025-09-14 17:45:22
ENA,decreased,6146976.0,5693024.0,4634758.43424,4292483.16576,1757871927966,2025-09-14 17:45:27
ENA,decreased,5693024.0,5650354.0,4292483.16576,4261723.00096,1757871932842,2025-09-14 17:45:32
ENA,decreased,5650354.0,5649911.0,4261723.00096,4262066.86196,1757871937656,2025-09-14 17:45:37
ENA,decreased,5649911.0,5562130.0,4263874.83348,4197961.9962,1757871952792,2025-09-14 17:45:52
PUMP,flipped,-1.0,12043838.0,0.008309,100084.29378,1757879316549,2025-09-14 19:48:36
PUMP,increased,12043838.0,12644999.0,100012.030752,104991.426697,1757879436557,2025-09-14 19:50:36
PUMP,increased,12644999.0,20549428.0,105193.746681,170806.845536,1757879457452,2025-09-14 19:50:57
PUMP,increased,20549428.0,24092030.0,170662.99954,200012.03306,1757879477407,2025-09-14 19:51:17
PUMP,increased,24092030.0,36169324.0,200108.40118,299047.970832,1757879532098,2025-09-14 19:52:12
PUMP,decreased,36169324.0,34364820.0,301652.16216,286705.69326,1757880143136,2025-09-14 20:02:23
PUMP,decreased,34364820.0,34309124.0,286568.23398,286343.948904,1757880153403,2025-09-14 20:02:33
PUMP,decreased,34309124.0,3564408.0,286343.948904,29759.242392,1757880158564,2025-09-14 20:02:38
PUMP,decreased,3564408.0,1.0,29759.242392,0.008348,1757880163667,2025-09-14 20:02:43
PUMP,increased,1.0,10812320.0,0.008283,89385.44944,1757880993650,2025-09-14 20:16:33
PUMP,increased,10812320.0,10993173.0,89385.44944,90814.602153,1757880998642,2025-09-14 20:16:38
PUMP,increased,10993173.0,12106538.0,90814.602153,100012.110418,1757881003803,2025-09-14 20:16:43
PUMP,increased,12106538.0,24376476.0,98777.243542,198083.243976,1757881304191,2025-09-14 20:21:44
PUMP,increased,24376476.0,29810584.0,197985.738072,242121.563248,1757881403473,2025-09-14 20:23:23
PUMP,increased,29810584.0,30436161.0,242121.563248,247263.371964,1757881408402,2025-09-14 20:23:28
PUMP,increased,30436161.0,32913084.0,247506.861252,267254.24208,1757881428359,2025-09-14 20:23:48
PUMP,increased,32913084.0,34755054.0,267254.24208,282211.03848,1757881433389,2025-09-14 20:23:53
PUMP,increased,34755054.0,36691746.0,282315.303642,297203.1426,1757881488972,2025-09-14 20:24:48
PUMP,increased,36691746.0,43034168.0,296872.916886,348146.41912,1757881518504,2025-09-14 20:25:18
PUMP,increased,43034168.0,49054213.0,348146.41912,396652.366318,1757881523793,2025-09-14 20:25:23
PUMP,increased,49054213.0,61523040.0,393512.896686,493107.1656,1757881848331,2025-09-14 20:30:48
PUMP,increased,61523040.0,74023040.0,492307.36608,592184.32,1757881873289,2025-09-14 20:31:13
PUMP,increased,74023040.0,86585854.0,590555.81312,689136.811986,1757881943387,2025-09-14 20:32:23
PUMP,increased,86585854.0,88914410.0,684201.418308,702512.75341,1757882233339,2025-09-14 20:37:13
PUMP,increased,88914410.0,92598690.0,702512.75341,731066.65755,1757882238540,2025-09-14 20:37:18
PUMP,increased,92598690.0,92632128.0,731066.65755,732071.707584,1757882243075,2025-09-14 20:37:23
PUMP,increased,92632128.0,100221097.0,732071.707584,791646.445203,1757882248356,2025-09-14 20:37:28
PUMP,increased,100221097.0,105521043.0,791646.445203,833721.760743,1757882258305,2025-09-14 20:37:38
PUMP,increased,105521043.0,109075040.0,833721.760743,861801.89104,1757882263072,2025-09-14 20:37:43
PUMP,increased,109075040.0,111902308.0,861801.89104,883356.819352,1757882268433,2025-09-14 20:37:48
PUMP,increased,111902308.0,124511058.0,887497.204748,989738.400042,1757882948283,2025-09-14 20:49:08
PUMP,increased,124511058.0,137127762.0,986874.645708,1086737.51385,1757884087140,2025-09-14 21:08:07
PUMP,increased,137127762.0,149757213.0,1084817.725182,1184879.069256,1757884196939,2025-09-14 21:09:56
PUMP,increased,149757213.0,162396242.0,1185927.369747,1284879.066704,1757884301988,2025-09-14 21:11:41
PUMP,increased,162396242.0,175135095.0,1276272.065878,1374635.360655,1757884647083,2025-09-14 21:17:27
ENA,decreased,5562130.0,5534345.0,4191231.8189,4173615.59485,1757885211985,2025-09-14 21:26:51
ENA,decreased,5534345.0,5357926.0,4173615.59485,4041697.89884,1757885217073,2025-09-14 21:26:57
ENA,decreased,5357926.0,5164319.0,4042233.69144,3897356.61973,1757885548716,2025-09-14 21:32:28
ENA,decreased,5164319.0,5031767.0,3897356.61973,3797122.33121,1757885553258,2025-09-14 21:32:33
ENA,decreased,5031767.0,4470434.0,3797122.33121,3374238.87886,1757885558229,2025-09-14 21:32:38
ENA,decreased,4470434.0,4202208.0,3385549.07688,3180525.16896,1757885657813,2025-09-14 21:34:17
ENA,decreased,4202208.0,3950076.0,3187879.03296,2997041.16348,1757885678058,2025-09-14 21:34:38
ENA,decreased,3950076.0,3752573.0,2997041.16348,2848578.1643,1757885682984,2025-09-14 21:34:42
ENA,decreased,3752573.0,3452368.0,2849065.99879,2621693.73552,1757885703092,2025-09-14 21:35:03
ENA,decreased,3452368.0,3038084.0,2621693.73552,2306726.03868,1757885708400,2025-09-14 21:35:08
ENA,decreased,3038084.0,2703895.0,2308761.55496,2054797.9663,1757885742983,2025-09-14 21:35:42
ENA,decreased,2703895.0,2703711.0,2046172.54125,2046628.11567,1757885787865,2025-09-14 21:36:27
ENA,decreased,2703711.0,2690547.0,2046628.11567,2036744.079,1757885793270,2025-09-14 21:36:33
ENA,decreased,2690547.0,2690530.0,2036717.17353,2036731.21,1757885803403,2025-09-14 21:36:43
ENA,decreased,2690530.0,2690120.0,2036704.3047,2036205.6304,1757885813187,2025-09-14 21:36:53
ENA,decreased,2690120.0,2690100.0,2036205.6304,2036190.492,1757885818415,2025-09-14 21:36:58
ENA,decreased,2690100.0,2689936.0,2036190.492,2036066.35712,1757885823169,2025-09-14 21:37:03
ENA,decreased,2689936.0,2000883.0,2036066.35712,1514668.431,1757885827932,2025-09-14 21:37:07
ENA,decreased,2000883.0,1918770.0,1512587.51268,1450513.3692,1757885858878,2025-09-14 21:37:38
ENA,decreased,1918770.0,1913709.0,1450513.3692,1446534.35892,1757885863505,2025-09-14 21:37:43
ENA,decreased,1913709.0,1500663.0,1446247.30257,1134966.43353,1757885893529,2025-09-14 21:38:13
PUMP,decreased,175135095.0,174725162.0,1405459.137375,1402868.325698,1757886063428,2025-09-14 21:41:03
PUMP,decreased,174725162.0,174403628.0,1402868.325698,1399937.921956,1757886068349,2025-09-14 21:41:08
PUMP,decreased,174403628.0,173633031.0,1399937.921956,1393578.706806,1757886073304,2025-09-14 21:41:13
PUMP,decreased,173633031.0,162588682.0,1393057.807713,1304936.761732,1757886083426,2025-09-14 21:41:23
PUMP,decreased,162588682.0,162220450.0,1304936.761732,1302630.2135,1757886088568,2025-09-14 21:41:28
PUMP,decreased,162220450.0,109247953.0,1302630.2135,876496.326919,1757886093106,2025-09-14 21:41:33
PUMP,decreased,109247953.0,108897801.0,875076.10353,873687.057423,1757886128526,2025-09-14 21:42:08
PUMP,decreased,108897801.0,101008178.0,873687.057423,810994.661162,1757886133577,2025-09-14 21:42:13
PUMP,decreased,101008178.0,69103877.0,810994.661162,554904.13231,1757886138308,2025-09-14 21:42:18
PUMP,decreased,69103877.0,62929931.0,554904.13231,505264.415999,1757886143380,2025-09-14 21:42:23
PUMP,closed,62929931.0,0.0,505264.415999,0.0,1757886148487,2025-09-14 21:42:28
ENA,decreased,1500663.0,1467844.0,1132730.44566,1108178.18468,1757889137258,2025-09-14 22:32:17
ENA,decreased,1467844.0,1401415.0,1108178.18468,1058054.31085,1757889142197,2025-09-14 22:32:22
ENA,decreased,1401415.0,1125498.0,1058054.31085,849739.73502,1757889147481,2025-09-14 22:32:27
ENA,decreased,1125498.0,1116312.0,851788.14138,844791.43224,1757889392285,2025-09-14 22:36:32
ENA,decreased,1116312.0,1113193.0,843440.69472,841195.42238,1757889487337,2025-09-14 22:38:07
ENA,decreased,1113193.0,1113089.0,841195.42238,841027.78662,1757889492255,2025-09-14 22:38:12
ENA,decreased,1113089.0,1045359.0,841038.91751,789862.80681,1757889507340,2025-09-14 22:38:27
ENA,decreased,1045359.0,826839.0,789862.80681,624759.5484,1757889512221,2025-09-14 22:38:32
ENA,decreased,826839.0,765558.0,624759.5484,578447.96922,1757889517494,2025-09-14 22:38:37
ENA,decreased,765558.0,710982.0,578447.96922,537217.9992,1757889522135,2025-09-14 22:38:42
ENA,decreased,710982.0,683229.0,537217.9992,516234.16782,1757889527772,2025-09-14 22:38:47
ENA,decreased,683229.0,683212.0,516131.68347,516214.49084,1757889582704,2025-09-14 22:39:42
ENA,decreased,683212.0,683107.0,516200.8266,516155.6492,1757889642109,2025-09-14 22:40:42
ENA,decreased,683107.0,682793.0,516155.6492,515918.3908,1757889646956,2025-09-14 22:40:46
ENA,decreased,682793.0,666476.0,515918.3908,503589.2656,1757889652800,2025-09-14 22:40:52
ENA,decreased,666476.0,424158.0,503589.2656,320493.7848,1757889657368,2025-09-14 22:40:57
ENA,decreased,424158.0,307324.0,320493.7848,232214.0144,1757889662418,2025-09-14 22:41:02
ENA,decreased,307324.0,94652.0,232214.0144,71518.10468,1757889667125,2025-09-14 22:41:07
ENA,decreased,94652.0,41233.0,71518.10468,31155.24247,1757889672108,2025-09-14 22:41:12
ENA,decreased,41233.0,29398.0,31155.24247,22212.83482,1757889677288,2025-09-14 22:41:17
ENA,decreased,29398.0,28931.0,22212.83482,21859.97429,1757889682172,2025-09-14 22:41:22
ENA,decreased,28931.0,28827.0,21859.97429,21781.39293,1757889702196,2025-09-14 22:41:42
ENA,decreased,28827.0,20840.0,21781.39293,15746.4956,1757889722363,2025-09-14 22:42:02
ENA,decreased,20840.0,825.0,15746.4956,623.36175,1757889727053,2025-09-14 22:42:07
ENA,decreased,825.0,1.0,623.36175,0.75584,1757889732118,2025-09-14 22:42:12
ENA,increased,1.0,135282.0,0.73921,99957.16416,1757892913599,2025-09-14 23:35:13
ENA,decreased,135282.0,123502.0,100633.57416,91884.25298,1757894463099,2025-09-15 00:01:03
ENA,decreased,123502.0,123487.0,91884.25298,91874.328,1757894468035,2025-09-15 00:01:08
ENA,decreased,123487.0,123017.0,91845.92599,91524.648,1757894483045,2025-09-15 00:01:23
ENA,decreased,123017.0,1.0,91517.26698,0.74428,1757894493088,2025-09-15 00:01:33
ENA,increased,1.0,134862.0,0.74152,100001.52162,1757922818753,2025-09-15 07:53:38
ENA,increased,134862.0,150096.0,99610.42182,110859.40464,1757927057525,2025-09-15 09:04:17
ENA,increased,150096.0,161601.0,110878.91712,119311.63431,1757927472900,2025-09-15 09:11:12
ENA,increased,161601.0,164130.0,119311.63431,121206.7224,1757927478149,2025-09-15 09:11:18
ENA,increased,164130.0,205761.0,121206.7224,151950.38328,1757927482711,2025-09-15 09:11:22
ENA,increased,205761.0,221094.0,151950.38328,163216.01268,1757927487353,2025-09-15 09:11:27
ENA,increased,221094.0,229347.0,163216.01268,169310.83581,1757927492674,2025-09-15 09:11:32
ENA,increased,229347.0,270306.0,169310.83581,199469.60964,1757927497447,2025-09-15 09:11:37
ENA,decreased,270306.0,139816.0,201272.55066,104119.57704,1757928799378,2025-09-15 09:33:19
ENA,decreased,139816.0,58665.0,104119.57704,43704.83835,1757928804613,2025-09-15 09:33:24
ENA,decreased,58665.0,5121.0,43704.83835,3815.145,1757928808740,2025-09-15 09:33:28
ENA,closed,5121.0,0.0,3815.145,0.0,1757928813688,2025-09-15 09:33:33
ENA,opened_long,,18105.0,,13331.0736,1757929933692,2025-09-15 09:52:13
ENA,increased,18105.0,21515.0,13331.0736,15850.31565,1757929939009,2025-09-15 09:52:19
ENA,increased,21515.0,135740.0,15850.31565,99886.9938,1757929943862,2025-09-15 09:52:23
ENA,increased,135740.0,136284.0,99842.1996,100236.882,1757930003617,2025-09-15 09:53:23
ENA,increased,136284.0,271701.0,100254.59892,199871.40663,1757930038171,2025-09-15 09:53:58
ENA,increased,271701.0,351863.0,199749.14118,258721.34527,1757930188448,2025-09-15 09:56:28
ENA,increased,351863.0,352795.0,258721.34527,259311.3809,1757930193635,2025-09-15 09:56:33
ENA,increased,352795.0,407755.0,259311.3809,299614.29645,1757930198374,2025-09-15 09:56:38
ENA,increased,407755.0,418101.0,299573.52095,307132.81359,1757930288506,2025-09-15 09:58:08
ENA,increased,418101.0,420322.0,307124.45157,308818.97984,1757930413238,2025-09-15 10:00:13
ENA,increased,420322.0,421324.0,308903.04424,309411.91912,1757930492865,2025-09-15 10:01:32
ENA,increased,421324.0,421794.0,309411.91912,309803.47506,1757930497844,2025-09-15 10:01:37
ENA,increased,421794.0,465250.0,309816.12888,341744.735,1757930507996,2025-09-15 10:01:47
ENA,increased,465250.0,465592.0,341744.735,341944.73256,1757930552861,2025-09-15 10:02:32
ENA,increased,465592.0,543902.0,342009.91544,399403.55566,1757930562576,2025-09-15 10:02:42
ENA,increased,543902.0,681791.0,394573.7059,494891.63317,1757936458727,2025-09-15 11:40:58
ENA,increased,681791.0,819570.0,495409.79433,594098.0973,1757936509545,2025-09-15 11:41:49
ENA,increased,819570.0,851865.0,593024.4606,615344.68275,1757936519015,2025-09-15 11:41:59
ENA,increased,851865.0,957882.0,615344.68275,692558.26482,1757936523634,2025-09-15 11:42:03
ENA,increased,957882.0,1096194.0,694368.6618,793907.54256,1757936558661,2025-09-15 11:42:38
ENA,increased,1096194.0,1110025.0,793743.11346,802936.58375,1757936578552,2025-09-15 11:42:58
ENA,increased,1110025.0,1248529.0,802525.8745,902411.79062,1757936653569,2025-09-15 11:44:13
ENA,increased,1248529.0,1387417.0,899003.30645,997899.67725,1757936698605,2025-09-15 11:44:58
ENA,increased,1387417.0,1526499.0,997788.68389,1096942.1814,1757936708575,2025-09-15 11:45:08
ENA,increased,1526499.0,1531090.0,1096942.1814,1101925.473,1757936714015,2025-09-15 11:45:14
ENA,increased,1531090.0,1610921.0,1104604.8805,1159234.86081,1757936773645,2025-09-15 11:46:13
ENA,increased,1610921.0,1610941.0,1159234.86081,1158508.22015,1757936778592,2025-09-15 11:46:18
ENA,increased,1610941.0,1665581.0,1158830.40835,1197452.80414,1757936799249,2025-09-15 11:46:39
ENA,increased,1665581.0,1805051.0,1194721.2513,1294311.81955,1757936808732,2025-09-15 11:46:48
ENA,increased,1805051.0,1944715.0,1295214.34505,1395799.7441,1757936838663,2025-09-15 11:47:18
ENA,increased,1944715.0,1947074.0,1398658.47515,1400160.38414,1757945421604,2025-09-15 14:10:21
ENA,increased,1947074.0,2011137.0,1400004.61822,1446309.17355,1757945446801,2025-09-15 14:10:46
ENA,increased,2011137.0,2083797.0,1446309.17355,1497729.09375,1757945451792,2025-09-15 14:10:51
ENA,increased,2083797.0,2090761.0,1495937.02833,1501145.49039,1757945481709,2025-09-15 14:11:21
ENA,increased,2090761.0,2099278.0,1501145.49039,1506966.7123,1757945486891,2025-09-15 14:11:26
ENA,decreased,2099278.0,1028647.0,1579307.83218,773521.97106,1757945616570,2025-09-15 14:13:36
ENA,decreased,1028647.0,640737.0,769541.10717,477893.69145,1757945661742,2025-09-15 14:14:21
ENA,decreased,640737.0,1.0,477893.69145,0.74805,1757945666540,2025-09-15 14:14:26
ENA,closed,1.0,0.0,0.74805,0.0,1757945671513,2025-09-15 14:14:31
ENA,opened_long,,2438.0,,1762.674,1757949082264,2025-09-15 15:11:22
ENA,increased,2438.0,3584.0,1763.62482,2592.09216,1757949100726,2025-09-15 15:11:40
ENA,increased,3584.0,6216.0,2592.27136,4495.53552,1757949111010,2025-09-15 15:11:51
ENA,increased,6216.0,62166.0,4497.40032,44981.45262,1757949126311,2025-09-15 15:12:06
ENA,increased,62166.0,69967.0,44967.15444,50612.02879,1757949136060,2025-09-15 15:12:16
ENA,increased,69967.0,90390.0,50596.63605,65361.009,1757949361180,2025-09-15 15:16:01
ENA,increased,90390.0,138312.0,65361.009,99994.04352,1757949366046,2025-09-15 15:16:06
ENA,increased,138312.0,262106.0,99702.2052,188074.1603,1757949390961,2025-09-15 15:16:30
ENA,increased,262106.0,402162.0,187597.12738,287304.5328,1757949420814,2025-09-15 15:17:00
ENA,increased,402162.0,405189.0,287561.91648,289706.08311,1757949785994,2025-09-15 15:23:05
ENA,increased,405189.0,542022.0,289706.08311,387561.99066,1757949791023,2025-09-15 15:23:11
ENA,increased,542022.0,682013.0,387334.34142,486854.98005,1757949831403,2025-09-15 15:23:51
ENA,increased,682013.0,822858.0,484638.4378,583941.1797,1757950271167,2025-09-15 15:31:11
ENA,increased,822858.0,874188.0,581521.97718,616958.181,1757950383888,2025-09-15 15:33:03
ENA,increased,874188.0,964364.0,617779.91772,681091.71864,1757950442924,2025-09-15 15:34:02
ENA,increased,964364.0,973561.0,682075.36992,688258.94895,1757951101700,2025-09-15 15:45:01
ENA,increased,973561.0,975004.0,688258.94895,689015.82672,1757951107197,2025-09-15 15:45:07
ENA,increased,975004.0,1027019.0,689669.0794,726359.18775,1757951131866,2025-09-15 15:45:31
ENA,increased,1027019.0,1105906.0,726061.35224,780979.75814,1757951151610,2025-09-15 15:45:51
ENA,increased,1105906.0,1108736.0,781986.1326,782290.85952,1757951237177,2025-09-15 15:47:17
ENA,increased,1108736.0,1170604.0,782290.85952,825989.88844,1757951242164,2025-09-15 15:47:22
ENA,increased,1170604.0,1247649.0,825989.88844,879916.93374,1757951248209,2025-09-15 15:47:28
ENA,increased,1247649.0,1387002.0,875350.5384,973189.9533,1757976216836,2025-09-15 22:43:36
ENA,increased,1387002.0,1388015.0,974396.64504,974608.6124,1757976306830,2025-09-15 22:45:06
ENA,increased,1388015.0,1390689.0,974539.21165,976208.05044,1757976321847,2025-09-15 22:45:21
ENA,increased,1390689.0,1523306.0,976208.05044,1069025.68468,1757976326703,2025-09-15 22:45:26
ENA,increased,1523306.0,1524533.0,1069040.91774,1070222.166,1757976336819,2025-09-15 22:45:36
ENA,increased,1524533.0,1528330.0,1070237.41133,1072750.1103,1757976352060,2025-09-15 22:45:52
ENA,increased,1528330.0,1529431.0,1072750.1103,1073675.85631,1757976356924,2025-09-15 22:45:56
ETH,opened_long,,22.5891,,99988.39224,1758031986771,2025-09-16 14:13:06
ETH,increased,22.5891,45.1782,99988.39224,199999.37358,1758031994438,2025-09-16 14:13:14
ETH,decreased,45.1782,0.0001,200699.63568,0.44437,1758032194806,2025-09-16 14:16:34
ENA,decreased,1529431.0,851612.0,1084244.22452,603784.39188,1758061532323,2025-09-16 22:25:32
ENA,decreased,851612.0,786614.0,603784.39188,557701.45986,1758061537433,2025-09-16 22:25:37
ENA,decreased,786614.0,784438.0,556969.90884,556150.85324,1758063133530,2025-09-16 22:52:13
ENA,decreased,784438.0,784403.0,556150.85324,556141.727,1758063138333,2025-09-16 22:52:18
PUMP,opened_long,,13109596.0,,99960.6695,1758067995554,2025-09-17 00:13:15
PUMP,increased,13109596.0,26220911.0,99934.450308,199724.679087,1758068005574,2025-09-17 00:13:25
PUMP,increased,26220911.0,39337385.0,199960.667286,300026.235395,1758068020512,2025-09-17 00:13:40
PUMP,decreased,39337385.0,38697196.0,303291.23835,298355.38116,1758068443536,2025-09-17 00:20:43
PUMP,decreased,38697196.0,38689813.0,298355.38116,298607.976734,1758068448642,2025-09-17 00:20:48
PUMP,decreased,38689813.0,30679532.0,298375.837856,236753.948444,1758068468711,2025-09-17 00:21:08
PUMP,decreased,30679532.0,22440745.0,236753.948444,173220.110655,1758068473745,2025-09-17 00:21:13
PUMP,decreased,22440745.0,22244342.0,173220.110655,171659.587214,1758068478724,2025-09-17 00:21:18
PUMP,decreased,22244342.0,22189792.0,171659.587214,171260.814656,1758068483717,2025-09-17 00:21:23
PUMP,decreased,22189792.0,22175038.0,171238.624864,171169.118322,1758068493498,2025-09-17 00:21:33
PUMP,decreased,22175038.0,21669416.0,171058.243132,167244.552688,1758068538768,2025-09-17 00:22:18
PUMP,decreased,21669416.0,3269344.0,166854.5032,25160.871424,1758068683603,2025-09-17 00:24:43
PUMP,decreased,3269344.0,132484.0,25160.871424,1022.643996,1758068688973,2025-09-17 00:24:48
PUMP,closed,132484.0,0.0,1040.264368,0.0,1758071649092,2025-09-17 01:14:09
ENA,decreased,784403.0,512972.0,548642.83432,358988.06504,1758130978240,2025-09-17 17:42:58
ENA,decreased,512972.0,392202.0,358988.06504,274376.67516,1758130985094,2025-09-17 17:43:05
ENA,decreased,392202.0,123625.0,273796.2162,86544.9175,1758131241849,2025-09-17 17:47:21
ENA,decreased,123625.0,1.0,86578.29625,0.70013,1758131271780,2025-09-17 17:47:51
ETH,increased,0.0001,22.5928,0.44346,100734.51736,1758132019226,2025-09-17 18:00:19
ETH,closed,22.5928,0.0,101629.19224,0.0,1758132056574,2025-09-17 18:00:56
ENA,closed,1.0,0.0,0.70772,0.0,1758132323513,2025-09-17 18:05:23
ETH,opened_long,,22.5022,,100011.0279,1758132922495,2025-09-17 18:15:22
ETH,decreased,22.5022,0.0021,100564.58202,9.3975,1758133097463,2025-09-17 18:18:17
LTC,decreased,5303.77,5260.19,608554.5698,603606.8025,1758137953182,2025-09-17 19:39:13
LTC,decreased,5260.19,5250.19,603606.8025,602459.3025,1758137964370,2025-09-17 19:39:24
LTC,decreased,5250.19,5075.69,602354.2987,582587.6982,1758138035038,2025-09-17 19:40:35
LTC,decreased,5075.69,4658.23,582587.6982,534764.804,1758138039821,2025-09-17 19:40:39
LTC,decreased,4658.23,4582.53,534764.804,525982.7934,1758138044495,2025-09-17 19:40:44
LTC,decreased,4582.53,4517.22,525982.7934,518486.5116,1758138049625,2025-09-17 19:40:49
LTC,decreased,4517.22,4507.22,518486.5116,517248.5672,1758138054210,2025-09-17 19:40:54
LTC,decreased,4507.22,4324.06,517248.5672,496315.6068,1758138059695,2025-09-17 19:40:59
LTC,decreased,4324.06,4256.68,496315.6068,488539.1636,1758138064732,2025-09-17 19:41:04
LTC,decreased,4256.68,3974.63,488539.1636,456208.0314,1758138069689,2025-09-17 19:41:09
LTC,decreased,3974.63,3904.92,456208.0314,448206.7176,1758138075464,2025-09-17 19:41:15
LTC,decreased,3904.92,3673.2,448206.7176,421609.896,1758138079697,2025-09-17 19:41:19
LTC,decreased,3673.2,3624.5,421609.896,415947.62,1758138084865,2025-09-17 19:41:24
LTC,decreased,3624.5,3613.11,415947.62,414676.6347,1758138089617,2025-09-17 19:41:29
LTC,decreased,3613.11,3566.63,414676.6347,409342.1251,1758138094511,2025-09-17 19:41:34
LTC,decreased,3566.63,3303.22,409342.1251,379143.5916,1758138101163,2025-09-17 19:41:41
LTC,decreased,3303.22,3271.62,379176.6238,375516.5436,1758138109956,2025-09-17 19:41:49
LTC,decreased,3271.62,3244.36,375516.5436,372387.6408,1758138115445,2025-09-17 19:41:55
LTC,decreased,3244.36,3231.24,372387.6408,370849.4148,1758138120643,2025-09-17 19:42:00
LTC,decreased,3231.24,3155.17,370849.4148,362118.8609,1758138124586,2025-09-17 19:42:04
LTC,decreased,3155.17,3123.87,362024.2058,358495.3212,1758138134619,2025-09-17 19:42:14
LTC,decreased,3123.87,2599.32,358557.7986,298375.9428,1758138144352,2025-09-17 19:42:24
LTC,decreased,2599.32,2567.58,298921.8,295323.0516,1758138309775,2025-09-17 19:45:09
LTC,decreased,2567.58,2551.78,295246.0242,293429.1822,1758138319659,2025-09-17 19:45:19
LTC,decreased,2551.78,2541.78,293378.1466,292279.2822,1758138329588,2025-09-17 19:45:29
LTC,decreased,2541.78,2536.79,292279.2822,291730.85,1758138495702,2025-09-17 19:48:15
LTC,decreased,2536.79,2515.94,291730.85,289307.9406,1758138905611,2025-09-17 19:55:05
LTC,decreased,2515.94,2277.07,289307.9406,261954.1328,1758138910700,2025-09-17 19:55:10
LTC,decreased,2277.07,2141.31,261954.1328,246336.3024,1758138915560,2025-09-17 19:55:15
LTC,decreased,2141.31,2082.0,246250.65,239450.82,1758139221865,2025-09-17 20:00:21
LTC,decreased,2082.0,1950.33,239450.82,224307.4533,1758139229359,2025-09-17 20:00:29
LTC,decreased,1950.33,1942.02,224307.4533,223332.3,1758139240195,2025-09-17 20:00:40
LTC,decreased,1942.02,1938.62,223332.3,222941.3,1758139268643,2025-09-17 20:01:08
LTC,decreased,1938.62,1905.4,222941.3,219178.162,1758139273962,2025-09-17 20:01:13
LTC,decreased,1905.4,1782.98,219178.162,205096.1894,1758139278725,2025-09-17 20:01:18
LTC,decreased,1782.98,1780.88,205096.1894,204872.4352,1758139283639,2025-09-17 20:01:23
LTC,decreased,1780.88,1773.02,204872.4352,203932.7604,1758139288655,2025-09-17 20:01:28
LTC,decreased,1773.02,1742.93,203897.3,200454.3793,1758139363793,2025-09-17 20:02:43
LTC,decreased,1742.93,1192.62,200454.3793,137151.3,1758139373563,2025-09-17 20:02:53
LTC,decreased,1192.62,920.79,137163.2262,105890.85,1758139383634,2025-09-17 20:03:03
LTC,decreased,920.79,918.66,105890.85,105655.0866,1758139388604,2025-09-17 20:03:08
LTC,decreased,918.66,727.11,105655.0866,83639.4633,1758139393716,2025-09-17 20:03:13
LTC,decreased,727.11,439.19,83639.4633,50520.0257,1758139398792,2025-09-17 20:03:18
LTC,decreased,439.19,388.5,50511.2419,44685.27,1758139408776,2025-09-17 20:03:28
LTC,decreased,388.5,90.36,44685.27,10394.1108,1758139413565,2025-09-17 20:03:33
LTC,decreased,90.36,90.26,10393.2072,10381.7052,1758139423600,2025-09-17 20:03:43
LTC,decreased,90.26,11.79,10381.7052,1356.0858,1758139428350,2025-09-17 20:03:48
LTC,closed,11.79,0.0,1356.0858,0.0,1758139433389,2025-09-17 20:03:53
PUMP,opened_long,,6968641.0,,50013.936457,1758280077171,2025-09-19 11:07:57
PUMP,increased,6968641.0,13935340.0,50013.936457,100055.7412,1758280083621,2025-09-19 11:08:03
PUMP,increased,13935340.0,17417719.0,99944.25848,125059.22242,1758280097469,2025-09-19 11:08:17
PUMP,increased,17417719.0,20900583.0,125111.475577,149731.776612,1758280118089,2025-09-19 11:08:38
PUMP,increased,20900583.0,24390740.0,149543.671365,174540.13544,1758280127143,2025-09-19 11:08:47
PUMP,increased,24390740.0,27884800.0,174540.13544,199153.2416,1758280132297,2025-09-19 11:08:52
PUMP,increased,27884800.0,31384730.0,199153.2416,224243.89585,1758280137570,2025-09-19 11:08:57
PUMP,increased,31384730.0,34885150.0,224086.9722,248940.4304,1758280147383,2025-09-19 11:09:07
PUMP,increased,34885150.0,38395892.0,248731.1195,273532.334608,1758280158440,2025-09-19 11:09:18
PUMP,increased,38395892.0,41906634.0,273532.334608,298668.580518,1758280162343,2025-09-19 11:09:22
PUMP,increased,41906634.0,45415898.0,298668.580518,323815.35274,1758280167260,2025-09-19 11:09:27
PUMP,increased,45415898.0,48916318.0,324360.343516,349262.51052,1758280277248,2025-09-19 11:11:17
PUMP,increased,48916318.0,52417718.0,349262.51052,374262.50652,1758280287147,2025-09-19 11:11:27
PUMP,increased,52417718.0,55922063.0,373948.000212,398892.075379,1758280976890,2025-09-19 11:22:56
PUMP,increased,55922063.0,59425426.0,399115.763631,424238.116214,1758281286938,2025-09-19 11:28:06
PUMP,increased,59425426.0,62928298.0,424119.265362,449182.191124,1758281312444,2025-09-19 11:28:32
PUMP,increased,62928298.0,63238638.0,448741.693038,450765.011664,1758281341807,2025-09-19 11:29:01
PUMP,increased,63238638.0,66434609.0,450765.011664,473612.327561,1758281347607,2025-09-19 11:29:07
PUMP,increased,66434609.0,69940920.0,472881.546862,497629.6458,1758281392029,2025-09-19 11:29:52
PUMP,increased,69940920.0,76970302.0,497629.6458,547951.579938,1758281403152,2025-09-19 11:30:03
PUMP,increased,76970302.0,80488455.0,546950.966012,571950.96123,1758281567385,2025-09-19 11:32:47
PUMP,increased,80488455.0,83999197.0,573480.241875,598578.277822,1758281832818,2025-09-19 11:37:12
PUMP,increased,83999197.0,87518341.0,596646.296291,621730.294464,1758281897405,2025-09-19 11:38:17
PUMP,increased,87518341.0,91040956.0,621117.666077,646208.705688,1758281917539,2025-09-19 11:38:37
PUMP,increased,91040956.0,94564067.0,645844.541864,670837.491298,1758281932258,2025-09-19 11:38:52
PUMP,increased,94564067.0,98091155.0,670270.106896,694779.650865,1758281942529,2025-09-19 11:39:02
PUMP,increased,98091155.0,101621231.0,694681.55971,719376.694249,1758281953377,2025-09-19 11:39:13
PUMP,increased,101621231.0,105153302.0,719071.830556,743959.61165,1758282027259,2025-09-19 11:40:27
PUMP,decreased,105153302.0,105151068.0,759837.760252,759821.617368,1758283761737,2025-09-19 12:09:21
PUMP,decreased,105151068.0,105149003.0,759821.617368,759175.80166,1758283766665,2025-09-19 12:09:26
PUMP,decreased,105149003.0,105143214.0,759701.546675,760185.43722,1758284249999,2025-09-19 12:17:29
PUMP,decreased,105143214.0,102072787.0,760185.43722,737986.25001,1758284254627,2025-09-19 12:17:34
PUMP,decreased,102072787.0,102066602.0,737986.25001,737839.465858,1758284260282,2025-09-19 12:17:40
PUMP,decreased,102066602.0,40764570.0,737839.465858,294687.07653,1758284264067,2025-09-19 12:17:44
PUMP,decreased,40764570.0,40735301.0,294687.07653,294516.22623,1758284269361,2025-09-19 12:17:49
PUMP,decreased,40735301.0,5017739.0,294434.755628,36273.235231,1758284284284,2025-09-19 12:18:04
PUMP,closed,5017739.0,0.0,36273.235231,0.0,1758284289612,2025-09-19 12:18:09
PUMP,opened_long,,237714.0,,1692.52368,1758286856632,2025-09-19 13:00:56
PUMP,increased,237714.0,4253694.0,1692.52368,30277.793892,1758286861819,2025-09-19 13:01:01
PUMP,increased,4253694.0,4466757.0,30277.793892,31794.376326,1758286866994,2025-09-19 13:01:06
PUMP,increased,4466757.0,4790459.0,31794.376326,34098.487162,1758286871393,2025-09-19 13:01:11
PUMP,increased,4790459.0,7280721.0,34112.858539,51838.73352,1758286951246,2025-09-19 13:02:31
PUMP,increased,7280721.0,14044943.0,51846.014241,99999.99416,1758286966474,2025-09-19 13:02:46
PUMP,increased,14044943.0,23593831.0,100028.084046,167516.2001,1758287928680,2025-09-19 13:18:48
PUMP,increased,23593831.0,28129450.0,167516.2001,199634.70665,1758287932808,2025-09-19 13:18:52
PUMP,increased,28129450.0,30291907.0,199606.5772,214860.496351,1758288358682,2025-09-19 13:25:58
PUMP,increased,30291907.0,30423065.0,214890.788258,215760.37698,1758288369179,2025-09-19 13:26:09
PUMP,increased,30423065.0,36164475.0,215790.800045,256550.78565,1758288398037,2025-09-19 13:26:38
PUMP,increased,36164475.0,42233822.0,256514.621175,299522.265624,1758288422847,2025-09-19 13:27:02
PUMP,increased,42233822.0,43757222.0,299606.733268,310151.189536,1758288643187,2025-09-19 13:30:43
PUMP,increased,43757222.0,45202372.0,310194.946758,320394.412736,1758288652792,2025-09-19 13:30:52
PUMP,increased,45202372.0,52719042.0,320394.412736,373672.569696,1758288658134,2025-09-19 13:30:58
PUMP,increased,52719042.0,52726230.0,373672.569696,373618.06578,1758288662801,2025-09-19 13:31:02
PUMP,increased,52726230.0,53649505.0,373776.24447,380267.69144,1758288673925,2025-09-19 13:31:13
PUMP,increased,53649505.0,53974212.0,380214.041935,382515.240444,1758288687743,2025-09-19 13:31:27
PUMP,increased,53974212.0,53995002.0,382623.188868,382770.569178,1758288733317,2025-09-19 13:32:13
PUMP,increased,53995002.0,56342174.0,382770.569178,399296.987138,1758288738007,2025-09-19 13:32:18
PUMP,increased,56342174.0,70526571.0,397606.721918,497776.538118,1758288788024,2025-09-19 13:33:08
PUMP,increased,70526571.0,82531222.0,496718.639553,581267.396546,1758288832850,2025-09-19 13:33:52
PUMP,increased,82531222.0,82669694.0,580937.271658,581994.64576,1758288872805,2025-09-19 13:34:32
PUMP,increased,82669694.0,83075900.0,581994.64576,584771.2601,1758288877960,2025-09-19 13:34:37
PUMP,increased,83075900.0,84731116.0,584771.2601,596507.05664,1758288882811,2025-09-19 13:34:42
PUMP,decreased,84731116.0,75703138.0,604641.243776,541277.4367,1758289228032,2025-09-19 13:40:28
PUMP,decreased,75703138.0,45214852.0,540974.624148,323240.976948,1758289243018,2025-09-19 13:40:43
PUMP,decreased,45214852.0,45213312.0,323060.11754,323184.754176,1758289273693,2025-09-19 13:41:13
PUMP,decreased,45213312.0,11344969.0,323229.967488,81116.52835,1758289284535,2025-09-19 13:41:24
PUMP,decreased,11344969.0,2.0,81116.52835,0.014306,1758289289276,2025-09-19 13:41:29
PUMP,increased,2.0,5444623.0,0.01417,38580.598578,1758290362775,2025-09-19 13:59:22
PUMP,increased,5444623.0,14124295.0,38580.598578,99985.884305,1758290368161,2025-09-19 13:59:28
PUMP,increased,14124295.0,28288600.0,99971.76001,200113.5564,1758290378268,2025-09-19 13:59:38
PUMP,increased,28288600.0,42493145.0,199632.6502,299661.65854,1758290433901,2025-09-19 14:00:33
PUMP,increased,42493145.0,56738159.0,298981.76822,399096.210406,1758290456998,2025-09-19 14:00:56
PUMP,decreased,56738159.0,48324694.0,404089.168398,344023.496586,1758290863354,2025-09-19 14:07:43
PUMP,decreased,48324694.0,45207277.0,344023.496586,322147.055902,1758290868446,2025-09-19 14:07:48
PUMP,decreased,45207277.0,41764201.0,322056.641348,297569.932125,1758291358593,2025-09-19 14:15:58
PUMP,decreased,41764201.0,41110494.0,297569.932125,292830.048762,1758291373620,2025-09-19 14:16:13
PUMP,decreased,41110494.0,37533757.0,292871.159256,267578.153653,1758291403782,2025-09-19 14:16:43
PUMP,decreased,37533757.0,36347526.0,267578.153653,259157.86038,1758291408544,2025-09-19 14:16:48
PUMP,decreased,36347526.0,31682292.0,259157.86038,225926.424252,1758291413633,2025-09-19 14:16:53
PUMP,decreased,31682292.0,31182292.0,225926.424252,222205.012792,1758291418683,2025-09-19 14:16:58
PUMP,decreased,31182292.0,27425115.0,222205.012792,195568.495065,1758292124805,2025-09-19 14:28:44
PUMP,decreased,27425115.0,25402253.0,195568.495065,181168.868396,1758292129077,2025-09-19 14:28:49
PUMP,decreased,25402253.0,24609734.0,181168.868396,175393.574218,1758292135164,2025-09-19 14:28:55
PUMP,decreased,24609734.0,24585200.0,175393.574218,175267.8908,1758292139371,2025-09-19 14:28:59
PUMP,decreased,24585200.0,18892295.0,175267.8908,134683.171055,1758292144240,2025-09-19 14:29:04
PUMP,decreased,18892295.0,10771679.0,134664.27876,76791.299591,1758292225548,2025-09-19 14:30:25
PUMP,decreased,10771679.0,10758458.0,76791.299591,76697.047082,1758292230346,2025-09-19 14:30:30
PUMP,decreased,10758458.0,10589729.0,76697.047082,75483.588312,1758292235802,2025-09-19 14:30:35
PUMP,decreased,10589729.0,9396230.0,75483.588312,67013.91236,1758292240451,2025-09-19 14:30:40
PUMP,decreased,9396230.0,8644141.0,67013.91236,61632.72533,1758292245309,2025-09-19 14:30:45
PUMP,decreased,8644141.0,2989413.0,61632.72533,21314.51469,1758292250322,2025-09-19 14:30:50
PUMP,decreased,2989413.0,1.0,21314.51469,0.007135,1758292256966,2025-09-19 14:30:56
PUMP,increased,1.0,28571429.0,0.007026,200142.860145,1758293531190,2025-09-19 14:52:11
PUMP,increased,28571429.0,42918631.0,199171.431559,299142.85807,1758294332682,2025-09-19 15:05:32
PUMP,increased,42918631.0,57307120.0,299014.102177,398284.484,1758294373538,2025-09-19 15:06:13
PUMP,increased,57307120.0,67232298.0,397310.26296,466323.218928,1758294483553,2025-09-19 15:08:03
PUMP,closed,67232298.0,0.0,472979.21643,0.0,1758295444755,2025-09-19 15:24:04
PUMP,opened_long,,4504836.0,,31182.474792,1758334167159,2025-09-20 02:09:27
PUMP,increased,4504836.0,11115311.0,31218.51348,76940.182742,1758358116096,2025-09-20 08:48:36
PUMP,increased,11115311.0,18955703.0,77006.874608,131192.420463,1758358131184,2025-09-20 08:48:51
PUMP,increased,18955703.0,33448456.0,130794.3507,230459.86184,1758358186368,2025-09-20 08:49:46
PUMP,increased,33448456.0,39789461.0,230493.310296,274149.38629,1758358201196,2025-09-20 08:50:01
PUMP,increased,39789461.0,47983339.0,274388.123056,330413.272354,1758358211481,2025-09-20 08:50:11
PUMP,increased,47983339.0,54337697.0,329501.588913,372919.614511,1758358847905,2025-09-20 09:00:47
PUMP,increased,54337697.0,62560598.0,372973.952208,428978.020486,1758358857721,2025-09-20 09:00:57
PUMP,increased,62560598.0,62616346.0,429978.990054,430111.680674,1758362087482,2025-09-20 09:54:47
PUMP,increased,62616346.0,77116638.0,430111.680674,529868.419698,1758362092198,2025-09-20 09:54:52
PUMP,increased,77116638.0,77576215.0,529328.603232,532483.13976,1758362222180,2025-09-20 09:57:02
PUMP,increased,77576215.0,77630226.0,532483.13976,532853.871264,1758362247119,2025-09-20 09:57:27
PUMP,increased,77630226.0,77809911.0,532853.871264,533620.369638,1758362252164,2025-09-20 09:57:32
PUMP,increased,77809911.0,80723662.0,534087.229104,553764.32132,1758362262160,2025-09-20 09:57:42
PUMP,increased,80723662.0,88074473.0,553764.32132,604102.810307,1758362267297,2025-09-20 09:57:47
PUMP,increased,88074473.0,88146020.0,604102.810307,604681.6972,1758362272157,2025-09-20 09:57:52
PUMP,increased,88146020.0,91693897.0,604681.6972,628928.439523,1758362277529,2025-09-20 09:57:57
PUMP,increased,91693897.0,94764410.0,628194.888347,649136.2085,1758362597877,2025-09-20 10:03:17
PUMP,increased,94764410.0,95831172.0,649230.97291,656539.359372,1758362607752,2025-09-20 10:03:27
PUMP,increased,95831172.0,97722943.0,656539.359372,669206.713664,1758362612782,2025-09-20 10:03:32
PUMP,increased,97722943.0,99378812.0,669206.713664,680446.725764,1758362622554,2025-09-20 10:03:42
PUMP,increased,99378812.0,99469417.0,680844.241012,681365.50645,1758362633058,2025-09-20 10:03:53
PUMP,increased,99469417.0,102264821.0,681365.50645,700514.02385,1758362637762,2025-09-20 10:03:57
PUMP,increased,102264821.0,106292437.0,701434.407239,729059.825383,1758363583281,2025-09-20 10:19:43
PUMP,increased,106292437.0,116747820.0,727465.438828,797621.10624,1758364098741,2025-09-20 10:28:18
PUMP,increased,116747820.0,120933725.0,797621.10624,826340.142925,1758364103090,2025-09-20 10:28:23
PUMP,increased,120933725.0,132848009.0,825372.673125,905890.573371,1758364134171,2025-09-20 10:28:54
PUMP,increased,132848009.0,135596481.0,906289.117398,924903.596901,1758364178055,2025-09-20 10:29:38
PUMP,increased,135596481.0,150280768.0,923005.246167,1022660.62624,1758364372892,2025-09-20 10:32:52
PUMP,increased,150280768.0,150422468.0,1019204.168576,1019864.33304,1758365034374,2025-09-20 10:43:54
PUMP,increased,150422468.0,151167909.0,1019864.33304,1024918.42302,1758365039273,2025-09-20 10:43:59
PUMP,increased,151167909.0,151174457.0,1024767.255111,1024962.81846,1758365069043,2025-09-20 10:44:29
PUMP,increased,151174457.0,151446105.0,1026474.56303,1026956.038005,1758365414196,2025-09-20 10:50:14
PUMP,increased,151446105.0,151448599.0,1027258.930215,1026972.949819,1758365423976,2025-09-20 10:50:23
PUMP,increased,151448599.0,154090023.0,1026972.949819,1044422.175894,1758365434213,2025-09-20 10:50:34
PUMP,increased,154090023.0,154844405.0,1044422.175894,1049535.37709,1758365439184,2025-09-20 10:50:39
PUMP,increased,154844405.0,179801078.0,1049535.37709,1217253.29806,1758365444324,2025-09-20 10:50:44
PUMP,increased,179801078.0,189319624.0,1219410.910996,1282451.132976,1758367203493,2025-09-20 11:20:03
PUMP,increased,189319624.0,189401227.0,1282451.132976,1283193.312925,1758367208456,2025-09-20 11:20:08
PUMP,increased,189401227.0,194556869.0,1283193.312925,1317344.559999,1758367213509,2025-09-20 11:20:13
PUMP,increased,194556869.0,195144957.0,1315204.43444,1319375.054277,1758367248524,2025-09-20 11:20:48
PUMP,increased,195144957.0,195257277.0,1320741.068976,1321501.250736,1758367308293,2025-09-20 11:21:48
PUMP,increased,195257277.0,201477085.0,1319939.19252,1361783.617515,1758367333442,2025-09-20 11:22:13
PUMP,increased,201477085.0,203015914.0,1361783.617515,1371981.546812,1758367363493,2025-09-20 11:22:43
PUMP,increased,203015914.0,209349768.0,1371981.546812,1414995.081912,1758367367913,2025-09-20 11:22:47
PUMP,increased,209349768.0,224142667.0,1408923.93864,1507583.578242,1758367513841,2025-09-20 11:25:13
PUMP,increased,224142667.0,238935566.0,1507583.578242,1607080.616916,1758367518848,2025-09-20 11:25:18
PUMP,increased,238935566.0,253728465.0,1606841.68135,1705562.74173,1758367528469,2025-09-20 11:25:28
PUMP,increased,253728465.0,257426689.0,1705562.74173,1728877.643324,1758367563688,2025-09-20 11:26:03
PUMP,increased,257426689.0,264823137.0,1728877.643324,1778552.188092,1758367568298,2025-09-20 11:26:08
PUMP,increased,264823137.0,268521361.0,1778552.188092,1803657.981837,1758367573451,2025-09-20 11:26:13
PUMP,increased,268521361.0,272219585.0,1803657.981837,1827954.513275,1758367593749,2025-09-20 11:26:33
PUMP,increased,272219585.0,275917809.0,1826321.195765,1853339.923053,1758367613626,2025-09-20 11:26:53
PUMP,increased,275917809.0,283314257.0,1853339.923053,1902455.235755,1758367618723,2025-09-20 11:26:58
PUMP,increased,283314257.0,287012481.0,1898488.836157,1923270.635181,1758367668386,2025-09-20 11:27:48
PUMP,increased,287012481.0,294408929.0,1923557.647662,1971951.006442,1758367678383,2025-09-20 11:27:58
PUMP,increased,294408929.0,298107153.0,1971951.006442,1995231.175029,1758367683385,2025-09-20 11:28:03
PUMP,decreased,298107153.0,297892145.0,2044120.748121,2050391.634035,1758369756977,2025-09-20 12:02:36
PUMP,decreased,297892145.0,262354106.0,2047710.60473,1808144.498552,1758370364453,2025-09-20 12:12:44
PUMP,decreased,262354106.0,246372805.0,1807095.082128,1698740.490475,1758370409403,2025-09-20 12:13:29
PUMP,decreased,246372805.0,246370301.0,1698740.490475,1699462.336298,1758370414256,2025-09-20 12:13:34
PUMP,decreased,246370301.0,246198514.0,1696013.152084,1696061.562946,1758370449615,2025-09-20 12:14:09
PUMP,decreased,246198514.0,238703993.0,1696553.959974,1644670.51177,1758370465404,2025-09-20 12:14:25
PUMP,decreased,238703993.0,232974229.0,1644670.51177,1607289.205871,1758370469642,2025-09-20 12:14:29
PUMP,decreased,232974229.0,232179567.0,1606124.334726,1601806.832733,1758370484875,2025-09-20 12:14:44
PUMP,decreased,232179567.0,230287140.0,1601806.832733,1588750.97886,1758370489991,2025-09-20 12:14:49
PUMP,decreased,230287140.0,230023564.0,1588750.97886,1587162.5916,1758370494952,2025-09-20 12:14:54
PUMP,decreased,230023564.0,230010516.0,1587162.5916,1586842.549884,1758370499834,2025-09-20 12:14:59
PUMP,decreased,230010516.0,229659429.0,1586842.549884,1584420.400671,1758370504990,2025-09-20 12:15:04
PUMP,decreased,229659429.0,229589518.0,1584420.400671,1583708.495164,1758370509909,2025-09-20 12:15:09
PUMP,decreased,229589518.0,229466498.0,1583708.495164,1581942.037212,1758370514535,2025-09-20 12:15:14
PUMP,decreased,229466498.0,229456599.0,1581942.037212,1583021.076501,1758370519634,2025-09-20 12:15:19
PUMP,decreased,229456599.0,229325979.0,1583021.076501,1582119.929121,1758370525603,2025-09-20 12:15:25
PUMP,decreased,229325979.0,229321262.0,1582119.929121,1582087.386538,1758370529650,2025-09-20 12:15:29
PUMP,decreased,229321262.0,229198242.0,1582087.386538,1581009.473316,1758370544687,2025-09-20 12:15:44
PUMP,decreased,229198242.0,229188343.0,1581009.473316,1580712.001671,1758370549779,2025-09-20 12:15:49
PUMP,decreased,229188343.0,229065323.0,1580712.001671,1580092.598054,1758370554604,2025-09-20 12:15:54
PUMP,decreased,229065323.0,229060607.0,1580092.598054,1580060.067086,1758370559440,2025-09-20 12:15:59
PUMP,decreased,229060607.0,228937587.0,1580289.127693,1579211.475126,1758370574604,2025-09-20 12:16:14
PUMP,decreased,228937587.0,228927689.0,1579211.475126,1579372.126411,1758370579951,2025-09-20 12:16:19
PUMP,decreased,228927689.0,228804669.0,1579372.126411,1578294.606762,1758370584645,2025-09-20 12:16:24
PUMP,decreased,228804669.0,228799952.0,1578294.606762,1578033.268944,1758370589648,2025-09-20 12:16:29
PUMP,decreased,228799952.0,228676922.0,1578033.268944,1577413.407956,1758370604548,2025-09-20 12:16:44
PUMP,decreased,228676922.0,219524387.0,1577413.407956,1514718.2703,1758370609497,2025-09-20 12:16:49
PUMP,decreased,219524387.0,213205722.0,1514718.2703,1470906.276078,1758370614495,2025-09-20 12:16:54
PUMP,decreased,213205722.0,197712567.0,1470906.276078,1364018.999733,1758370619595,2025-09-20 12:16:59
PUMP,decreased,197712567.0,182072316.0,1364018.999733,1256116.908084,1758370629654,2025-09-20 12:17:09
PUMP,decreased,182072316.0,181286636.0,1256116.908084,1250696.501764,1758370633984,2025-09-20 12:17:13
PUMP,decreased,181286636.0,163922607.0,1250696.501764,1130902.065693,1758370639352,2025-09-20 12:17:19
PUMP,decreased,163922607.0,159022816.0,1130902.065693,1097257.4304,1758370644608,2025-09-20 12:17:24
PUMP,decreased,159022816.0,155788267.0,1097257.4304,1074783.254033,1758370649804,2025-09-20 12:17:29
PUMP,decreased,155788267.0,132164612.0,1074783.254033,911803.658188,1758370653981,2025-09-20 12:17:33
PUMP,decreased,132164612.0,71388224.0,911803.658188,492507.357376,1758370664535,2025-09-20 12:17:44
PUMP,decreased,71388224.0,46251185.0,492507.357376,319086.925315,1758370669464,2025-09-20 12:17:49
PUMP,decreased,46251185.0,11052654.0,319086.925315,76263.3126,1758370674308,2025-09-20 12:17:54
PUMP,decreased,11052654.0,7488768.0,76263.3126,51672.4992,1758370679554,2025-09-20 12:17:59
PUMP,decreased,7488768.0,6672965.0,51665.010432,46036.785535,1758370689301,2025-09-20 12:18:09
PUMP,decreased,6672965.0,6549945.0,46036.785535,45155.32083,1758370694198,2025-09-20 12:18:14
PUMP,decreased,6549945.0,5393117.0,45043.971765,37185.541715,1758371419392,2025-09-20 12:30:19
PUMP,decreased,5393117.0,1036148.0,37185.541715,7157.710384,1758371424547,2025-09-20 12:30:24
PUMP,closed,1036148.0,0.0,7259.252888,0.0,1758376231151,2025-09-20 13:50:31
ASTER,opened_short,,-57.0,,91.1658,1758392582600,2025-09-20 18:23:02
ASTER,increased,-57.0,-6211.0,90.7098,9978.5926,1758392902344,2025-09-20 18:28:22
ASTER,increased,-6211.0,-12333.0,10045.6714,20153.3553,1758393062348,2025-09-20 18:31:02
ASTER,increased,-12333.0,-15590.0,20153.3553,25344.663,1758393082305,2025-09-20 18:31:22
ASTER,increased,-15590.0,-18430.0,25344.663,30295.234,1758393122280,2025-09-20 18:32:02
ASTER,increased,-18430.0,-24490.0,30295.234,40322.785,1758393182934,2025-09-20 18:33:02
ASTER,decreased,-24490.0,-8253.0,39884.414,13112.3664,1758393362129,2025-09-20 18:36:02
ASTER,closed,-8253.0,0.0,13105.764,0.0,1758393442119,2025-09-20 18:37:22
HYPE,increased,0.01,2172.15,0.54235,117854.34255,1758393482184,2025-09-20 18:38:02
HYPE,increased,2172.15,2963.87,117856.5147,160775.12815,1758393851382,2025-09-20 18:44:11
HYPE,increased,2963.87,2986.55,160775.12815,162077.08195,1758393873879,2025-09-20 18:44:33
ASTER,opened_short,,-12048.0,,20337.024,1758393908910,2025-09-20 18:45:08
HYPE,increased,2986.55,3045.16,162077.08195,165178.61388,1758393931365,2025-09-20 18:45:31
HYPE,increased,3045.16,3687.93,165178.61388,199981.69218,1758393951399,2025-09-20 18:45:51
HYPE,increased,3687.93,5028.74,199583.39574,272105.1214,1758394153264,2025-09-20 18:49:13
HYPE,increased,5028.74,5536.01,272105.1214,299514.74903,1758394181019,2025-09-20 18:49:41
HYPE,increased,5536.01,6720.53,299592.25317,363728.52466,1758394285235,2025-09-20 18:51:25
HYPE,increased,6720.53,7384.09,363728.52466,399457.11673,1758394309735,2025-09-20 18:51:49
ASTER,increased,-12048.0,-17860.0,20739.4272,30722.772,1758394740085,2025-09-20 18:59:00
HYPE,increased,7384.09,8946.38,399080.52814,483524.99986,1758394780249,2025-09-20 18:59:40
HYPE,increased,8946.38,9234.43,483524.99986,499111.70707,1758394804351,2025-09-20 19:00:04
ASTER,increased,-17860.0,-23574.0,31108.548,41167.2762,1758396011718,2025-09-20 19:20:11
HYPE,increased,9234.43,9775.65,497643.4327,526985.7402,1758397211149,2025-09-20 19:40:11
ASTER,closed,-23574.0,0.0,38552.9196,0.0,1758397237006,2025-09-20 19:40:37
HYPE,increased,9775.65,12945.41,526985.7402,697472.79998,1758397237006,2025-09-20 19:40:37
ASTER,opened_long,,6211.0,,10089.1484,1758397561367,2025-09-20 19:46:01
ASTER,closed,6211.0,0.0,9960.5807,0.0,1758397619315,2025-09-20 19:46:59
HYPE,decreased,12945.41,9494.63,708748.25209,520125.32603,1758402779624,2025-09-20 21:12:59
HYPE,decreased,9494.63,9042.85,520229.76696,495512.0086,1758402884125,2025-09-20 21:14:44
HYPE,decreased,9042.85,7009.53,495512.0086,384094.20588,1758402908608,2025-09-20 21:15:08
HYPE,decreased,7009.53,3460.28,384045.13917,189606.0426,1758403012878,2025-09-20 21:16:52
HYPE,decreased,3460.28,22.68,189609.50288,1242.79596,1758403120088,2025-09-20 21:18:40
ASTER,opened_long,,5917.0,,9939.3766,1758446002107,2025-09-21 09:13:22
ASTER,increased,5917.0,11869.0,9939.3766,19961.2842,1758446022292,2025-09-21 09:13:42
ASTER,increased,11869.0,17839.0,20026.5637,29871.4055,1758446190079,2025-09-21 09:16:30
ASTER,decreased,17839.0,17325.0,30649.1859,29760.885,1758446472386,2025-09-21 09:21:12
ASTER,decreased,17325.0,5970.0,29760.885,10267.803,1758446491418,2025-09-21 09:21:31
ASTER,increased,5970.0,17946.0,10058.256,29813.6898,1758446634528,2025-09-21 09:23:54
ASTER,increased,17946.0,78552.0,29813.6898,129516.5376,1758446659683,2025-09-21 09:24:19
ASTER,increased,78552.0,139158.0,129516.5376,230501.3112,1758446685268,2025-09-21 09:24:45
ASTER,decreased,139158.0,78007.0,230501.3112,128890.9661,1758446711255,2025-09-21 09:25:11
ASTER,decreased,78007.0,33115.0,127970.4835,54600.012,1758446814054,2025-09-21 09:26:54
ASTER,closed,33115.0,0.0,54596.7005,0.0,1758446876469,2025-09-21 09:27:56
ASTER,opened_long,,12158.0,,19979.2414,1758446899063,2025-09-21 09:28:19
ASTER,increased,12158.0,24390.0,19901.4302,39887.406,1758446939043,2025-09-21 09:28:59
ASTER,increased,24390.0,36659.0,40089.843,59658.8566,1758446979723,2025-09-21 09:29:39
ASTER,increased,36659.0,48966.0,59658.8566,79437.5418,1758446999286,2025-09-21 09:29:59
ASTER,increased,48966.0,73656.0,79437.5418,119278.5264,1758447019537,2025-09-21 09:30:19
ASTER,increased,73656.0,86039.0,119094.3864,138264.673,1758447079422,2025-09-21 09:31:19
ASTER,increased,86039.0,98539.0,138264.673,157603.2766,1758447099272,2025-09-21 09:31:39
ASTER,increased,98539.0,123617.0,157603.2766,195599.1791,1758447118543,2025-09-21 09:31:58
ASTER,increased,123617.0,148933.0,195599.1791,234271.609,1758447139423,2025-09-21 09:32:19
ASTER,decreased,148933.0,77964.0,242924.6163,127814.1816,1758447499228,2025-09-21 09:38:19
ASTER,closed,77964.0,0.0,127284.0264,0.0,1758447539331,2025-09-21 09:38:59
ASTER,opened_long,,6289.0,,9998.2522,1758456162139,2025-09-21 12:02:42
ASTER,decreased,6289.0,1014.0,10393.8303,1680.2994,1758457062904,2025-09-21 12:17:42
ASTER,closed,1014.0,0.0,1680.2994,0.0,1758457083378,2025-09-21 12:18:03
HYPE,increased,22.68,22.92,1195.14528,1207.67772,1758464401046,2025-09-21 14:20:01
HYPE,increased,22.92,1632.71,1207.67772,86051.98055,1758464420607,2025-09-21 14:20:20
HYPE,increased,1632.71,1639.72,86051.98055,86405.0454,1758464440493,2025-09-21 14:20:40
HYPE,increased,1639.72,1920.57,86473.91364,101237.08584,1758465464173,2025-09-21 14:37:44
HYPE,increased,1920.57,2373.61,100541.8395,124282.2196,1758466774004,2025-09-21 14:59:34
HYPE,increased,2373.61,4282.84,124322.57097,224322.31068,1758466820170,2025-09-21 15:00:20
HYPE,increased,4282.84,6193.05,224326.59352,324206.1675,1758466885598,2025-09-21 15:01:25
HYPE,increased,6193.05,8105.09,323902.70805,423904.31209,1758466988152,2025-09-21 15:03:08
HYPE,increased,8105.09,9254.62,423620.63394,483563.14962,1758467030600,2025-09-21 15:03:50
HYPE,increased,9254.62,10018.96,483563.14962,523540.7548,1758467053432,2025-09-21 15:04:13
HYPE,increased,10018.96,11061.01,523841.3236,577948.83351,1758467976981,2025-09-21 15:19:36
HYPE,increased,11061.01,11256.87,578313.84684,588329.05368,1758468059202,2025-09-21 15:20:59
HYPE,increased,11256.87,11932.83,588441.62238,623705.15844,1758468101933,2025-09-21 15:21:41
HYPE,increased,11932.83,13848.53,623180.11392,723059.44836,1758468444563,2025-09-21 15:27:24
HYPE,increased,13848.53,15766.07,722463.96157,822121.72015,1758468750640,2025-09-21 15:32:30
HYPE,increased,15766.07,16974.35,822121.72015,884533.3785,1758468773314,2025-09-21 15:32:53
HYPE,increased,16974.35,19604.84,884533.3785,1021216.1156,1758468796023,2025-09-21 15:33:16
HYPE,increased,19604.84,20374.78,1020510.34136,1060649.92246,1758468900265,2025-09-21 15:35:00
HYPE,increased,20374.78,20380.78,1060649.92246,1061166.07226,1758468925667,2025-09-21 15:35:25
HYPE,increased,20380.78,21085.59,1061166.07226,1097757.98658,1758468945717,2025-09-21 15:35:45
HYPE,increased,21085.59,21336.45,1097757.98658,1110818.2599,1758468968313,2025-09-21 15:36:08
HYPE,increased,21336.45,22012.14,1110796.92345,1145974.02054,1758469011330,2025-09-21 15:36:51
HYPE,increased,22012.14,22606.65,1145974.02054,1176743.95245,1758469036359,2025-09-21 15:37:16
HYPE,increased,22606.65,22750.12,1176743.95245,1184234.74648,1758469058778,2025-09-21 15:37:38
HYPE,increased,22750.12,23447.29,1184234.74648,1220454.89179,1758469082117,2025-09-21 15:38:02
HYPE,increased,23447.29,24426.52,1212670.39151,1264731.92604,1758469675157,2025-09-21 15:47:55
HYPE,increased,24426.52,24500.76,1265806.69292,1267277.31024,1758471995419,2025-09-21 16:26:35
HYPE,increased,24500.76,27314.26,1267277.31024,1412693.5272,1758472015098,2025-09-21 16:26:55
HYPE,increased,27314.26,27802.59,1412939.35554,1438033.36257,1758472078017,2025-09-21 16:27:58
HYPE,increased,27802.59,27997.87,1438033.36257,1448077.83427,1758472103019,2025-09-21 16:28:23
HYPE,increased,27997.87,28177.97,1448525.80019,1457702.74404,1758472146122,2025-09-21 16:29:06
HYPE,increased,28177.97,28436.16,1457702.74404,1470974.12064,1758472168767,2025-09-21 16:29:28
HYPE,increased,28436.16,29852.3,1471542.84384,1543811.6945,1758472291413,2025-09-21 16:31:31
HYPE,increased,29852.3,30802.62,1543811.6945,1592495.454,1758472315386,2025-09-21 16:31:55
HYPE,increased,30802.62,31182.73,1592495.454,1611585.85186,1758472339032,2025-09-21 16:32:19
HYPE,increased,31182.73,35061.7,1609247.14711,1807816.3137,1758472381712,2025-09-21 16:33:01
HYPE,increased,35061.7,38940.67,1807816.3137,2007936.70788,1758472405963,2025-09-21 16:33:25
HYPE,increased,38940.67,42524.45,2007547.30118,2192603.16645,1758472530532,2025-09-21 16:35:30
HYPE,increased,42524.45,42819.64,2192603.16645,2206924.2456,1758472553480,2025-09-21 16:35:53
HYPE,increased,42819.64,46703.13,2205853.7546,2404323.83553,1758472616280,2025-09-21 16:36:56
HYPE,increased,46703.13,50586.62,2404323.83553,2602529.83914,1758472639144,2025-09-21 16:37:19
HYPE,increased,50586.62,52364.73,2602529.83914,2691390.02781,1758472662233,2025-09-21 16:37:42
HYPE,increased,52364.73,54477.67,2691390.02781,2796720.14479,1758472684804,2025-09-21 16:38:04
HYPE,increased,54477.67,58383.92,2794105.21663,2993869.03368,1758472730253,2025-09-21 16:38:50
HYPE,increased,58383.92,62290.17,2993869.03368,3190004.18604,1758472756161,2025-09-21 16:39:16
HYPE,increased,62290.17,70102.67,3190004.18604,3586592.80254,1758472789659,2025-09-21 16:39:49
HYPE,increased,70102.67,74016.56,3583438.18239,3782764.33192,1758472875834,2025-09-21 16:41:15
ASTER,opened_long,,6944.0,,10017.4144,1758473883859,2025-09-21 16:58:03
ASTER,increased,6944.0,14297.0,9391.0656,19468.2249,1758474210443,2025-09-21 17:03:30
ASTER,increased,14297.0,29094.0,19468.2249,39143.0676,1758474230376,2025-09-21 17:03:50
ASTER,increased,29094.0,36456.0,39428.1888,49886.3904,1758474411032,2025-09-21 17:06:51
ASTER,increased,36456.0,43875.0,49281.2208,59555.925,1758474451100,2025-09-21 17:07:31
HYPE,increased,74016.56,77934.28,3782172.19944,3979558.13964,1758474973952,2025-09-21 17:16:13
ASTER,decreased,43875.0,42841.0,61933.95,60684.2765,1758475137300,2025-09-21 17:18:57
ASTER,closed,42841.0,0.0,60684.2765,0.0,1758475157566,2025-09-21 17:19:17
HYPE,increased,77934.28,79398.79,3975271.75424,4049814.68274,1758475502215,2025-09-21 17:25:02
HYPE,increased,79398.79,81855.84,4049814.68274,4175220.83088,1758475521009,2025-09-21 17:25:21
HYPE,increased,81855.84,85792.84,4158112.96032,4357160.96508,1758475562709,2025-09-21 17:26:02
HYPE,increased,85792.84,85970.43,4351498.63764,4361451.85476,1758475663728,2025-09-21 17:27:43
HYPE,increased,85970.43,87016.08,4361451.85476,4413455.5776,1758475681511,2025-09-21 17:28:01
HYPE,increased,87016.08,89737.61,4413455.5776,4553017.11857,1758475702964,2025-09-21 17:28:22
HYPE,increased,89737.61,90632.52,4557593.73668,4602047.46804,1758475968330,2025-09-21 17:32:48
HYPE,increased,90632.52,90674.57,4602047.46804,4604182.64089,1758475988235,2025-09-21 17:33:08
HYPE,increased,90674.57,93676.94,4604182.64089,4755697.21298,1758476008485,2025-09-21 17:33:28
HYPE,decreased,93676.94,46838.48,4847125.90642,2424828.1096,1758479435032,2025-09-21 18:30:35
HYPE,decreased,46838.48,45259.25,2427497.90296,2344972.261,1758479568455,2025-09-21 18:32:48
HYPE,decreased,45259.25,26601.13,2345243.8165,1377725.72496,1758479631122,2025-09-21 18:33:51
HYPE,decreased,26601.13,69.56,1378257.74756,3604.73832,1758479896423,2025-09-21 18:38:16
HYPE,increased,69.56,751.49,3580.39232,38667.16646,1758493070341,2025-09-21 22:17:50
HYPE,increased,751.49,1428.49,38667.16646,73508.66691,1758493094861,2025-09-21 22:18:14
HYPE,increased,1428.49,3525.75,73508.66691,181399.8375,1758493116998,2025-09-21 22:18:36
HYPE,increased,3525.75,3956.82,181399.8375,203226.23202,1758493139938,2025-09-21 22:18:59
HYPE,increased,3956.82,4306.82,203246.01612,221181.04792,1758494084387,2025-09-21 22:34:44
HYPE,increased,4306.82,5904.23,221181.04792,303188.11473,1758494106604,2025-09-21 22:35:06
HYPE,increased,5904.23,6058.79,302987.37091,310821.98579,1758494348742,2025-09-21 22:39:08
HYPE,increased,6058.79,6060.69,310821.98579,310961.88252,1758494370536,2025-09-21 22:39:30
HYPE,increased,6060.69,7853.54,310961.88252,402321.14712,1758496063743,2025-09-21 23:07:43
HYPE,increased,7853.54,7988.43,401747.8387,408640.14822,1758496766154,2025-09-21 23:19:26
HYPE,increased,7988.43,11763.6,408767.9631,601884.594,1758497408697,2025-09-21 23:30:08
HYPE,increased,11763.6,12719.84,600955.2696,649996.54384,1758497593422,2025-09-21 23:33:13
HYPE,increased,12719.84,15679.02,649920.2248,801166.56396,1758497635644,2025-09-21 23:33:55
HYPE,increased,15679.02,19594.44,800837.30454,1000942.77852,1758498324857,2025-09-21 23:45:24
HYPE,increased,19594.44,19634.15,1001413.04508,1003108.7235,1758498430054,2025-09-21 23:47:10
HYPE,increased,19634.15,19867.88,1003108.7235,1014871.17828,1758498449700,2025-09-21 23:47:29
HYPE,increased,19867.88,20892.72,1014871.17828,1067534.42112,1758498472625,2025-09-21 23:47:52
HYPE,increased,20892.72,23509.86,1067534.42112,1200342.92202,1758498495629,2025-09-21 23:48:15
HYPE,increased,23509.86,25023.31,1200131.33328,1277189.7424,1758498538162,2025-09-21 23:48:58
HYPE,increased,25023.31,25759.48,1277189.7424,1314789.61868,1758498560770,2025-09-21 23:49:20
HYPE,increased,25759.48,27428.35,1314789.61868,1399750.98555,1758498583198,2025-09-21 23:49:43
HYPE,increased,27428.35,31349.91,1399339.5603,1598312.46153,1758498665658,2025-09-21 23:51:05
HYPE,increased,31349.91,32365.14,1598312.46153,1650169.02804,1758498688296,2025-09-21 23:51:28
HYPE,increased,32365.14,32742.88,1650169.02804,1669297.50816,1758498710676,2025-09-21 23:51:50
HYPE,increased,32742.88,35273.01,1669297.50816,1796736.58338,1758498733070,2025-09-21 23:52:13
HYPE,increased,35273.01,35419.75,1795854.75813,1802971.53425,1758498975406,2025-09-21 23:56:15
HYPE,increased,35419.75,39202.28,1802971.53425,1994808.0178,1758498998030,2025-09-21 23:56:38
HYPE,increased,39202.28,43135.41,1994808.0178,2193435.5985,1758499020302,2025-09-21 23:57:00
HYPE,increased,43135.41,45799.48,2191451.36964,2326796.78192,1758500408176,2025-09-22 00:20:08
HYPE,increased,45799.48,46403.33,2326796.78192,2357799.60063,1758500433054,2025-09-22 00:20:33
HYPE,increased,46403.33,47072.41,2357799.60063,2391372.57282,1758500455506,2025-09-22 00:20:55
HYPE,increased,47072.41,49053.94,2376685.9809,2475850.45968,1758500937466,2025-09-22 00:28:57
HYPE,increased,49053.94,53015.79,2475850.45968,2674434.54234,1758500959918,2025-09-22 00:29:19
HYPE,increased,53015.79,54996.27,2674434.54234,2774066.85507,1758500982790,2025-09-22 00:29:42
HYPE,increased,54996.27,56977.99,2774066.85507,2875166.35339,1758501005322,2025-09-22 00:30:05
HYPE,increased,56977.99,59950.8,2875166.35339,3023618.598,1758501028000,2025-09-22 00:30:28
HYPE,increased,59950.8,61933.94,3023618.598,3120603.50084,1758501050830,2025-09-22 00:30:50
HYPE,increased,61933.94,64911.61,3120603.50084,3269078.50282,1758501078782,2025-09-22 00:31:18
HYPE,increased,64911.61,65904.57,3269078.50282,3315197.58471,1758501101192,2025-09-22 00:31:41
HYPE,increased,65904.57,66898.54,3315197.58471,3364394.47514,1758501127060,2025-09-22 00:32:07
HYPE,increased,66898.54,68886.94,3364394.47514,3463704.23014,1758501153521,2025-09-22 00:32:33
HYPE,increased,68886.94,69882.91,3463704.23014,3506724.4238,1758501182576,2025-09-22 00:33:02
HYPE,increased,69882.91,72871.31,3506724.4238,3657702.53414,1758501209430,2025-09-22 00:33:29
HYPE,increased,72871.31,74862.97,3659378.57427,3758719.99776,1758501278354,2025-09-22 00:34:38
HYPE,increased,74862.97,75859.04,3758719.99776,3807972.08992,1758501300992,2025-09-22 00:35:00
HYPE,increased,75859.04,76854.99,3807972.08992,3853048.06866,1758501324593,2025-09-22 00:35:24
HYPE,increased,76854.99,77851.93,3853048.06866,3902717.2509,1758501350743,2025-09-22 00:35:50
HYPE,increased,77851.93,83973.78,3816223.75667,4115638.93158,1758535697765,2025-09-22 10:08:17
HYPE,increased,83973.78,86012.97,4115638.93158,4219882.32117,1758535717772,2025-09-22 10:08:37
HYPE,increased,86012.97,86083.29,4218936.1785,4219286.37606,1758535958970,2025-09-22 10:12:38
HYPE,increased,86083.29,86274.9,4219286.37606,4228332.849,1758535978996,2025-09-22 10:12:58
HYPE,increased,86274.9,86281.01,4232819.1438,4228373.45707,1758536079000,2025-09-22 10:14:39
HYPE,increased,86281.01,86376.54,4228459.73808,4236942.04008,1758536118977,2025-09-22 10:15:18
HYPE,increased,86376.54,87028.67,4233659.73156,4263708.60064,1758536156917,2025-09-22 10:15:56
HYPE,increased,87028.67,88054.2,4263708.60064,4314039.4206,1758536179070,2025-09-22 10:16:19
HYPE,increased,88054.2,89121.99,4312190.2824,4364036.48433,1758536278961,2025-09-22 10:17:58
HYPE,increased,89121.99,92371.4,4364036.48433,4524720.6576,1758536298674,2025-09-22 10:18:18
HYPE,increased,92371.4,94182.9,4524443.5434,4610441.3208,1758536339526,2025-09-22 10:18:59
HYPE,increased,94182.9,96227.88,4607144.9193,4706794.29444,1758536382111,2025-09-22 10:19:42
HYPE,increased,96227.88,98272.86,4706890.52232,4804854.94398,1758537189301,2025-09-22 10:33:09
HYPE,increased,98272.86,100315.42,4811242.67988,4909737.60106,1758537629945,2025-09-22 10:40:29
HYPE,increased,100315.42,101137.56,4921374.18978,4962314.3814,1758539648189,2025-09-22 11:14:08
HYPE,increased,101137.56,104392.88,4962314.3814,5120470.764,1758539668010,2025-09-22 11:14:28
HYPE,increased,104392.88,105624.25,5120470.764,5181608.83225,1758539687710,2025-09-22 11:14:47
HYPE,increased,105624.25,106431.61,5181608.83225,5220896.19694,1758539708148,2025-09-22 11:15:08
HYPE,increased,106431.61,108468.26,5232922.96887,5322429.04994,1758553521193,2025-09-22 15:05:21
HYPE,decreased,108468.26,104064.82,4927279.17876,4730786.7172,1758653554664,2025-09-23 18:52:34
HYPE,decreased,104064.82,101853.56,4709037.16982,4609382.8578,1758653606194,2025-09-23 18:53:26
HYPE,decreased,101853.56,99644.06,4609382.8578,4508893.715,1758653628660,2025-09-23 18:53:48
HYPE,decreased,99644.06,97436.22,4513477.34176,4413665.89356,1758653740193,2025-09-23 18:55:40
HYPE,decreased,97436.22,95224.13,4404506.88888,4306511.27925,1758653887877,2025-09-23 18:58:07
HYPE,decreased,95224.13,92974.47,4232522.13024,4131599.49786,1758672517283,2025-09-24 00:08:37
HYPE,decreased,92974.47,91849.21,4131599.49786,4082605.53529,1758672540793,2025-09-24 00:09:00
HYPE,decreased,91849.21,90725.16,4082605.53529,4031644.66008,1758672565293,2025-09-24 00:09:25
HYPE,decreased,90725.16,87292.73,3964870.94232,3814343.13008,1758686911211,2025-09-24 04:08:31
HYPE,decreased,87292.73,85001.34,3814343.13008,3706823.43606,1758686933260,2025-09-24 04:08:53
HYPE,decreased,85001.34,83854.95,3706823.43606,3659765.4378,1758686957451,2025-09-24 04:09:17
HYPE,decreased,83854.95,82710.06,3659765.4378,3612527.29062,1758686983806,2025-09-24 04:09:43
HYPE,decreased,82710.06,81566.32,3612527.29062,3565753.24512,1758687007451,2025-09-24 04:10:07
HYPE,decreased,81566.32,79223.95,3483044.99664,3378743.0196,1758782226612,2025-09-25 06:37:06
HYPE,decreased,79223.95,78051.46,3378743.0196,3326241.01936,1758782249590,2025-09-25 06:37:29
HYPE,decreased,78051.46,75322.57,3319372.49088,3202113.09584,1758782519774,2025-09-25 06:41:59
HYPE,decreased,75322.57,74146.19,3202113.09584,3150026.73596,1758782542729,2025-09-25 06:42:22
HYPE,decreased,74146.19,72969.64,3150026.73596,3098801.70188,1758782567641,2025-09-25 06:42:47
HYPE,decreased,72969.64,71788.2,3089315.64868,3039297.0234,1758783337660,2025-09-25 06:55:37
HYPE,decreased,71788.2,69425.79,3039297.0234,2937058.04595,1758783359910,2025-09-25 06:55:59
HYPE,decreased,69425.79,68243.87,2937058.04595,2886510.96939,1758783410553,2025-09-25 06:56:50
HYPE,decreased,68243.87,67060.47,2883371.75137,2835719.03442,1758786936005,2025-09-25 07:55:36
HYPE,decreased,67060.47,65876.01,2833036.61562,2780297.00205,1758787043133,2025-09-25 07:57:23
HYPE,decreased,65876.01,65284.97,2784974.19876,2764622.62459,1758798971464,2025-09-25 11:16:11
HYPE,decreased,65284.97,62913.65,2752871.32999,2649797.1107,1758799102393,2025-09-25 11:18:22
HYPE,decreased,62913.65,60536.41,2649797.1107,2539805.08155,1758799124824,2025-09-25 11:18:44
HYPE,decreased,60536.41,58151.38,2539805.08155,2439624.84514,1758799149875,2025-09-25 11:19:09
HYPE,decreased,58151.38,55765.16,2437008.03304,2338735.04524,1758800968421,2025-09-25 11:49:28
HYPE,decreased,55765.16,53366.69,2323789.98236,2227845.84074,1758801203882,2025-09-25 11:53:23
HYPE,decreased,53366.69,50968.16,2224910.67279,2124098.068,1758801251811,2025-09-25 11:54:11
HYPE,decreased,50968.16,49768.58,2124098.068,2080077.8011,1758801274452,2025-09-25 11:54:34
HYPE,decreased,49768.58,48563.74,2064450.46698,2016026.53862,1758802291042,2025-09-25 12:11:31
HYPE,decreased,48563.74,47357.39,2015249.51878,1962111.38248,1758802339714,2025-09-25 12:12:19
HYPE,decreased,47357.39,46146.07,1954770.98703,1902971.63466,1758802489911,2025-09-25 12:14:49
HYPE,decreased,46146.07,43721.13,1902971.63466,1801747.7673,1758802512679,2025-09-25 12:15:12
HYPE,decreased,43721.13,38857.8,1798687.2882,1596861.291,1758802563414,2025-09-25 12:16:03
HYPE,decreased,38857.8,36411.86,1590138.8916,1488844.54354,1758803092487,2025-09-25 12:24:52
HYPE,decreased,36411.86,33964.12,1487570.12844,1387875.83556,1758803144765,2025-09-25 12:25:44
HYPE,decreased,33964.12,32727.45,1373169.3716,1321763.52315,1758843202838,2025-09-25 23:33:22
HYPE,decreased,32727.45,31860.32,1321763.52315,1283970.896,1758843225865,2025-09-25 23:33:45
HYPE,decreased,31860.32,30866.25,1282059.2768,1240144.1925,1758843316938,2025-09-25 23:35:16
HYPE,decreased,30866.25,28874.5,1240144.1925,1161159.143,1758843339842,2025-09-25 23:35:39
HYPE,decreased,28874.5,26380.56,1158069.5715,1055275.16112,1758843530490,2025-09-25 23:38:50
HYPE,decreased,26380.56,25130.94,1055275.16112,1002573.72036,1758843554505,2025-09-25 23:39:14
HYPE,decreased,25130.94,21354.86,998376.85338,852251.10774,1758843604361,2025-09-25 23:40:04
HYPE,decreased,21354.86,18581.71,1004041.45262,873507.60539,1759309443536,2025-10-01 09:04:03
HYPE,decreased,18581.71,18508.83,873507.60539,868600.88307,1759309465310,2025-10-01 09:04:25
HYPE,decreased,18508.83,18402.57,869267.20095,864331.90776,1759309550134,2025-10-01 09:05:50
HYPE,decreased,18402.57,15728.21,864331.90776,739210.14179,1759309573058,2025-10-01 09:06:13
HYPE,decreased,15728.21,10802.76,739210.14179,507675.7062,1759309597190,2025-10-01 09:06:37
HYPE,decreased,10802.76,10450.01,506454.99432,490816.06968,1759310806782,2025-10-01 09:26:46
HYPE,decreased,10450.01,4510.99,490816.06968,211822.55743,1759310832827,2025-10-01 09:27:12
HYPE,closed,4510.99,0.0,211872.17832,0.0,1759310880499,2025-10-01 09:28:00
BTC,closed,-1e-05,0.0,1.198,0.0,1760109677489,2025-10-10 15:21:17
ETH,closed,0.0021,0.0,8.8536,0.0,1760109677489,2025-10-10 15:21:17
