coin,size,entry_price,position_value,unrealized_pnl,leverage,margin_used,timestamp,human_time
BTC,9e-05,112550.0,10.6362,0.5067,40.0,0.265905,1755203450794,2025-08-14 20:30:50
BTC,9e-05,112550.0,10.59147,0.46197,40.0,0.264786,1755355380992,2025-08-16 14:43:00
BTC,4.61302,108384.3,499862.23418,-117.17059,40.0,12496.555854,1756508834407,2025-08-29 23:07:14
BTC,6.45974,108360.2,699693.19784,-285.98293,40.0,17492.329946,1756511932351,2025-08-29 23:58:52
BTC,1e-05,108360.2,1.09146,0.007858,40.0,0.027286,1756600969903,2025-08-31 00:42:49
BTC,-0.91616,109150.0,100073.07296,-74.20896,40.0,2501.826824,1756601047765,2025-08-31 00:44:07
BTC,-1.8309,109234.9,200126.5245,-128.2837,40.0,5003.163112,1756601290944,2025-08-31 00:48:10
BTC,-1.7511,109234.9,190959.2061,322.08696,40.0,4773.980152,1756631736345,2025-08-31 09:15:36
BTC,-1e-05,109234.9,1.09052,0.001829,40.0,0.027263,1756631754680,2025-08-31 09:15:54
BTC,0.91986,108710.0,99967.62522,-30.35538,40.0,2499.19063,1756633550055,2025-08-31 09:45:50
BTC,1.8405,108664.9,199896.705,-101.1924,40.0,4997.417625,1756633734406,2025-08-31 09:48:54
BTC,2.76156,108633.3,299794.9536,-202.428,40.0,7494.87384,1756634166660,2025-08-31 09:56:06
BTC,3.68338,108594.9,399536.2286,-460.1866,40.0,9988.405715,1756634349567,2025-08-31 09:59:09
BTC,4.6052,108571.9,499512.2284,-483.2204,40.0,12487.80571,1756634507385,2025-08-31 10:01:47
BTC,5.52753,108546.5,599267.16495,-727.30245,40.0,14981.679123,1756634721728,2025-08-31 10:05:21
BTC,6.45012,108524.1,699122.05668,-871.94082,40.0,17478.051417,1756635566576,2025-08-31 10:19:26
BTC,7.37348,108496.1,798665.85968,-1328.02582,40.0,19966.646492,1756645321149,2025-08-31 13:02:01
BTC,0.92337,108496.1,100302.91299,120.861363,40.0,2507.572824,1756652607255,2025-08-31 15:03:27
BTC,9e-05,108496.1,9.78831,0.023661,40.0,0.244707,1756656408329,2025-08-31 16:06:48
BTC,0.8988,111246.7,99946.56,-41.996019,40.0,2498.664,1756822732485,2025-09-02 14:18:52
BTC,0.36805,111246.7,40923.11145,-21.245516,40.0,1023.077786,1756822778633,2025-09-02 14:19:38
BTC,-0.89862,111270.0,99998.4336,-8.9862,40.0,2499.96084,1756822829478,2025-09-02 14:20:29
BTC,-1.79564,111374.9,200483.206,-493.969,40.0,5012.08015,1756823489937,2025-09-02 14:31:29
BTC,-2.69105,111476.4,300523.00875,-534.38295,40.0,7513.075218,1756823630747,2025-09-02 14:33:50
BTC,-1e-05,111476.4,1.11354,0.001224,40.0,0.027838,1756824529874,2025-09-02 14:48:49
ETH,132.2659,4534.19,601386.59412,1667.446637,25.0,24055.463764,1755203450794,2025-08-14 20:30:50
ETH,154.3604,4532.93,698465.37396,-1240.223823,25.0,27938.614958,1755204018799,2025-08-14 20:40:18
ETH,176.5038,4530.81,796932.30738,-2772.884803,25.0,31877.292295,1755204371753,2025-08-14 20:46:11
ETH,198.9253,4522.82,886510.59945,-13194.482733,25.0,35460.423978,1755207740472,2025-08-14 21:42:20
ETH,288.4806,4505.35,1288815.92856,-10892.378073,25.0,51552.637142,1755207859211,2025-08-14 21:44:19
ETH,333.3336,4499.11,1485967.85544,-13737.725043,25.0,59438.714217,1755207978101,2025-08-14 21:46:18
ETH,355.7551,4496.64,1586418.71743,-13286.753053,25.0,63456.748697,1755208987775,2025-08-14 22:03:07
ETH,316.1224,4496.64,1427102.96256,5611.794566,25.0,57084.118502,1755210256338,2025-08-14 22:24:16
ETH,1.3147,4496.64,5938.89431,27.151142,25.0,237.555772,1755210330463,2025-08-14 22:25:30
ETH,0.2461,4475.0,1101.34672,0.04922,25.0,44.053868,1755270666826,2025-08-15 15:11:06
ETH,11.1731,4475.0,50149.34204,149.71954,25.0,2005.973681,1755270726751,2025-08-15 15:12:06
ETH,56.1978,4448.56,249726.16386,-273.17604,25.0,9989.046554,1755271682796,2025-08-15 15:28:02
ETH,101.3241,4441.18,450223.50594,224.40444,25.0,18008.940237,1755271811993,2025-08-15 15:30:11
ETH,0.0001,4441.18,0.4456,0.001482,25.0,0.017824,1755272119909,2025-08-15 15:35:19
ETH,45.1417,4428.59,199666.25327,-247.987488,25.0,7986.65013,1755272582741,2025-08-15 15:43:02
ETH,83.3564,4421.42,368085.19112,-469.126638,25.0,14723.407644,1755272645474,2025-08-15 15:44:05
ETH,90.4674,4420.52,399223.58946,-690.238298,25.0,15968.943578,1755272706235,2025-08-15 15:45:06
ETH,113.2153,4415.6,498724.71803,-1188.878128,25.0,19948.988721,1755273002746,2025-08-15 15:50:02
ETH,0.0001,4415.6,0.44383,0.00227,25.0,0.017753,1755273250463,2025-08-15 15:54:10
ETH,22.7377,4398.0,99923.09642,-77.30994,25.0,3996.923856,1755274032705,2025-08-15 16:07:12
ETH,45.5115,4394.49,199540.6206,-459.54156,25.0,7981.624824,1755274085103,2025-08-15 16:08:05
ETH,68.3425,4389.65,299346.98425,-652.95791,25.0,11973.87937,1755274334044,2025-08-15 16:12:14
ETH,91.1996,4385.98,400220.32464,220.56998,25.0,16008.812985,1755274457805,2025-08-15 16:14:17
ETH,0.0001,4385.98,0.44139,0.002792,25.0,0.017655,1755275532958,2025-08-15 16:32:12
ETH,22.8051,4385.0,100210.17042,209.806822,25.0,4008.406816,1755284541875,2025-08-15 19:02:21
ETH,45.6517,4380.99,200146.18314,146.251342,25.0,8005.847325,1755284720818,2025-08-15 19:05:20
ETH,0.0001,4380.99,0.4409,0.002801,25.0,0.017636,1755285294286,2025-08-15 19:14:54
ETH,45.3002,4414.99,199941.49274,-58.886859,25.0,7997.659709,1755300259995,2025-08-15 23:24:19
ETH,0.0001,4414.99,0.44445,0.002951,25.0,0.017778,1755302363176,2025-08-15 23:59:23
ETH,45.403,4405.0,199963.8926,-36.323399,25.0,7998.555704,1755338385478,2025-08-16 09:59:45
ETH,45.403,4405.0,199900.3284,-99.887599,25.0,7996.013136,1755355380992,2025-08-16 14:43:00
ETH,0.0001,4405.0,0.44369,0.00319,25.0,0.017747,1755372763047,2025-08-16 19:32:43
ETH,501.3832,4555.0,2283449.50776,-350.96824,25.0,91337.98031,1755446674739,2025-08-17 16:04:34
ETH,0.0001,4555.0,0.45569,0.00019,25.0,0.018227,1755446744173,2025-08-17 16:05:44
ETH,22.429,4458.5,99952.5956,-47.1009,25.0,3998.103824,1755459349522,2025-08-17 19:35:49
ETH,0.0246,4458.5,109.84884,0.16974,25.0,4.393953,1755461359394,2025-08-17 20:09:19
ETH,23.2944,4297.57,100000.52976,-108.78786,25.0,4000.02119,1755511477729,2025-08-18 10:04:37
ETH,46.5935,4294.73,199965.32395,-141.40096,25.0,7998.612958,1755511492597,2025-08-18 10:04:52
ETH,69.9143,4292.48,299764.55268,-341.76263,25.0,11990.582107,1755511778870,2025-08-18 10:09:38
ETH,93.2787,4289.36,398999.63925,-1106.30806,25.0,15959.98557,1755512920794,2025-08-18 10:28:40
ETH,116.6869,4285.87,498474.76811,-1631.0096,25.0,19938.990724,1755513018007,2025-08-18 10:30:18
ETH,140.1335,4282.38,597613.3241,-2492.20261,25.0,23904.532964,1755514639304,2025-08-18 10:57:19
ETH,163.6076,4279.17,696772.04688,-3333.14583,25.0,27870.881875,1755514679156,2025-08-18 10:57:59
ETH,23.5017,4255.0,100060.83792,61.10442,25.0,4002.433516,1755613160506,2025-08-19 14:19:20
ETH,70.6159,4248.32,299799.80345,-199.70905,25.0,11991.992138,1755613423104,2025-08-19 14:23:43
ETH,117.7857,4244.99,498457.30383,-1542.16067,25.0,19938.292153,1755613640872,2025-08-19 14:27:20
ETH,212.3483,4238.31,898466.89213,-1532.37037,25.0,35938.675685,1755613674279,2025-08-19 14:27:54
ETH,307.0901,4232.75,1296012.34903,-3825.73201,25.0,51840.493961,1755613692984,2025-08-19 14:28:12
ETH,401.9892,4228.56,1695831.63912,-4006.14842,25.0,67833.265564,1755613733913,2025-08-19 14:28:53
ETH,497.001,4225.01,2092771.8108,-7065.65474,25.0,83710.872432,1755613758858,2025-08-19 14:29:18
ETH,528.2581,4223.83,2221642.26536,-9631.30568,25.0,88865.690614,1755613799053,2025-08-19 14:29:59
ETH,592.1258,4221.8,2490303.47706,-9533.77248,25.0,99612.139082,1755613856257,2025-08-19 14:30:56
ETH,687.5911,4217.38,2879975.32235,-19861.53419,25.0,115199.012894,1755614512117,2025-08-19 14:41:52
ETH,783.3994,4212.2,3269282.37608,-30554.13296,25.0,130771.295043,1755616038622,2025-08-19 15:07:18
ETH,677.9893,4212.2,2864504.7925,8676.916101,25.0,114580.1917,1755617388182,2025-08-19 15:29:48
ETH,0.0001,4212.2,0.42258,0.00136,25.0,0.016903,1755617451173,2025-08-19 15:30:51
ETH,24.0727,4154.1,99949.8504,-50.55848,25.0,3997.994016,1755622097548,2025-08-19 16:48:17
ETH,120.7729,4140.0,499854.87852,-145.43426,25.0,19994.19514,1755622763948,2025-08-19 16:59:23
ETH,0.0001,4140.0,0.41633,0.00233,25.0,0.016653,1755624282771,2025-08-19 17:24:42
ETH,48.4437,4128.49,199747.90821,-251.76339,25.0,7989.916328,1755629482002,2025-08-19 18:51:22
ETH,0.0001,4128.49,0.41402,0.001171,25.0,0.01656,1755629624914,2025-08-19 18:53:44
ETH,-24.2493,4128.7,100103.53533,14.54958,25.0,4004.141413,1755630155729,2025-08-19 19:02:35
ETH,-0.0001,4128.7,0.41305,-0.00018,25.0,0.016522,1755630195639,2025-08-19 19:03:15
ETH,24.2534,4123.1,100008.8949,9.70136,25.0,4000.355796,1755630261162,2025-08-19 19:04:21
ETH,72.8678,4117.02,300368.35838,369.52324,25.0,12014.734335,1755630281675,2025-08-19 19:04:41
ETH,0.0001,4117.02,0.41284,0.001138,25.0,0.016513,1755631121160,2025-08-19 19:18:41
ETH,48.8043,4098.0,199668.15216,-331.871142,25.0,7986.726086,1755646745938,2025-08-19 23:39:05
ETH,97.7998,4089.98,399375.26328,-624.391022,25.0,15975.010531,1755646815413,2025-08-19 23:40:15
ETH,171.4194,4083.54,697745.52576,-2253.998542,25.0,27909.82103,1755647597378,2025-08-19 23:53:17
ETH,196.0015,4081.59,798314.1095,-1685.397602,25.0,31932.56438,1755647707086,2025-08-19 23:55:07
ETH,0.3247,4081.59,1333.41302,8.117857,25.0,53.33652,1755650467137,2025-08-20 00:41:07
ETH,24.2195,4182.82,101382.827,76.909677,25.0,4055.31308,1755689595208,2025-08-20 11:33:15
ETH,48.1429,4181.42,201242.13629,-63.593033,25.0,8049.685451,1755690017282,2025-08-20 11:40:17
ETH,72.0949,4179.28,300988.99801,-316.331313,25.0,12039.55992,1755690080986,2025-08-20 11:41:20
ETH,120.1602,4171.97,499397.80722,-1907.235403,25.0,19975.912288,1755690252774,2025-08-20 11:44:12
ETH,168.3297,4166.25,698921.74737,-2383.059253,25.0,27956.869894,1755690368541,2025-08-20 11:46:08
ETH,0.2256,4166.25,943.75248,3.844882,25.0,37.750099,1755690792678,2025-08-20 11:53:12
ETH,24.1725,4175.81,101048.30175,108.534442,25.0,4041.93207,1755692661029,2025-08-20 12:24:21
ETH,0.0001,4175.81,0.41887,0.001289,25.0,0.016754,1755692844121,2025-08-20 12:27:24
ETH,4.8326,4173.0,20169.82262,3.382539,25.0,806.792904,1755695658528,2025-08-20 13:14:18
ETH,47.9732,4168.99,199827.56728,-172.519801,25.0,7993.102691,1755695723006,2025-08-20 13:15:23
ETH,0.0001,4168.99,0.41946,0.002561,25.0,0.016778,1755697026644,2025-08-20 13:37:06
ETH,23.8607,4190.99,100133.81362,133.622121,25.0,4005.352544,1755697219688,2025-08-20 13:40:19
ETH,23.9366,4177.7,99901.79376,-98.14006,25.0,3996.07175,1755697518871,2025-08-20 13:45:18
ETH,47.9462,4170.24,199484.95972,-462.61057,25.0,7979.398388,1755697568325,2025-08-20 13:46:08
ETH,72.002,4165.82,299254.7124,-692.81849,25.0,11970.188496,1755697629510,2025-08-20 13:47:09
ETH,120.2296,4158.27,498700.35784,-1247.03025,25.0,19948.014313,1755697836235,2025-08-20 13:50:36
ETH,216.918,4148.78,896196.717,-3750.20829,25.0,35847.86868,1755697929302,2025-08-20 13:52:09
ETH,265.391,4144.62,1094207.093,-5739.43029,25.0,43768.28372,1755698770476,2025-08-20 14:06:10
ETH,313.9464,4140.66,1292391.75024,-7554.41845,25.0,51695.670009,1755698947845,2025-08-20 14:09:07
ETH,338.2477,4138.81,1393039.32768,-6906.69051,25.0,55721.573107,1755699012956,2025-08-20 14:10:12
ETH,386.8799,4135.51,1590656.70885,-9289.15784,25.0,63626.268354,1755699077945,2025-08-20 14:11:17
ETH,435.5417,4132.66,1791513.67461,-8432.19008,25.0,71660.546984,1755699138207,2025-08-20 14:12:18
ETH,557.3146,4126.81,2289727.0341,-10208.49539,25.0,91589.081364,1755699429198,2025-08-20 14:17:09
ETH,0.0001,4126.81,0.41461,0.001929,25.0,0.016584,1755699793156,2025-08-20 14:23:13
ETH,-23.2605,4299.38,99896.86935,109.0688,25.0,3995.874774,1755703396126,2025-08-20 15:23:16
ETH,-31.1844,4301.83,134245.72356,-95.70031,25.0,5369.828942,1755703511875,2025-08-20 15:25:11
ETH,-0.0001,4301.83,0.42924,0.000943,25.0,0.017169,1755703876047,2025-08-20 15:31:16
ETH,-23.1482,4319.99,99903.00156,97.220623,25.0,3996.120062,1755706693097,2025-08-20 16:18:13
ETH,-0.0001,4319.99,0.43096,0.001039,25.0,0.017238,1755707121643,2025-08-20 16:25:21
ETH,115.9016,4314.0,500405.158,405.6556,25.0,20016.20632,1755707298640,2025-08-20 16:28:18
ETH,0.2012,4314.0,869.84796,1.87116,25.0,34.793918,1755711732681,2025-08-20 17:42:12
ETH,-45.7283,4357.81,199169.61065,105.75915,25.0,7966.784426,1755711967809,2025-08-20 17:46:07
ETH,-0.0001,4357.81,0.43382,0.001961,25.0,0.017352,1755712156274,2025-08-20 17:49:16
ETH,46.4143,4309.0,199985.29441,-13.92429,25.0,7999.411776,1755713051918,2025-08-20 18:04:11
ETH,92.8827,4306.49,399061.23228,-937.98002,25.0,15962.449291,1755713178559,2025-08-20 18:06:18
ETH,139.4593,4302.32,598615.09932,-1384.03338,25.0,23944.603972,1755713235573,2025-08-20 18:07:15
ETH,186.0467,4299.98,798940.34381,-1058.49709,25.0,31957.613752,1755713658826,2025-08-20 18:14:18
ETH,232.6341,4295.96,995162.15298,-4226.10118,25.0,39806.486119,1755713774541,2025-08-20 18:16:14
ETH,279.4177,4292.43,1195628.3383,-3753.5089,25.0,47825.133532,1755714249170,2025-08-20 18:24:09
ETH,373.1823,4285.79,1590950.78136,-8430.82744,25.0,63638.031254,1755714794104,2025-08-20 18:33:14
ETH,1.9824,4285.79,8559.80496,63.651469,25.0,342.392198,1755717119009,2025-08-20 19:11:59
ETH,23.1374,4321.2,99979.01914,-2.31374,25.0,3999.160765,1755735095115,2025-08-21 00:11:35
ETH,46.3387,4315.64,199738.33248,-242.92353,25.0,7989.533299,1755735809603,2025-08-21 00:23:29
ETH,0.0001,4315.64,0.43316,0.001596,25.0,0.017326,1755736645023,2025-08-21 00:37:25
ETH,23.4467,4265.0,100037.69022,37.509656,25.0,4001.507608,1755767119016,2025-08-21 09:05:19
ETH,46.9153,4262.99,199920.16789,-79.717274,25.0,7996.806715,1755767841787,2025-08-21 09:17:21
ETH,70.4005,4261.33,300124.37155,124.504786,25.0,12004.974862,1755767960328,2025-08-21 09:19:20
ETH,23.3535,4281.9,100006.69305,9.3414,25.0,4000.267722,1755777965804,2025-08-21 12:06:05
ETH,41.1479,4281.07,176092.43805,-64.9456,25.0,7043.697522,1755778029377,2025-08-21 12:07:09
ETH,41.2389,4281.07,176630.33259,83.46894,25.0,7065.213303,1755778087975,2025-08-21 12:08:07
ETH,93.5015,4277.97,399775.0134,-221.86025,25.0,15991.000536,1755778142667,2025-08-21 12:09:02
ETH,140.3179,4275.98,599606.45028,-390.08417,25.0,23984.258011,1755778328316,2025-08-21 12:12:08
ETH,162.4515,4275.16,693602.9244,-904.08205,25.0,27744.116976,1755778394103,2025-08-21 12:13:14
ETH,187.1563,4274.48,799138.68537,-857.81708,25.0,31965.547414,1755778450389,2025-08-21 12:14:10
ETH,375.0269,4266.08,1595326.92991,-4571.44631,25.0,63813.077196,1755778743509,2025-08-21 12:19:03
ETH,422.0414,4264.74,1795237.50318,-4660.54494,25.0,71809.500127,1755780604124,2025-08-21 12:50:04
ETH,516.2698,4261.13,2190068.11858,-9829.48754,25.0,87602.724743,1755780667781,2025-08-21 12:51:07
ETH,563.4284,4259.45,2389612.53008,-10284.69864,25.0,95584.501203,1755780720312,2025-08-21 12:52:00
ETH,586.9783,4258.92,2493307.72491,-6589.44418,25.0,99732.308996,1755781026646,2025-08-21 12:57:06
ETH,0.0001,4258.92,0.42892,0.003028,25.0,0.017156,1755783487432,2025-08-21 13:38:07
ETH,23.6743,4224.0,99969.46661,-30.780082,25.0,3998.778664,1755805579543,2025-08-21 19:46:19
ETH,118.6072,4215.59,501174.7236,1175.305808,25.0,20046.988944,1755809078570,2025-08-21 20:44:38
ETH,94.933,4215.59,403446.2634,3247.584659,25.0,16137.850536,1755809595868,2025-08-21 20:53:15
ETH,17.9505,4215.59,76122.68535,450.723201,25.0,3044.907414,1755810918554,2025-08-21 21:15:18
ETH,1.1532,4802.0,5537.78172,0.11532,25.0,221.511268,1755902348756,2025-08-22 22:39:08
ETH,20.8855,4788.0,100008.1282,8.3542,25.0,4000.325128,1755912314857,2025-08-23 01:25:14
ETH,41.8147,4782.99,199740.45896,-259.03264,25.0,7989.618358,1755912549979,2025-08-23 01:29:09
ETH,62.7878,4777.98,299347.11528,-652.11712,25.0,11973.884611,1755912857122,2025-08-23 01:34:17
ETH,104.7869,4771.57,498963.78173,-1035.16487,25.0,19958.551269,1755913450610,2025-08-23 01:44:10
ETH,125.7953,4769.64,599175.59343,-823.33717,25.0,23967.023737,1755913513475,2025-08-23 01:45:13
ETH,0.0001,4769.64,0.47825,0.001286,25.0,0.01913,1755913992789,2025-08-23 01:53:12
ETH,21.0815,4743.5,99979.01375,-21.084114,25.0,3999.16055,1755933619387,2025-08-23 07:20:19
ETH,63.3201,4737.82,299751.02139,-248.811874,25.0,11990.040855,1755933741514,2025-08-23 07:22:21
ETH,105.5944,4735.09,499493.19032,-506.356244,25.0,19979.727612,1755933855771,2025-08-23 07:24:15
ETH,147.8955,4733.06,699220.3449,-778.802464,25.0,27968.813796,1755934091078,2025-08-23 07:28:11
ETH,169.0595,4732.05,798704.7018,-1294.345564,25.0,31948.188072,1755934329345,2025-08-23 07:32:09
ETH,211.4234,4729.84,998172.15608,-1826.863184,25.0,39926.886243,1755934391514,2025-08-23 07:33:11
ETH,169.4055,4729.84,802795.72395,1534.681617,25.0,32111.828958,1755935000751,2025-08-23 07:43:20
ETH,129.0657,4729.84,610971.21066,510.999447,25.0,24438.848426,1755935058661,2025-08-23 07:44:18
ETH,213.8743,4724.55,1008631.1988,-1828.652813,25.0,40345.247952,1755935234767,2025-08-23 07:47:14
ETH,256.3326,4722.22,1207018.94688,-3440.724633,25.0,48280.757875,1755937449605,2025-08-23 08:24:09
ETH,298.8405,4719.77,1407329.56665,-3129.774363,25.0,56293.182666,1755937753656,2025-08-23 08:29:13
ETH,21.263,4703.0,99955.2367,-44.6523,25.0,3998.209468,1755950341085,2025-08-23 11:59:01
ETH,0.0059,4703.0,27.86452,0.11682,25.0,1.11458,1755951313777,2025-08-23 12:15:13
ETH,22.8918,4369.18,100018.85256,0.31917,25.0,4000.754102,1756154706528,2025-08-25 20:45:06
ETH,45.8275,4364.58,199908.7205,-109.46489,25.0,7996.34882,1756154945834,2025-08-25 20:49:05
ETH,91.8045,4356.55,398936.45475,-1014.82655,25.0,15957.45819,1756155002217,2025-08-25 20:50:02
ETH,114.8459,4353.09,500291.70958,356.88126,25.0,20011.668383,1756155063915,2025-08-25 20:51:03
ETH,0.0001,4353.09,0.43756,0.002251,25.0,0.017502,1756155368027,2025-08-25 20:56:08
ETH,22.9621,4355.0,100022.9076,22.9621,25.0,4000.916304,1756157402581,2025-08-25 21:30:02
ETH,0.0001,4354.99,0.43783,0.002331,25.0,0.017513,1756157882415,2025-08-25 21:38:02
ETH,2.2867,4374.79,9999.7391,-4.114079,25.0,399.989564,1756163702410,2025-08-25 23:15:02
ETH,6.8727,4365.58,29979.40467,-23.977709,25.0,1199.176186,1756164245614,2025-08-25 23:24:05
ETH,29.8242,4358.97,129848.60196,-154.465919,25.0,5193.944078,1756164425763,2025-08-25 23:27:05
ETH,0.0001,4358.97,0.43776,0.001863,25.0,0.01751,1756165325744,2025-08-25 23:42:05
ETH,22.9464,4358.0,99947.63448,-52.776817,25.0,3997.905379,1756166945292,2025-08-26 00:09:05
ETH,45.9401,4353.49,199697.02069,-302.991907,25.0,7987.880827,1756167062407,2025-08-26 00:11:02
ETH,68.955,4350.39,299830.131,-151.210177,25.0,11993.20524,1756167185282,2025-08-26 00:13:05
ETH,0.144,4350.39,627.84,1.383426,25.0,25.1136,1756167307843,2025-08-26 00:15:07
ETH,24.2642,4358.55,105760.36854,3.48936,25.0,4230.414741,1756168807842,2025-08-26 00:40:07
ETH,47.2527,4354.39,205416.93744,-339.91674,25.0,8216.677497,1756169105320,2025-08-26 00:45:05
ETH,93.3303,4346.41,403868.20719,-1783.97376,25.0,16154.728287,1756169172417,2025-08-26 00:46:12
ETH,0.3154,4344.12,1372.21078,2.074304,25.0,54.888431,1756169222987,2025-08-26 00:47:02
ETH,23.3462,4342.02,101324.84262,-45.027456,25.0,4052.993704,1756169586131,2025-08-26 00:53:06
ETH,46.4302,4337.04,200819.90104,-549.857036,25.0,8032.796041,1756169642337,2025-08-26 00:54:02
ETH,69.5676,4332.03,300650.29692,-719.303956,25.0,12026.011876,1756170062651,2025-08-26 01:01:02
ETH,92.7586,4327.02,401598.3587,229.165824,25.0,16063.934348,1756170130600,2025-08-26 01:02:10
ETH,0.0001,4327.02,0.43435,0.001648,25.0,0.017374,1756170308442,2025-08-26 01:05:08
ETH,22.6245,4419.99,99984.45285,-15.827852,25.0,3999.378114,1756207393068,2025-08-26 11:23:13
ETH,45.2899,4415.99,199764.69092,-235.334582,25.0,7990.587636,1756207934556,2025-08-26 11:32:14
ETH,0.1289,4415.99,570.7692,1.547293,25.0,22.830768,1756211530410,2025-08-26 12:32:10
ETH,0.0026,4415.99,11.79906,0.31747,25.0,0.471962,1756227899853,2025-08-26 17:04:59
ETH,0.0026,4415.99,12.05906,0.57747,25.0,0.482362,1756319037625,2025-08-27 18:23:57
ETH,21.7824,4591.27,100016.06784,6.99051,25.0,4000.642713,1756321242848,2025-08-27 19:00:42
ETH,43.6164,4585.63,199841.62152,-167.17581,25.0,7993.66486,1756321585015,2025-08-27 19:06:25
ETH,65.4743,4582.08,299296.12016,-712.56967,25.0,11971.844806,1756321622567,2025-08-27 19:07:02
ETH,87.3801,4577.8,399047.44068,-961.22615,25.0,15961.897627,1756321642235,2025-08-27 19:07:22
ETH,109.3099,4574.22,498409.42004,-1599.13479,25.0,19936.376801,1756321962569,2025-08-27 19:12:42
ETH,131.2205,4572.52,598864.1179,-1144.41533,25.0,23954.564716,1756324128156,2025-08-27 19:48:48
ETH,153.1503,4570.72,698150.95758,-1857.46365,25.0,27926.038303,1756324902937,2025-08-27 20:01:42
ETH,175.1041,4568.75,797248.9673,-2759.01293,25.0,31889.958692,1756325026056,2025-08-27 20:03:46
ETH,197.0821,4566.66,896762.97142,-3244.90881,25.0,35870.518856,1756325065454,2025-08-27 20:04:25
ETH,219.0697,4564.79,995759.41438,-4248.07065,25.0,39830.376575,1756325142649,2025-08-27 20:05:42
ETH,285.1687,4559.22,1295350.30288,-4797.48196,25.0,51814.012115,1756325230888,2025-08-27 20:07:10
ETH,307.1907,4557.83,1395997.41708,-4125.84336,25.0,55839.896683,1756325382464,2025-08-27 20:09:42
ETH,232.3237,4557.83,1060325.3668,1433.231326,25.0,42413.014672,1756325724362,2025-08-27 20:15:24
ETH,124.2936,4557.83,567126.83808,617.629037,25.0,22685.073523,1756325743230,2025-08-27 20:15:43
ETH,0.0001,4557.83,0.45672,0.000937,25.0,0.018268,1756325829772,2025-08-27 20:17:09
ETH,22.0299,4539.3,100009.13703,8.810107,25.0,4000.365481,1756330942277,2025-08-27 21:42:22
ETH,44.1293,4532.13,199455.61014,-544.501783,25.0,7978.224405,1756331562361,2025-08-27 21:52:42
ETH,66.2629,4527.41,299309.5193,-690.197423,25.0,11972.380772,1756331645437,2025-08-27 21:54:05
ETH,88.4162,4524.05,399402.50026,-597.212663,25.0,15976.10001,1756331842318,2025-08-27 21:57:22
ETH,110.6236,4519.82,497938.94832,-2060.686803,25.0,19917.557932,1756332266109,2025-08-27 22:04:26
ETH,132.8735,4515.42,596974.0608,-3006.403693,25.0,23878.962432,1756332384407,2025-08-27 22:06:24
ETH,155.1546,4512.01,696520.03032,-3540.451043,25.0,27860.801212,1756332445370,2025-08-27 22:07:25
ETH,177.4278,4509.22,796171.76694,-3890.927783,25.0,31846.870677,1756332462640,2025-08-27 22:07:42
ETH,199.7005,4507.39,897294.2866,-2834.775123,25.0,35891.771464,1756332504774,2025-08-27 22:08:24
ETH,0.8135,4507.39,3674.4168,7.65086,25.0,146.976672,1756333962238,2025-08-27 22:32:42
ETH,0.0163,4507.39,73.61732,0.14678,25.0,2.944692,1756334024583,2025-08-27 22:33:44
ETH,22.3776,4472.02,100007.73216,-65.47198,25.0,4000.309286,1756341295124,2025-08-28 00:34:55
ETH,0.008,4472.02,36.0224,0.246194,25.0,1.440896,1756342015755,2025-08-28 00:46:55
ETH,22.0733,4531.97,99886.09716,-149.618646,25.0,3995.443886,1756394657565,2025-08-28 15:24:17
ETH,44.1825,4527.48,200031.8505,-3.776906,25.0,8001.27402,1756394706473,2025-08-28 15:25:06
ETH,66.3308,4523.31,299556.52588,-478.676026,25.0,11982.261035,1756394816468,2025-08-28 15:26:56
ETH,88.5135,4519.47,399178.1823,-856.631206,25.0,15967.127292,1756396013732,2025-08-28 15:46:53
ETH,110.7604,4513.24,497867.998,-2021.311506,25.0,19914.71992,1756396205055,2025-08-28 15:50:05
ETH,133.0569,4508.51,597425.481,-2463.631006,25.0,23897.01924,1756396248765,2025-08-28 15:50:48
ETH,155.3296,4505.91,697460.96992,-2440.898486,25.0,27898.438796,1756396344930,2025-08-28 15:52:24
ETH,150.9272,4505.91,681255.19536,1190.164149,25.0,27250.207814,1756397216676,2025-08-28 16:06:56
ETH,0.3303,4505.91,1491.20541,2.901912,25.0,59.648216,1756397270649,2025-08-28 16:07:50
ETH,22.5836,4493.58,101334.87156,-146.410158,25.0,4053.394862,1756400145729,2025-08-28 16:55:45
ETH,67.1602,4488.15,301455.27372,30.017972,25.0,12058.210948,1756400164167,2025-08-28 16:56:04
ETH,89.4816,4486.11,400635.96768,-789.160068,25.0,16025.438707,1756400328341,2025-08-28 16:58:48
ETH,156.6056,4478.18,699165.7012,-2143.558998,25.0,27966.628048,1756400387699,2025-08-28 16:59:47
ETH,32.3525,4478.18,145243.3135,362.74831,25.0,5809.73254,1756402104289,2025-08-28 17:28:24
ETH,0.5755,4478.18,2582.9591,5.762121,25.0,103.318364,1756402827794,2025-08-28 17:40:27
ETH,22.9253,4474.39,102581.54738,4.640261,25.0,4103.261895,1756408038602,2025-08-28 19:07:18
ETH,45.3468,4467.27,202382.7684,-194.028719,25.0,8095.310736,1756410069383,2025-08-28 19:41:09
ETH,67.7985,4462.81,301886.38095,-685.795149,25.0,12075.455238,1756410210208,2025-08-28 19:43:30
ETH,90.2653,4459.87,401951.3809,-620.521999,25.0,16078.055236,1756410288675,2025-08-28 19:44:48
ETH,112.7473,4457.5,501511.26513,-1060.573769,25.0,20060.450605,1756410991534,2025-08-28 19:56:31
ETH,135.2495,4455.25,599168.80995,-3402.805749,25.0,23966.752398,1756411216079,2025-08-28 20:00:16
ETH,180.3702,4449.22,799328.57832,-3178.960469,25.0,31973.143132,1756411261266,2025-08-28 20:01:01
ETH,0.2711,4449.22,1208.88912,2.70432,25.0,48.355564,1756413507782,2025-08-28 20:38:27
ETH,23.2564,4350.76,101116.50156,-66.54412,25.0,4044.660062,1756465283855,2025-08-29 11:01:23
ETH,0.0001,4350.76,0.4394,0.004324,25.0,0.017576,1756470613234,2025-08-29 12:30:13
ETH,11.5956,4312.0,49977.036,-23.195076,25.0,1999.08144,1756476302672,2025-08-29 14:05:02
ETH,23.21,4308.49,99949.223,-51.000076,25.0,3997.96892,1756476349373,2025-08-29 14:05:49
ETH,58.1713,4294.33,249438.5344,-368.300096,25.0,9977.541376,1756476396377,2025-08-29 14:06:36
ETH,116.6695,4282.71,498622.1091,-1040.163566,25.0,19944.884364,1756476438931,2025-08-29 14:07:18
ETH,140.0876,4280.72,598468.23596,-1208.045856,25.0,23938.729438,1756476966199,2025-08-29 14:16:06
ETH,23.9284,4280.72,102937.58396,506.719691,25.0,4117.503358,1756477239430,2025-08-29 14:20:39
ETH,23.3918,4275.0,99967.19648,-32.74852,25.0,3998.687859,1756479550385,2025-08-29 14:59:10
ETH,0.0131,4275.0,56.31297,0.31047,25.0,2.252518,1756479932418,2025-08-29 15:05:32
ETH,-23.1082,4325.0,99954.5191,-11.5541,25.0,3998.180764,1756480440803,2025-08-29 15:14:00
ETH,-46.1231,4335.29,200414.09412,-457.02369,25.0,8016.563764,1756480579948,2025-08-29 15:16:19
ETH,-41.5165,4335.29,179019.148,966.969894,25.0,7160.76592,1756481559678,2025-08-29 15:32:39
ETH,-0.0001,4335.29,0.4311,0.002429,25.0,0.017244,1756481579791,2025-08-29 15:32:59
ETH,-16.0652,4338.99,69702.08324,4.819189,25.0,2788.083329,1756484192928,2025-08-29 16:16:32
ETH,-23.0468,4338.99,99993.15116,6.913669,25.0,3999.726046,1756484212092,2025-08-29 16:16:52
ETH,-46.0405,4343.99,200262.36285,-262.696721,25.0,8010.494514,1756495697377,2025-08-29 19:28:17
ETH,-68.971,4349.64,301037.7237,-1038.147071,25.0,12041.508948,1756496921504,2025-08-29 19:48:41
ETH,-0.0001,4349.64,0.432,0.002964,25.0,0.01728,1756500999181,2025-08-29 20:56:39
ETH,-22.8833,4369.99,100169.35742,-169.338456,25.0,4006.774296,1756503697490,2025-08-29 21:41:37
ETH,-0.0001,4369.99,0.43468,0.002319,25.0,0.017387,1756505658897,2025-08-29 22:14:18
ETH,-22.7325,4398.99,99957.07575,43.188849,25.0,3998.28303,1756552292042,2025-08-30 11:11:32
ETH,-0.0001,4398.99,0.43516,0.004739,25.0,0.017406,1756557655335,2025-08-30 12:40:55
ETH,23.0573,4337.0,99976.4528,-23.0573,25.0,3999.058112,1756586549555,2025-08-30 20:42:29
ETH,0.0011,4337.0,4.80458,0.03388,25.0,0.192183,1756595530564,2025-08-30 23:12:10
ETH,-9.1317,4440.0,40531.05045,13.69755,25.0,1621.242018,1756601548033,2025-08-31 00:52:28
ETH,-22.5214,4440.0,100017.5374,-22.5214,25.0,4000.701496,1756601567080,2025-08-31 00:52:47
ETH,-44.9983,4444.49,200260.43432,-265.69022,25.0,8010.417372,1756601681172,2025-08-31 00:54:41
ETH,-67.4399,4448.32,300957.29774,-962.78404,25.0,12038.291909,1756601776515,2025-08-31 00:56:16
ETH,-29.0591,4448.32,129196.7586,67.528165,25.0,5167.870344,1756602844912,2025-08-31 01:14:04
ETH,-0.0001,4448.32,0.4444,0.000432,25.0,0.017776,1756602863736,2025-08-31 01:14:23
ETH,-44.7427,4469.99,200004.34327,-4.476438,25.0,8000.17373,1756612218186,2025-08-31 03:50:18
ETH,-43.8928,4469.99,196139.36608,61.447791,25.0,7845.574643,1756632019191,2025-08-31 09:20:19
ETH,-0.0001,4469.99,0.44666,0.000339,25.0,0.017866,1756632370078,2025-08-31 09:26:10
ETH,44.7386,4470.4,199932.32954,-67.1079,25.0,7997.293181,1756658836446,2025-08-31 16:47:16
ETH,89.5314,4467.69,399650.26332,-349.02612,25.0,15986.010532,1756658983990,2025-08-31 16:49:43
ETH,134.4237,4463.21,599328.06645,-634.33257,25.0,23973.122658,1756670207597,2025-08-31 19:56:47
ETH,179.3271,4460.91,798615.30714,-1346.83548,25.0,31944.612285,1756670283457,2025-08-31 19:58:03
ETH,224.2507,4459.12,998027.74035,-1934.26947,25.0,39921.109614,1756670440719,2025-08-31 20:00:40
ETH,269.2147,4456.82,1196551.65562,-3289.83405,25.0,47862.066224,1756670498443,2025-08-31 20:01:38
ETH,278.788,4456.37,1240049.024,-2336.21087,25.0,49601.96096,1756670539769,2025-08-31 20:02:19
ETH,281.0769,4456.32,1251213.82035,-1357.01952,25.0,50048.552814,1756671776245,2025-08-31 20:22:56
ETH,301.2599,4455.9,1340998.19287,-1386.997,25.0,53639.927714,1756671813987,2025-08-31 20:23:33
ETH,313.2754,4455.6,1393793.58214,-2036.55173,25.0,55751.743285,1756672874656,2025-08-31 20:41:14
ETH,304.8957,4455.6,1361176.36308,2682.827532,25.0,54447.054523,1756675919295,2025-08-31 21:31:59
ETH,0.0001,4455.6,0.44657,0.00101,25.0,0.017862,1756675964615,2025-08-31 21:32:44
ETH,22.4367,4456.99,100004.85924,4.48748,25.0,4000.194369,1756677776283,2025-08-31 22:02:56
ETH,20.0225,4456.99,89394.45575,154.173376,25.0,3575.77823,1756678320737,2025-08-31 22:12:00
ETH,0.0086,4456.99,38.40416,0.073961,25.0,1.536166,1756678507263,2025-08-31 22:15:07
ETH,22.4653,4452.7,100028.99478,-2.283509,25.0,4001.159791,1756679979697,2025-08-31 22:39:39
ETH,44.9372,4451.35,199853.70328,-177.530009,25.0,7994.148131,1756680168955,2025-08-31 22:42:48
ETH,67.4343,4449.23,299637.56862,-393.274169,25.0,11985.502744,1756680209982,2025-08-31 22:43:29
ETH,99.1258,4446.6,440227.59038,-545.203909,25.0,17609.103615,1756680263606,2025-08-31 22:44:23
ETH,112.4692,4445.93,499352.00108,-678.832609,25.0,19974.080043,1756680280877,2025-08-31 22:44:40
ETH,157.5345,4443.66,698964.82305,-1065.812039,25.0,27958.592922,1756680396619,2025-08-31 22:46:36
ETH,202.6303,4441.73,898665.3805,-1365.127589,25.0,35946.61522,1756680473111,2025-08-31 22:47:53
ETH,225.1832,4440.96,998169.57064,-1860.496049,25.0,39926.782825,1756681368559,2025-08-31 23:02:48
ETH,270.3299,4439.13,1197101.89617,-2928.051519,25.0,47884.075846,1756681410647,2025-08-31 23:03:30
ETH,315.5531,4436.74,1393955.81925,-6073.666439,25.0,55758.23277,1756682281588,2025-08-31 23:18:01
ETH,338.1877,4435.49,1494045.62106,-5983.527429,25.0,59761.824842,1756682326989,2025-08-31 23:18:46
ETH,406.071,4432.89,1794468.3561,-5602.348619,25.0,71778.734244,1756682436392,2025-08-31 23:20:36
ETH,428.7,4432.18,1894811.13,-5266.177319,25.0,75792.4452,1756682478589,2025-08-31 23:21:18
ETH,474.0102,4430.44,2091901.81464,-8174.715479,25.0,83676.072585,1756682512396,2025-08-31 23:21:52
ETH,496.7101,4429.29,2188157.00353,-11919.396059,25.0,87526.280141,1756682948634,2025-08-31 23:29:08
ETH,610.209,4424.9,2688946.9794,-11169.868819,25.0,107557.879176,1756682984340,2025-08-31 23:29:44
ETH,678.4181,4422.29,2984293.38009,-15871.767919,25.0,119371.735203,1756683056693,2025-08-31 23:30:56
ETH,769.3425,4419.65,3381721.893,-18508.287679,25.0,135268.87572,1756683102378,2025-08-31 23:31:42
ETH,883.1136,4416.54,3882079.07424,-18235.060019,25.0,155283.162969,1756683136225,2025-08-31 23:32:16
ETH,951.3645,4414.96,4180961.56815,-19283.629629,25.0,167238.462726,1756683171829,2025-08-31 23:32:51
ETH,974.1077,4414.52,4282274.85997,-17951.719329,25.0,171290.994398,1756683207690,2025-08-31 23:33:27
ETH,996.8608,4414.05,4379807.61088,-20393.814509,25.0,175192.304435,1756683245590,2025-08-31 23:34:05
ETH,1133.5214,4411.15,4973098.43822,-27041.711889,25.0,198923.937528,1756683281218,2025-08-31 23:34:41
ETH,1224.5783,4409.76,5375286.44785,-24814.440799,25.0,215011.457914,1756683428397,2025-08-31 23:37:08
ETH,1315.7203,4408.26,5771801.81204,-28241.125579,25.0,230872.072481,1756683464320,2025-08-31 23:37:44
ETH,1361.3074,4407.53,5976684.00896,-23322.184099,25.0,239067.360358,1756683500157,2025-08-31 23:38:20
ETH,1406.9163,4406.76,6166092.06801,-33860.764369,25.0,246643.68272,1756683609628,2025-08-31 23:40:09
ETH,1452.5586,4405.94,6364966.52934,-34931.526649,25.0,254598.661173,1756683644764,2025-08-31 23:40:44
ETH,1498.2081,4405.17,6561252.55314,-38617.702549,25.0,262450.102125,1756683715940,2025-08-31 23:41:55
ETH,1543.8524,4404.48,6764698.06108,-35176.388349,25.0,270587.922443,1756685076357,2025-09-01 00:04:36
ETH,1612.382,4403.25,7049172.8658,-50550.258139,25.0,281966.914632,1756685112368,2025-09-01 00:05:12
ETH,1658.1317,4402.42,7264274.9777,-35526.633069,25.0,290570.999108,1756685149195,2025-09-01 00:05:49
ETH,1680.969,4402.12,7357265.1192,-42568.750059,25.0,294290.604768,1756686337627,2025-09-01 00:25:37
ETH,1726.7056,4401.29,7538623.97904,-61113.400969,25.0,301544.959161,1756686374789,2025-09-01 00:26:14
ETH,1749.6088,4400.88,7645790.456,-54031.147169,25.0,305831.61824,1756686412476,2025-09-01 00:26:52
ETH,1795.3539,4400.13,7846055.61378,-53740.692629,25.0,313842.224551,1756686588169,2025-09-01 00:29:48
ETH,1841.1487,4399.32,8035325.27141,-64479.830759,25.0,321413.010856,1756686891619,2025-09-01 00:34:51
ETH,1864.0519,4398.89,8136213.73312,-63549.878349,25.0,325448.549324,1756686927520,2025-09-01 00:35:27
ETH,1886.9671,4398.45,8234347.03098,-65400.181129,25.0,329373.881239,1756686962059,2025-09-01 00:36:02
ETH,1955.7432,4397.18,8536623.49368,-63131.936139,25.0,341464.939747,1756687000992,2025-09-01 00:36:40
ETH,1262.8086,4397.18,5562545.60214,9748.530096,25.0,222501.824085,1756687618205,2025-09-01 00:46:58
ETH,0.0001,4397.18,0.44056,0.000842,25.0,0.017622,1756687655672,2025-09-01 00:47:35
ETH,22.7015,4404.99,99916.11195,-83.994768,25.0,3996.644478,1756723142743,2025-09-01 10:39:02
ETH,45.4236,4402.99,199909.2636,-90.805218,25.0,7996.370544,1756723162222,2025-09-01 10:39:22
ETH,68.1767,4400.32,299520.69611,-479.247208,25.0,11980.827844,1756723205035,2025-09-01 10:40:05
ETH,90.9453,4397.71,399931.95675,-19.863708,25.0,15997.27827,1756723247374,2025-09-01 10:40:47
ETH,113.7347,4395.77,499340.82688,-610.880778,25.0,19973.633075,1756723726299,2025-09-01 10:48:46
ETH,0.0362,4395.77,159.66734,0.540427,25.0,6.386693,1756724698698,2025-09-01 11:04:58
ETH,22.8002,4392.6,100181.79878,29.525467,25.0,4007.271951,1756726371817,2025-09-01 11:32:51
ETH,45.5792,4391.3,199969.62416,-182.459153,25.0,7998.784966,1756726409689,2025-09-01 11:33:29
ETH,91.1892,4388.15,399928.47444,-223.458873,25.0,15997.138977,1756726795996,2025-09-01 11:39:55
ETH,114.0098,4386.91,499613.74556,-538.056953,25.0,19984.549822,1756727046737,2025-09-01 11:44:06
ETH,136.8356,4385.93,599545.1814,-606.450913,25.0,23981.807256,1756727065942,2025-09-01 11:44:25
ETH,76.6677,4385.93,337736.55204,1477.235753,25.0,13509.462081,1756729500664,2025-09-01 12:25:00
ETH,43.3784,4385.93,191086.18984,831.478607,25.0,7643.447593,1756729544323,2025-09-01 12:25:44
ETH,36.7008,4385.93,161667.024,699.812078,25.0,6466.68096,1756729587791,2025-09-01 12:26:27
ETH,0.2051,4385.93,903.54754,3.992894,25.0,36.141901,1756729630962,2025-09-01 12:27:10
ETH,45.8359,4383.01,200788.74354,-110.607506,25.0,8031.549741,1756738052797,2025-09-01 14:47:32
ETH,91.498,4381.5,400880.1874,-19.161646,25.0,16035.207496,1756738132193,2025-09-01 14:48:52
ETH,114.3551,4380.2,500109.15883,-790.002716,25.0,20004.366353,1756740273786,2025-09-01 15:24:33
ETH,183.9239,4353.78,792822.36334,-7941.872526,25.0,31712.894533,1756759120957,2025-09-01 20:38:40
ETH,369.9365,4325.29,1592243.68965,-7842.292226,25.0,63689.747586,1756759169750,2025-09-01 20:39:29
ETH,393.2302,4323.58,1689670.84638,-10494.094376,25.0,67586.833855,1756759211555,2025-09-01 20:40:11
ETH,416.5261,4321.93,1788771.33645,-11428.316676,25.0,71550.853458,1756759246306,2025-09-01 20:40:46
ETH,439.8361,4320.24,1886852.88539,-13346.667736,25.0,75474.115415,1756759357112,2025-09-01 20:42:37
ETH,509.864,4315.26,2182370.8792,-17828.056026,25.0,87294.835168,1756759429727,2025-09-01 20:43:49
ETH,533.2394,4313.63,2281358.12502,-18840.771406,25.0,91254.325,1756759467788,2025-09-01 20:44:27
ETH,814.0117,4299.05,3475097.34847,-24386.868536,25.0,139003.893938,1756759517053,2025-09-01 20:45:17
ETH,860.9105,4297.16,3676087.835,-23390.158496,25.0,147043.5134,1756759606522,2025-09-01 20:46:46
ETH,907.7741,4295.8,3889993.57332,-9624.796696,25.0,155599.742932,1756759643645,2025-09-01 20:47:23
ETH,931.224,4295.03,3971763.4824,-27875.746086,25.0,158870.539296,1756760620352,2025-09-01 21:03:40
ETH,1048.6704,4290.69,4468069.97328,-31454.569726,25.0,178722.798931,1756760658416,2025-09-01 21:04:18
ETH,1095.6677,4289.19,4666558.30107,-32977.557126,25.0,186662.332042,1756760732707,2025-09-01 21:05:32
ETH,1142.6027,4288.02,4868744.36497,-30762.752026,25.0,194749.774598,1756762388930,2025-09-01 21:33:08
ETH,1189.5896,4286.74,5062536.46072,-36932.806606,25.0,202501.458428,1756762858973,2025-09-01 21:40:58
ETH,1307.2205,4283.07,5513071.7367,-85850.987236,25.0,220522.869468,1756762902061,2025-09-01 21:41:42
ETH,1330.9317,4281.83,5637693.58803,-61133.312716,25.0,225507.743521,1756762939435,2025-09-01 21:42:19
ETH,1327.129,4281.83,5704664.0065,22119.631038,25.0,228186.56026,1756768387781,2025-09-01 23:13:07
ETH,1243.1782,4281.83,5351882.151,28801.05783,25.0,214075.28604,1756768425076,2025-09-01 23:13:45
ETH,1061.5012,4281.83,4567958.11396,22787.543823,25.0,182718.324558,1756768463222,2025-09-01 23:14:23
ETH,929.2581,4281.83,3998597.6043,19669.866714,25.0,159943.904172,1756768500905,2025-09-01 23:15:00
ETH,-22.7531,4395.0,100020.35229,-20.47779,25.0,4000.814091,1756807463544,2025-09-02 10:04:23
ETH,-22.3157,4395.0,97722.68187,354.81963,25.0,3908.907274,1756811862970,2025-09-02 11:17:42
ETH,-0.0001,4395.0,0.43781,0.00169,25.0,0.017512,1756811883237,2025-09-02 11:18:03
ETH,23.1909,4312.0,99985.24626,-13.91454,25.0,3999.40985,1756816884903,2025-09-02 12:41:24
ETH,69.6809,4305.32,299035.58235,-963.46125,25.0,11961.423294,1756817007182,2025-09-02 12:43:27
ETH,93.0246,4300.27,398722.04052,-1309.42632,25.0,15948.88162,1756817544878,2025-09-02 12:52:24
ETH,116.4164,4295.19,497726.67656,-2304.73528,25.0,19909.067062,1756817998989,2025-09-02 12:59:58
ETH,0.0756,4295.19,326.61468,1.897761,25.0,13.064587,1756820159785,2025-09-02 13:35:59
ETH,23.2666,4311.94,100323.25254,-1.056379,25.0,4012.930101,1756828036414,2025-09-02 15:47:16
ETH,139.4268,4305.39,599925.63504,-361.255409,25.0,23997.025401,1756828189386,2025-09-02 15:49:49
ETH,185.9817,4303.04,798289.25091,-1997.489939,25.0,31931.570036,1756828269961,2025-09-02 15:51:09
ETH,202.5891,4301.8,869066.72118,-2432.550869,25.0,34762.668847,1756828349782,2025-09-02 15:52:29
ETH,232.6234,4300.02,997163.46644,-3122.884009,25.0,39886.538657,1756828398180,2025-09-02 15:53:18
ETH,265.4543,4297.79,1136675.3126,-4192.951649,25.0,45467.012504,1756830259089,2025-09-02 16:24:19
ETH,279.3305,4297.01,1196512.19675,-3773.955899,25.0,47860.48787,1756830304545,2025-09-02 16:25:04
ETH,0.0001,4297.01,0.43276,0.003059,25.0,0.01731,1756835594639,2025-09-02 17:53:14
ETH,-47.2924,4326.4,204733.52884,-127.68948,25.0,8189.341153,1756835627138,2025-09-02 17:53:47
ETH,-28.1157,4326.4,120447.6588,1192.10568,25.0,4817.906352,1756836783703,2025-09-02 18:13:03
ETH,-21.3418,4326.4,91428.2712,904.89232,25.0,3657.130848,1756837012845,2025-09-02 18:16:52
ETH,-0.0001,4326.4,0.42844,0.0042,25.0,0.017137,1756837032123,2025-09-02 18:17:12
ETH,-46.9374,4262.72,200061.28002,20.04145,25.0,8002.4512,1756841633576,2025-09-02 19:33:53
ETH,-69.9153,4292.06,304278.37713,-4197.23486,25.0,12171.135085,1756893795096,2025-09-03 10:03:15
ETH,-92.8826,4307.38,404373.68736,-4292.92089,25.0,16174.947494,1756894466124,2025-09-03 10:14:26
ETH,-115.8499,4316.62,504479.97454,-4399.58387,25.0,20179.198981,1756894485008,2025-09-03 10:14:45
ETH,-138.7909,4324.42,605780.64123,-5590.31476,25.0,24231.225649,1756894525034,2025-09-03 10:15:25
ETH,-161.7319,4330.49,706396.41963,-6017.07993,25.0,28255.856785,1756894544352,2025-09-03 10:15:44
ETH,-207.6139,4339.98,906961.32215,-5920.03771,25.0,36278.452886,1756894566844,2025-09-03 10:16:06
ETH,-230.4919,4343.06,1007549.24247,-6508.22003,25.0,40301.969698,1756894606162,2025-09-03 10:16:46
ETH,-299.0788,4350.15,1308469.75,-7429.62696,25.0,52338.79,1756894869828,2025-09-03 10:21:09
ETH,-344.7721,4353.71,1509377.77659,-8338.07945,25.0,60375.111063,1756897516360,2025-09-03 11:05:16
ETH,-345.8163,4353.78,1513914.59814,-8303.3934,25.0,60556.583925,1756897889335,2025-09-03 11:11:29
ETH,-349.8618,4354.06,1531694.9604,-8372.55666,25.0,61267.798416,1756897965356,2025-09-03 11:12:45
ETH,-367.6135,4355.22,1609411.903,-8372.55666,25.0,64376.47612,1756897984471,2025-09-03 11:13:04
ETH,-390.4549,4356.55,1709528.68867,-8489.69313,25.0,68381.147546,1756899366266,2025-09-03 11:36:06
ETH,-413.2963,4357.74,1808832.58658,-7791.6577,25.0,72353.303463,1756899401979,2025-09-03 11:36:41
ETH,-436.1221,4358.96,1910258.41021,-9217.65153,25.0,76410.336408,1756899459839,2025-09-03 11:37:39
ETH,-481.7778,4361.07,2111102.14182,-10034.63135,25.0,84444.085672,1756899478650,2025-09-03 11:37:58
ETH,-527.4216,4362.88,2311319.67768,-10241.03597,25.0,92452.787107,1756899498091,2025-09-03 11:38:18
ETH,-550.25,4363.63,2411305.55,-10218.07263,25.0,96452.222,1756899728583,2025-09-03 11:42:08
ETH,-641.5063,4366.49,2812235.31794,-11101.54925,25.0,112489.412717,1756899747202,2025-09-03 11:42:27
ETH,-687.1203,4367.68,3012404.10723,-11275.74965,25.0,120496.164289,1756899766391,2025-09-03 11:42:46
ETH,-732.7553,4368.58,3210640.62248,-9536.91115,25.0,128425.624899,1756899881237,2025-09-03 11:44:41
ETH,-755.5785,4368.96,3310567.19775,-9471.40718,25.0,132422.68791,1756899900234,2025-09-03 11:45:00
ETH,-198.4166,4368.96,866822.60042,52.51982,25.0,34672.904016,1756901325945,2025-09-03 12:08:45
ETH,-0.0001,4368.96,0.43674,0.000156,25.0,0.017469,1756901345094,2025-09-03 12:09:05
ETH,-22.7428,4396.99,100018.28584,-18.197044,25.0,4000.731433,1756906975704,2025-09-03 13:42:55
ETH,-68.0428,4411.26,300708.35032,-553.654834,25.0,12028.334012,1756907033920,2025-09-03 13:43:53
ETH,-90.6416,4414.68,402077.07344,-1922.687954,25.0,16083.082937,1756907212675,2025-09-03 13:46:52
ETH,-113.2404,4419.3,501949.39704,-1506.056914,25.0,20077.975881,1756907268206,2025-09-03 13:47:48
ETH,-135.7969,4420.96,601172.8763,-819.759734,25.0,24046.915052,1756907326274,2025-09-03 13:48:46
ETH,-158.3397,4423.1,702442.41111,-2089.433744,25.0,28097.696444,1756907406924,2025-09-03 13:50:06
ETH,-0.0001,4423.1,0.44183,0.00048,25.0,0.017673,1756907644633,2025-09-03 13:54:04
ETH,-22.5276,4438.99,100090.1268,-90.11199,25.0,4003.605072,1756908559304,2025-09-03 14:09:19
ETH,-45.0298,4441.57,200094.41928,-91.20551,25.0,8003.776771,1756908582324,2025-09-03 14:09:42
ETH,-67.5118,4443.71,300224.9746,-221.82483,25.0,12008.998984,1756908637237,2025-09-03 14:10:37
ETH,-0.0001,4443.71,0.44326,0.001111,25.0,0.01773,1756908755537,2025-09-03 14:12:35
ETH,-22.472,4449.99,99993.6584,6.740971,25.0,3999.746336,1756909908143,2025-09-03 14:31:48
ETH,-44.9186,4452.49,200130.33044,-130.328069,25.0,8005.213217,1756910394790,2025-09-03 14:39:54
ETH,-67.3401,4455.39,300404.1861,-377.387929,25.0,12016.167444,1756910433017,2025-09-03 14:40:33
ETH,-112.1329,4459.23,500628.54534,-601.895169,25.0,20025.141813,1756910452584,2025-09-03 14:40:52
ETH,-156.8856,4462.01,701262.94344,-1236.476969,25.0,28050.517737,1756910492037,2025-09-03 14:41:32
ETH,-201.5783,4464.89,901982.26118,-1955.962209,25.0,36079.290447,1756910512023,2025-09-03 14:41:52
ETH,-246.241,4467.27,1102002.3473,-1976.477729,25.0,44080.093892,1756910597516,2025-09-03 14:43:17
ETH,-268.5674,4468.24,1202644.8172,-2619.002029,25.0,48105.792688,1756910614913,2025-09-03 14:43:34
ETH,-66.9892,4468.24,298778.53092,545.844755,25.0,11951.141236,1756911790652,2025-09-03 15:03:10
ETH,-64.0518,4468.24,285747.89016,451.453097,25.0,11429.915606,1756912460212,2025-09-03 15:14:20
ETH,-59.3611,4468.24,264857.35598,382.775207,25.0,10594.294239,1756912479528,2025-09-03 15:14:39
ETH,-43.1593,4468.24,192516.37358,330.093108,25.0,7700.654943,1756912501986,2025-09-03 15:15:01
ETH,-22.2676,4468.24,99429.28752,67.877203,25.0,3977.1715,1756912522500,2025-09-03 15:15:22
ETH,-11.1231,4468.24,49620.1491,80.623002,25.0,1984.805964,1756912969224,2025-09-03 15:22:49
ETH,-0.0001,4468.24,0.44609,0.000734,25.0,0.017843,1756913007018,2025-09-03 15:23:27
ETH,22.2716,4485.9,99894.80748,-13.36296,25.0,3995.792299,1756920787509,2025-09-03 17:33:07
ETH,44.0416,4478.78,196901.18528,-351.54016,25.0,7876.047411,1756921191210,2025-09-03 17:39:51
ETH,44.4873,4478.7,198991.6929,-253.98009,25.0,7959.667716,1756921234414,2025-09-03 17:40:34
ETH,44.6354,4478.68,199555.94632,-351.95582,25.0,7982.237852,1756921304435,2025-09-03 17:41:44
ETH,67.0162,4475.15,299381.47026,-526.08436,25.0,11975.25881,1756921520870,2025-09-03 17:45:20
ETH,62.4128,4475.15,279546.9312,240.282586,25.0,11181.877248,1756921669867,2025-09-03 17:47:49
ETH,0.1018,4475.15,455.84004,0.26976,25.0,18.233601,1756921713458,2025-09-03 17:48:33
ETH,22.604,4444.14,100354.9788,-100.36828,25.0,4014.199152,1756935946512,2025-09-03 21:45:46
ETH,22.5959,4444.14,101109.87373,690.524187,25.0,4044.394949,1756937263995,2025-09-03 22:07:43
ETH,73.1461,4392.14,319575.3109,-1692.611923,25.0,12783.012436,1756976091917,2025-09-04 08:54:51
ETH,118.9221,4383.3,519606.33153,-1666.090493,25.0,20784.253261,1756976137944,2025-09-04 08:55:37
ETH,164.6593,4380.49,720186.84634,-1102.832073,25.0,28807.473853,1756976495244,2025-09-04 09:01:35
ETH,0.0561,4380.49,247.20465,1.458732,25.0,9.888186,1756980657753,2025-09-04 10:10:57
ETH,22.9341,4371.02,100192.20267,-53.281248,25.0,4007.688106,1756993725608,2025-09-04 13:48:45
ETH,20.2695,4371.02,88782.43695,183.981539,25.0,3551.297478,1756993889821,2025-09-04 13:51:29
ETH,0.0158,4371.02,69.21822,0.156053,25.0,2.768728,1756994275693,2025-09-04 13:57:55
ETH,22.9463,4361.0,100043.57337,-25.399297,25.0,4001.742934,1756994637785,2025-09-04 14:03:57
ETH,45.9914,4350.83,199818.83558,-282.002657,25.0,7992.753423,1756994804861,2025-09-04 14:06:44
ETH,69.0488,4346.21,299588.93344,-511.848597,25.0,11983.557337,1756994968383,2025-09-04 14:09:28
ETH,92.1274,4342.43,399464.4064,-592.865837,25.0,15978.576256,1756995033486,2025-09-04 14:10:33
ETH,0.3237,4342.43,1409.35743,3.71113,25.0,56.374297,1756996283176,2025-09-04 14:31:23
ETH,23.4237,4329.18,101108.40105,-297.14525,25.0,4044.336042,1756998695218,2025-09-04 15:11:35
ETH,24.8287,4327.7,106865.20767,-586.05363,25.0,4274.608306,1756999612975,2025-09-04 15:26:52
ETH,69.9029,4311.77,300904.02334,-501.52056,25.0,12036.160933,1756999987927,2025-09-04 15:33:07
ETH,93.1641,4308.58,400419.3018,-986.1409,25.0,16016.772072,1757000374702,2025-09-04 15:39:34
ETH,116.4253,4306.66,500919.85325,-485.48825,25.0,20036.79413,1757001728130,2025-09-04 16:02:08
ETH,139.719,4304.39,599827.6389,-1577.5567,25.0,23993.105556,1757003077405,2025-09-04 16:24:37
ETH,163.0127,4302.3,699308.18173,-2022.32813,25.0,27972.327269,1757003128225,2025-09-04 16:25:28
ETH,183.1402,4300.73,785323.49162,-2313.73824,25.0,31412.939664,1757003174846,2025-09-04 16:26:14
ETH,184.4797,4300.64,791159.64142,-2221.36444,25.0,31646.385656,1757003255357,2025-09-04 16:27:35
ETH,186.3335,4300.51,799314.81495,-2015.28531,25.0,31972.592598,1757003299464,2025-09-04 16:28:19
ETH,209.6652,4298.9,899023.41108,-2306.35538,25.0,35960.936443,1757003606414,2025-09-04 16:33:26
ETH,150.482,4298.9,650067.1918,3160.094598,25.0,26002.687672,1757006670158,2025-09-04 17:24:30
ETH,147.391,4298.9,636478.5553,2859.358564,25.0,25459.142212,1757006714886,2025-09-04 17:25:14
ETH,99.0906,4298.9,428031.75576,2051.157387,25.0,17121.27023,1757006829792,2025-09-04 17:27:09
ETH,0.0001,4298.9,0.43197,0.00208,25.0,0.017278,1757006915198,2025-09-04 17:28:35
ETH,23.2884,4294.0,100000.3896,-0.00049,25.0,4000.015584,1757010181967,2025-09-04 18:23:01
ETH,46.631,4288.99,199753.2147,-246.87379,25.0,7990.128588,1757010337125,2025-09-04 18:25:37
ETH,140.1598,4280.72,599519.52852,-465.71109,25.0,23980.78114,1757010628768,2025-09-04 18:30:28
ETH,186.9762,4278.53,798668.8383,-1316.06211,25.0,31946.753532,1757010716046,2025-09-04 18:31:56
ETH,0.6487,4278.53,2789.60461,14.116581,25.0,111.584184,1757011014538,2025-09-04 18:36:54
ETH,24.0788,4268.28,102785.17356,10.018731,25.0,4111.406942,1757013949819,2025-09-04 19:25:49
ETH,47.5254,4266.66,202852.66482,77.760991,25.0,8114.106592,1757015217127,2025-09-04 19:46:57
ETH,0.0001,4266.66,0.43044,0.003774,25.0,0.017217,1757017804527,2025-09-04 20:30:04
ETH,-10.0048,4310.0,43118.68704,2.00096,25.0,1724.747481,1757020437625,2025-09-04 21:13:57
ETH,-10.0163,4310.0,43129.18617,41.06683,25.0,1725.167446,1757020456899,2025-09-04 21:14:16
ETH,-23.2017,4310.0,99973.80513,25.52187,25.0,3998.952205,1757020514285,2025-09-04 21:15:14
ETH,-46.3766,4312.49,200166.04326,-167.02276,25.0,8006.64173,1757021898973,2025-09-04 21:38:18
ETH,-69.5354,4314.33,300080.0187,-81.2998,25.0,12003.200748,1757022251668,2025-09-04 21:44:11
ETH,-72.9308,4314.59,315053.76292,-386.91602,25.0,12602.150516,1757023010942,2025-09-04 21:56:50
ETH,-76.1348,4314.82,328917.56296,-409.43606,25.0,13156.702518,1757023030049,2025-09-04 21:57:10
ETH,-92.6835,4315.74,400429.7934,-431.2825,25.0,16017.191736,1757023049114,2025-09-04 21:57:29
ETH,-115.8209,4316.99,500450.52681,-452.17311,25.0,20018.021072,1757023086873,2025-09-04 21:58:06
ETH,-138.9476,4318.16,600795.52764,-797.32314,25.0,24031.821105,1757024718123,2025-09-04 22:25:18
ETH,-162.0636,4319.27,701087.1336,-1089.1131,25.0,28043.485344,1757024756218,2025-09-04 22:25:56
ETH,-185.1689,4320.36,801522.10054,-1524.34164,25.0,32060.884021,1757025235360,2025-09-04 22:33:55
ETH,-208.2156,4322.43,904134.59988,-4137.20968,25.0,36165.383995,1757026686395,2025-09-04 22:58:06
ETH,-231.2215,4324.84,1005258.5934,-5261.45767,25.0,40210.343736,1757026857207,2025-09-04 23:00:57
ETH,-0.0001,4324.84,0.43001,0.002474,25.0,0.0172,1757029882414,2025-09-04 23:51:22
ETH,46.5656,4295.0,200003.90856,4.65656,25.0,8000.156342,1757030264008,2025-09-04 23:57:44
ETH,0.026,4295.0,111.8494,0.1794,25.0,4.473976,1757030506313,2025-09-05 00:01:46
ETH,-231.8849,4312.0,999771.74635,115.94245,25.0,39990.869854,1757032573368,2025-09-05 00:36:13
ETH,-459.2609,4355.61,2020426.47737,-20061.65097,25.0,80817.059094,1757062390440,2025-09-05 08:53:10
ETH,-459.9419,4355.69,2026274.04045,-22909.00045,25.0,81050.961618,1757062788255,2025-09-05 08:59:48
ETH,-686.2447,4372.14,3024074.51949,-23709.86381,25.0,120962.980779,1757062807575,2025-09-05 09:00:07
ETH,-912.7965,4382.53,4028079.67485,-27715.37397,25.0,161123.186994,1757066910173,2025-09-05 10:08:30
ETH,-1025.6633,4387.75,4544714.0823,-44349.85742,25.0,181788.563292,1757074715529,2025-09-05 12:18:35
ETH,-1138.3012,4393.43,5064415.86892,-63364.91475,25.0,202576.634756,1757074833089,2025-09-05 12:20:33
ETH,-1164.5194,4394.68,5178151.96404,-60456.23807,25.0,207126.078561,1757075392776,2025-09-05 12:29:52
ETH,-1362.4877,4404.48,6084461.32189,-83404.81491,25.0,243378.452875,1757075422981,2025-09-05 12:30:22
ETH,-1474.0873,4410.09,6603026.65162,-102160.47923,25.0,264121.066064,1757075452194,2025-09-05 12:30:52
ETH,-1697.9386,4417.81,7592841.83148,-91655.33596,25.0,303713.673259,1757076925429,2025-09-05 12:55:25
ETH,-1921.5772,4424.49,8598673.65456,-96656.25767,25.0,343946.946182,1757077218945,2025-09-05 13:00:18
ETH,-2145.0034,4430.01,9607041.22792,-104647.83146,25.0,384281.649116,1757077238316,2025-09-05 13:00:38
ETH,-2368.2799,4434.47,10598763.03647,-96681.90405,25.0,423950.521458,1757077259682,2025-09-05 13:00:59
ETH,-0.0001,4434.47,0.44304,0.000407,25.0,0.017721,1757081002717,2025-09-05 14:03:22
ETH,45.1466,4430.0,199967.83538,-31.60262,25.0,7998.713415,1757081228300,2025-09-05 14:07:08
ETH,90.3137,4428.99,400044.53415,45.17735,25.0,16001.781366,1757081273497,2025-09-05 14:07:53
ETH,135.5012,4427.99,599823.16204,-176.06976,25.0,23992.926481,1757081387420,2025-09-05 14:09:47
ETH,173.3139,4427.12,766879.34472,-403.27188,25.0,30675.173788,1757081432596,2025-09-05 14:10:32
ETH,248.5517,4425.63,1098847.0657,-1151.8929,25.0,43953.882628,1757081476519,2025-09-05 14:11:16
ETH,520.26,4420.6,2295074.964,-4787.294,25.0,91802.99856,1757081518700,2025-09-05 14:11:58
ETH,724.4341,4417.04,3191132.2105,-8729.3569,25.0,127645.28842,1757081561019,2025-09-05 14:12:41
ETH,860.6737,4414.9,3791870.12009,-7924.97009,25.0,151674.804803,1757081604769,2025-09-05 14:13:24
ETH,997.0373,4412.83,4386964.12,-12796.99657,25.0,175478.5648,1757081681884,2025-09-05 14:14:41
ETH,1133.4009,4411.25,4975403.27082,-24321.96606,25.0,199016.130832,1757081734714,2025-09-05 14:15:34
ETH,1543.8818,4404.13,6769612.91664,-29844.10037,25.0,270784.516665,1757081783462,2025-09-05 14:16:23
ETH,1841.077,4398.97,8039430.9359,-59421.20981,25.0,321577.237436,1757081835251,2025-09-05 14:17:15
ETH,2069.9361,4396.0,9042722.84646,-56733.96378,25.0,361708.913858,1757081880758,2025-09-05 14:18:00
ETH,2299.0365,4392.69,10021500.1035,-77467.35517,25.0,400860.00414,1757081916817,2025-09-05 14:18:36
ETH,2413.7522,4390.69,10510442.57968,-87597.38842,25.0,420417.703187,1757081963464,2025-09-05 14:19:23
ETH,2643.5289,4387.48,11498028.95055,-100412.60857,25.0,459921.158022,1757082120475,2025-09-05 14:22:00
ETH,2874.1802,4383.43,12452960.55254,-145815.58281,25.0,498118.422101,1757082283602,2025-09-05 14:24:43
ETH,3104.9085,4379.74,13448600.6769,-150115.46306,25.0,537944.027076,1757082325958,2025-09-05 14:25:25
ETH,3220.3446,4378.15,13967922.66804,-131260.35409,25.0,558716.906721,1757082361221,2025-09-05 14:26:01
ETH,3336.0317,4376.29,14421998.64227,-177448.61021,25.0,576879.94569,1757082599038,2025-09-05 14:29:59
ETH,3451.7617,4374.36,14926798.29548,-172470.76153,25.0,597071.931819,1757082641943,2025-09-05 14:30:41
ETH,3567.5936,4372.32,15394166.384,-204513.2495,25.0,615766.65536,1757082691177,2025-09-05 14:31:31
ETH,3685.0251,4368.67,15707419.48875,-391248.18728,25.0,628296.77955,1757084638880,2025-09-05 15:03:58
ETH,3801.8775,4365.93,16268994.198,-329755.00907,25.0,650759.76792,1757087909432,2025-09-05 15:58:29
ETH,3918.8037,4363.28,16766209.75008,-332660.36526,25.0,670648.390003,1757087945579,2025-09-05 15:59:05
ETH,4035.6507,4360.85,17260478.0439,-338392.06914,25.0,690419.121756,1757088052648,2025-09-05 16:00:52
ETH,4152.555,4358.47,17755494.669,-343313.4978,25.0,710219.78676,1757088134942,2025-09-05 16:02:14
ETH,4269.0643,4356.65,18318981.81773,-279872.61374,25.0,732759.272709,1757091088545,2025-09-05 16:51:28
ETH,4034.4878,4356.65,17209914.60846,-366970.166417,25.0,688396.584338,1757176508073,2025-09-06 16:35:08
ETH,3800.1861,4356.65,16233254.96337,-322857.364619,25.0,649330.198534,1757176579587,2025-09-06 16:36:19
ETH,3566.0489,4356.65,15230594.8519,-305461.699472,25.0,609223.794076,1757176651831,2025-09-06 16:37:31
ETH,3563.5466,4356.65,15216343.982,-308810.903297,25.0,608653.75928,1757177010600,2025-09-06 16:43:30
ETH,3544.4105,4356.65,15136050.5992,-305734.837108,25.0,605442.023968,1757177046633,2025-09-06 16:44:06
ETH,3320.2806,4356.65,14185566.83544,-279761.210909,25.0,567422.673417,1757177082292,2025-09-06 16:44:42
ETH,3314.3647,4356.65,14159960.30781,-279594.183669,25.0,566398.412312,1757177118552,2025-09-06 16:45:18
ETH,3097.7746,4356.65,13242057.08262,-253888.351198,25.0,529682.283304,1757177153726,2025-09-06 16:45:53
ETH,3031.5154,4356.65,12960637.78962,-246638.95025,25.0,518425.511584,1757177190019,2025-09-06 16:46:30
ETH,2863.9112,4356.65,12245511.50896,-231571.001224,25.0,489820.460358,1757177225499,2025-09-06 16:47:05
ETH,22.5891,4426.4,99988.39224,0.0,25.0,3999.535689,1758031986771,2025-09-16 14:13:06
ETH,45.1782,4426.65,199999.37358,11.29455,25.0,7999.974943,1758031994438,2025-09-16 14:13:14
ETH,0.0001,4426.65,0.44437,0.001705,25.0,0.017774,1758032194806,2025-09-16 14:16:34
ETH,22.5928,4475.72,100734.51736,-384.564005,25.0,4029.380694,1758132019226,2025-09-17 18:00:19
ETH,22.5022,4444.0,100011.0279,11.2511,25.0,4000.441116,1758132922495,2025-09-17 18:15:22
ETH,0.0021,4444.0,9.3975,0.0651,25.0,0.3759,1758133097463,2025-09-17 18:18:17
HYPE,84655.82,39.8523,3914400.46098,540666.32616,10.0,391440.046098,1755203450794,2025-08-14 20:30:50
HYPE,85500.27,39.9002,3826735.58439,415254.53457,10.0,382673.558439,1755209057454,2025-08-14 22:04:17
HYPE,87720.02,40.0305,3952400.94114,440920.15382,10.0,395240.094114,1755212546228,2025-08-14 23:02:26
HYPE,87720.02,40.0305,4093893.3334,582412.54608,10.0,409389.33334,1755355380992,2025-08-16 14:43:00
HYPE,94791.2,40.2076,4018009.3856,206677.4056,10.0,401800.93856,1755706995524,2025-08-20 16:23:15
HYPE,97150.24,40.2606,4114604.11472,203272.42912,10.0,411460.411472,1755707182683,2025-08-20 16:26:22
HYPE,100407.45,40.3257,4244825.3562,195821.17553,10.0,424482.53562,1755707658530,2025-08-20 16:34:18
HYPE,120809.35,40.6535,5102020.4692,190689.18123,10.0,510202.04692,1755707720931,2025-08-20 16:35:20
HYPE,131444.85,40.7719,5536851.41655,177590.52085,10.0,553685.141655,1755707832943,2025-08-20 16:37:12
HYPE,133827.73,40.793,5610192.26933,150946.99744,10.0,561019.226933,1755708978848,2025-08-20 16:56:18
HYPE,1936.86,46.4957,92153.86194,2098.138742,3.0,30717.95398,1756233601714,2025-08-26 18:40:01
HYPE,1746.83,46.4957,85004.24146,3784.102187,3.0,28334.747153,1756239621723,2025-08-26 20:20:21
HYPE,1572.15,46.4957,77294.75475,4196.489918,3.0,25764.91825,1756242402153,2025-08-26 21:06:42
HYPE,872.15,46.4957,43348.47145,2797.218915,3.0,14449.490483,1756245461393,2025-08-26 21:57:41
HYPE,264.0,46.4957,13258.344,983.470792,3.0,4419.448,1756310822467,2025-08-27 16:07:02
HYPE,33191.16,40.793,1675456.56564,321486.926501,10.0,167545.656564,1756319037625,2025-08-27 18:23:57
HYPE,34977.47,41.1558,1676505.11457,236976.585361,10.0,167650.511457,1756331622391,2025-08-27 21:53:42
HYPE,37366.78,41.5869,1786281.55112,232312.240841,10.0,178628.155112,1756331645437,2025-08-27 21:54:05
HYPE,39469.82,41.9046,1878092.44506,224123.582781,10.0,187809.244506,1756332244784,2025-08-27 22:04:04
HYPE,40272.27,42.0141,1909670.77113,217664.173951,10.0,190967.077113,1756332488155,2025-08-27 22:08:08
HYPE,42389.56,42.2747,2004559.90284,212553.698961,10.0,200455.990284,1756336559944,2025-08-27 23:15:59
HYPE,44504.61,42.5125,2103154.35477,211148.586891,10.0,210315.435477,1756336739544,2025-08-27 23:18:59
HYPE,46625.95,42.7231,2198320.2906,206314.555121,10.0,219832.02906,1756336888954,2025-08-27 23:21:28
HYPE,46649.43,42.7253,2200593.56139,207480.509111,10.0,220059.356139,1756337617372,2025-08-27 23:33:37
HYPE,48746.39,42.9161,2297319.86792,205314.182041,10.0,229731.986792,1756337637257,2025-08-27 23:33:57
HYPE,50871.78,43.0888,2393720.73612,201715.450741,10.0,239372.073612,1756337965013,2025-08-27 23:39:25
HYPE,53003.97,43.2421,2489331.45105,197326.454671,10.0,248933.145105,1756338477711,2025-08-27 23:47:57
HYPE,53104.95,43.2487,2481753.62835,185032.865971,10.0,248175.362835,1756340527606,2025-08-28 00:22:07
HYPE,55145.29,43.3764,2576222.51293,184217.872551,10.0,257622.251293,1756340649019,2025-08-28 00:24:09
HYPE,57240.84,43.5354,2732563.21992,240558.933541,10.0,273256.321992,1756397703055,2025-08-28 16:15:03
HYPE,59336.39,43.6832,2832303.90387,240299.971491,10.0,283230.390387,1756397729171,2025-08-28 16:15:29
HYPE,61015.07,43.7923,2907673.16085,235680.126471,10.0,290767.316085,1756398138522,2025-08-28 16:22:18
HYPE,61435.02,43.8187,2927563.00806,235559.356181,10.0,292756.300806,1756398162384,2025-08-28 16:22:42
HYPE,63542.5,43.9391,3015536.4225,223532.844621,10.0,301553.64225,1756400046283,2025-08-28 16:54:06
HYPE,65674.69,44.0352,3077844.34685,185841.057971,10.0,307784.434685,1756400695447,2025-08-28 17:04:55
HYPE,74227.2,44.348,3460175.1552,168346.839101,10.0,346017.51552,1756400739231,2025-08-28 17:05:39
HYPE,82826.09,44.5731,3850087.96756,158271.672111,10.0,385008.796756,1756400781369,2025-08-28 17:06:21
HYPE,87148.72,44.6624,4056424.32112,164150.824311,10.0,405642.432112,1756400832867,2025-08-28 17:07:12
HYPE,89312.28,44.6996,4127745.64476,135514.736871,10.0,412774.564476,1756401071487,2025-08-28 17:11:11
HYPE,89626.24,44.7049,4144855.09504,138119.235151,10.0,414485.509504,1756401177259,2025-08-28 17:12:57
HYPE,95810.47,44.7988,4415042.26807,122843.186891,10.0,441504.226807,1756401212966,2025-08-28 17:13:32
HYPE,100153.57,44.8531,4611671.28422,119472.448041,10.0,461167.128422,1756410119523,2025-08-28 19:41:59
HYPE,102326.06,44.878,4714673.2145,122474.663621,10.0,471467.32145,1756410210208,2025-08-28 19:43:30
HYPE,104499.97,44.9014,4807834.61976,115636.208881,10.0,480783.461976,1756410252301,2025-08-28 19:44:12
HYPE,105051.38,44.9071,4838456.46004,120893.189161,10.0,483845.646004,1756410288675,2025-08-28 19:44:48
HYPE,106673.88,44.9238,4904438.30688,112240.036001,10.0,490443.830688,1756410671111,2025-08-28 19:51:11
HYPE,108845.8,44.9463,5012240.2442,120014.336971,10.0,501224.02442,1756418360514,2025-08-28 21:59:20
HYPE,111019.14,44.9673,5110099.99506,117859.231941,10.0,511009.999506,1756418594271,2025-08-28 22:03:14
HYPE,113189.13,44.9897,5220961.81038,128615.278521,10.0,522096.181038,1756419682939,2025-08-28 22:21:22
HYPE,113407.48,44.9912,5193949.17652,91602.654161,10.0,519394.917652,1756420754261,2025-08-28 22:39:14
HYPE,115590.69,45.0065,5294631.55545,92294.015091,10.0,529463.155545,1756420776154,2025-08-28 22:39:36
HYPE,117770.76,45.0227,5402498.07348,100134.240221,10.0,540249.807348,1756421001843,2025-08-28 22:43:21
HYPE,120034.02,45.007,5304423.37782,-97954.164729,10.0,530442.337782,1756467509122,2025-08-29 11:38:29
HYPE,122296.36,44.9916,5402319.40664,-99997.966989,10.0,540231.940664,1756467556410,2025-08-29 11:39:16
HYPE,126821.69,44.9634,5607167.37997,-95169.309859,10.0,560716.737997,1756467773070,2025-08-29 11:42:53
HYPE,129082.39,44.9505,5709185.02731,-93143.597929,10.0,570918.502731,1756467817796,2025-08-29 11:43:37
HYPE,131342.99,44.9381,5811139.24956,-91170.155989,10.0,581113.924956,1756468256280,2025-08-29 11:50:56
HYPE,133611.18,44.9232,5887843.86906,-114402.979699,10.0,588784.386906,1756476549249,2025-08-29 14:09:09
HYPE,138246.06,44.8641,5965870.47324,-236420.331329,10.0,596587.047324,1756761764061,2025-09-01 21:22:44
HYPE,142890.78,44.8064,6155591.91162,-246831.556819,10.0,615559.191162,1756762092258,2025-09-01 21:28:12
HYPE,145219.5,44.777,6238484.5005,-264011.931219,10.0,623848.45005,1756762460277,2025-09-01 21:34:20
HYPE,147562.18,44.7438,6298544.09112,-303954.321759,10.0,629854.409112,1756764295290,2025-09-01 22:04:55
HYPE,149908.71,44.7103,6390608.3073,-311863.546019,10.0,639060.83073,1756764332950,2025-09-01 22:05:32
HYPE,152245.37,44.6809,6513361.41934,-289109.790939,10.0,651336.141934,1756765334639,2025-09-01 22:22:14
HYPE,145688.0,44.6809,6659835.544,150354.003244,10.0,665983.5544,1756895130293,2025-09-03 10:25:30
HYPE,145641.37,44.6809,6661636.2638,154238.196798,10.0,666163.62638,1756895580404,2025-09-03 10:33:00
HYPE,143457.33,44.6809,6562599.01818,152785.982649,10.0,656259.901818,1756895717932,2025-09-03 10:35:17
HYPE,142452.51,44.6809,6517202.3325,152285.6319,10.0,651720.23325,1756895744761,2025-09-03 10:35:44
HYPE,142437.75,44.6809,6513678.3075,149421.098058,10.0,651367.83075,1756895768746,2025-09-03 10:36:08
HYPE,139130.63,44.6809,6360635.01171,144143.140478,10.0,636063.501171,1756897824487,2025-09-03 11:10:24
HYPE,138175.17,44.6809,6338924.09892,165123.109809,10.0,633892.409892,1756898079347,2025-09-03 11:14:39
HYPE,136359.63,44.6809,6256043.46477,163362.568726,10.0,625604.346477,1756898105970,2025-09-03 11:15:05
HYPE,134771.44,44.6809,6183987.5244,162268.502282,10.0,618398.75244,1756898130633,2025-09-03 11:15:30
HYPE,133283.11,44.6809,6117561.46589,162342.475776,10.0,611756.146589,1756898154798,2025-09-03 11:15:54
HYPE,133184.42,44.6809,6111566.66496,160757.240036,10.0,611156.666496,1756898178989,2025-09-03 11:16:18
HYPE,132049.53,44.6809,6060413.17935,160311.743461,10.0,606041.317935,1756898447628,2025-09-03 11:20:47
HYPE,132021.57,44.6809,6055697.39433,156845.238438,10.0,605569.739433,1756898474594,2025-09-03 11:21:14
HYPE,131795.36,44.6809,6049275.22864,160530.355572,10.0,604927.522864,1756898510897,2025-09-03 11:21:50
HYPE,130928.04,44.6809,6009466.10796,159473.936084,10.0,600946.610796,1756898529710,2025-09-03 11:22:09
HYPE,130414.15,44.6809,5984314.10105,157283.034203,10.0,598431.410105,1756898556129,2025-09-03 11:22:36
HYPE,129841.58,44.6809,5959598.68042,158150.598073,10.0,595959.868042,1756898950611,2025-09-03 11:29:10
HYPE,126056.86,44.6809,5792060.60328,159717.491674,10.0,579206.060328,1756898980307,2025-09-03 11:29:40
HYPE,124851.87,44.6809,5730700.833,152197.846608,10.0,573070.0833,1756899314054,2025-09-03 11:35:14
HYPE,121868.53,44.6809,5593034.31582,147829.862323,10.0,559303.431582,1756899341446,2025-09-03 11:35:41
HYPE,122459.95,44.6851,5580989.7613,108846.126803,10.0,558098.97613,1756900225943,2025-09-03 11:50:25
HYPE,123446.87,44.692,5623622.16285,106524.322353,10.0,562362.216285,1756900347431,2025-09-03 11:52:27
HYPE,123553.64,44.6928,5630586.48208,108625.268083,10.0,563058.648208,1756900792653,2025-09-03 11:59:52
HYPE,126259.3,44.7111,5755656.4498,110452.422803,10.0,575565.64498,1756900816534,2025-09-03 12:00:16
HYPE,127209.02,44.7174,5795006.9061,106543.133103,10.0,579500.69061,1756903324372,2025-09-03 12:42:04
HYPE,127437.67,44.7189,5805423.05685,106544.276353,10.0,580542.305685,1756903351951,2025-09-03 12:42:31
HYPE,128454.68,44.7255,5847385.48828,102181.902283,10.0,584738.548828,1756903366886,2025-09-03 12:42:46
HYPE,128803.43,44.7274,5853600.67978,92550.734093,10.0,585360.067978,1756905943304,2025-09-03 13:25:43
HYPE,128863.08,44.7277,5856955.84908,93195.407393,10.0,585695.584908,1756906068149,2025-09-03 13:27:48
HYPE,130655.38,44.7375,5935673.9134,90471.359713,10.0,593567.39134,1756906090160,2025-09-03 13:28:10
HYPE,132719.55,44.7478,6025600.28955,86684.417863,10.0,602560.028955,1756906174973,2025-09-03 13:29:34
HYPE,132858.02,44.7485,6031754.108,86551.698313,10.0,603175.4108,1756906199862,2025-09-03 13:29:59
HYPE,137258.46,44.771,6243063.79464,97861.386953,10.0,624306.379464,1756909054678,2025-09-03 14:17:34
HYPE,136572.9,44.771,6306253.6575,191744.47604,10.0,630625.36575,1756918440191,2025-09-03 16:54:00
HYPE,135245.18,44.771,6241970.79254,186905.000879,10.0,624197.079254,1756918467138,2025-09-03 16:54:27
HYPE,134458.16,44.771,6209143.37064,189313.273735,10.0,620914.337064,1756918507802,2025-09-03 16:55:07
HYPE,130762.62,44.771,6040056.18042,185679.209736,10.0,604005.618042,1756918534686,2025-09-03 16:55:34
HYPE,124270.06,44.771,5739785.53128,176087.148597,10.0,573978.553128,1756918575880,2025-09-03 16:56:15
HYPE,121397.04,44.771,5612549.35032,177479.027599,10.0,561254.935032,1756919028414,2025-09-03 17:03:48
HYPE,120193.3,44.771,5558940.125,177762.479996,10.0,555894.0125,1756919055793,2025-09-03 17:04:15
HYPE,119987.78,44.771,5549314.83722,177338.533977,10.0,554931.483722,1756919079915,2025-09-03 17:04:39
HYPE,119945.28,44.771,5547469.2,177395.665465,10.0,554746.92,1756919096588,2025-09-03 17:04:56
HYPE,119812.85,44.771,5541224.49965,177079.992406,10.0,554122.449965,1756919367676,2025-09-03 17:09:27
HYPE,119159.78,44.771,5510901.50544,175995.613708,10.0,551090.150544,1756919386846,2025-09-03 17:09:46
HYPE,117783.08,44.771,5447349.66692,174080.049972,10.0,544734.966692,1756919416711,2025-09-03 17:10:16
HYPE,117061.01,44.771,5414305.83452,173364.034033,10.0,541430.583452,1756919440787,2025-09-03 17:10:40
HYPE,115621.39,44.771,5350957.9292,174469.396594,10.0,535095.79292,1756919466347,2025-09-03 17:11:06
HYPE,115497.0,44.771,5346240.633,175321.168621,10.0,534624.0633,1756919548302,2025-09-03 17:12:28
HYPE,113461.1,44.771,5253702.7744,173932.646697,10.0,525370.27744,1756919565072,2025-09-03 17:12:45
HYPE,111302.21,44.771,5155740.97162,172626.569372,10.0,515574.097162,1756919594476,2025-09-03 17:13:14
HYPE,110981.24,44.771,5143647.53028,174903.285012,10.0,514364.753028,1756919620317,2025-09-03 17:13:40
HYPE,109145.04,44.771,5058872.604,172336.921042,10.0,505887.2604,1756919644966,2025-09-03 17:14:04
HYPE,108932.35,44.771,5049450.1519,172436.81897,10.0,504945.01519,1756919668945,2025-09-03 17:14:28
HYPE,106671.52,44.771,4945398.33872,169604.689881,10.0,494539.833872,1756919685241,2025-09-03 17:14:45
HYPE,105696.29,44.771,4900185.70069,168054.101867,10.0,490018.570069,1756919712536,2025-09-03 17:15:12
HYPE,104830.85,44.771,4860063.03685,166678.076841,10.0,486006.303685,1756919736981,2025-09-03 17:15:36
HYPE,102675.22,44.771,4762898.10536,166022.917256,10.0,476289.810536,1756919854730,2025-09-03 17:17:34
HYPE,101856.39,44.771,4724812.36293,164597.035994,10.0,472481.236293,1756919881339,2025-09-03 17:18:01
HYPE,96209.71,44.771,4463457.07603,156049.419643,10.0,446345.707603,1756919905228,2025-09-03 17:18:25
HYPE,89745.13,44.771,4165879.18947,147897.427704,10.0,416587.918947,1756919930570,2025-09-03 17:18:50
HYPE,85437.58,44.771,3965927.02602,140798.707532,10.0,396592.702602,1756919953534,2025-09-03 17:19:13
HYPE,81131.88,44.771,3767115.45216,134757.750548,10.0,376711.545216,1756919978287,2025-09-03 17:19:38
HYPE,77569.36,44.771,3602631.35584,129771.338243,10.0,360263.135584,1756920002565,2025-09-03 17:20:02
HYPE,76826.18,44.771,3569421.14898,129834.064251,10.0,356942.114898,1756920026717,2025-09-03 17:20:26
HYPE,77728.87,44.7777,3530134.35992,49610.283691,10.0,353013.435992,1756958822821,2025-09-04 04:07:02
HYPE,81238.75,44.8011,3681496.43375,41909.674521,10.0,368149.643375,1756962102925,2025-09-04 05:01:42
HYPE,85658.63,44.8242,3877423.54558,37837.216351,10.0,387742.354558,1756962217863,2025-09-04 05:03:37
HYPE,87473.39,44.832,3957558.58377,35945.102541,10.0,395755.858377,1756967692449,2025-09-04 06:34:52
HYPE,86005.42,44.832,3955905.29832,100103.956562,10.0,395590.529832,1756988619809,2025-09-04 12:23:39
HYPE,85553.49,44.832,3935460.54,99920.157383,10.0,393546.054,1756988663289,2025-09-04 12:24:23
HYPE,85475.85,44.832,3931803.62415,99744.003753,10.0,393180.362415,1756988690469,2025-09-04 12:24:50
HYPE,85474.76,44.832,3931582.53572,99571.782284,10.0,393158.253572,1756988707525,2025-09-04 12:25:07
HYPE,85286.73,44.832,3922507.28616,98926.307572,10.0,392250.728616,1756988784573,2025-09-04 12:26:24
HYPE,85231.97,44.832,3920670.62,99544.645781,10.0,392067.062,1756988803578,2025-09-04 12:26:43
HYPE,85231.45,44.832,3919709.15405,98606.49251,10.0,391970.915405,1756988822466,2025-09-04 12:27:02
HYPE,94105.54,44.8549,4240583.84348,19481.69844,10.0,424058.384348,1756995033486,2025-09-04 14:10:33
HYPE,98545.05,44.8637,4443494.84955,22392.77901,10.0,444349.484955,1756995084758,2025-09-04 14:11:24
HYPE,99891.26,44.8662,4500101.263,18352.43196,10.0,450010.1263,1757003035067,2025-09-04 16:23:55
HYPE,100764.8,44.8678,4537842.0032,16740.19516,10.0,453784.20032,1757003077405,2025-09-04 16:24:37
HYPE,102985.04,44.8715,4637725.30632,16623.88868,10.0,463772.530632,1757003128225,2025-09-04 16:25:28
HYPE,107426.42,44.8781,4837304.26618,16203.08797,10.0,483730.426618,1757003174846,2025-09-04 16:26:14
HYPE,109647.65,44.881,4935350.37415,14249.42134,10.0,493535.037415,1757003255357,2025-09-04 16:27:35
HYPE,111870.26,44.8832,5033826.08922,12725.68829,10.0,503382.608922,1757003331818,2025-09-04 16:28:51
HYPE,114094.95,44.8845,5126742.4833,5642.26687,10.0,512674.24833,1757003376418,2025-09-04 16:29:36
HYPE,116324.6,44.8838,5217972.5822,-3127.43673,10.0,521797.25822,1757003842992,2025-09-04 16:37:22
HYPE,120783.9,44.8826,5418486.5379,-2613.08603,10.0,541848.65379,1757004102933,2025-09-04 16:41:42
HYPE,129702.4,44.8804,5817282.3424,-3816.46573,10.0,581728.23424,1757004223484,2025-09-04 16:43:43
HYPE,134194.66,44.8692,5976090.79378,-45118.79501,10.0,597609.079378,1757014494642,2025-09-04 19:34:54
HYPE,136440.18,44.8637,6073907.49306,-47316.72449,10.0,607390.749306,1757014539437,2025-09-04 19:35:39
HYPE,137563.22,44.8611,6124864.80728,-46382.51556,10.0,612486.480728,1757014581147,2025-09-04 19:36:21
HYPE,136586.96,44.8611,6247487.5504,120036.395698,10.0,624748.75504,1757026779590,2025-09-04 22:59:39
HYPE,135511.77,44.8611,6198308.3598,119091.489018,10.0,619830.83598,1757026808518,2025-09-04 23:00:08
HYPE,132863.2,44.8611,6077029.9048,116630.989323,10.0,607702.99048,1757026832852,2025-09-04 23:00:32
HYPE,131004.41,44.8611,5997643.89862,120632.481733,10.0,599764.389862,1757026857207,2025-09-04 23:00:57
HYPE,128858.71,44.8611,5900053.75477,119300.955431,10.0,590005.375477,1757026887355,2025-09-04 23:01:27
HYPE,128854.06,44.8611,5901515.948,120971.753113,10.0,590151.5948,1757026909671,2025-09-04 23:01:49
HYPE,128396.13,44.8611,5880285.96174,120285.04352,10.0,588028.596174,1757026926526,2025-09-04 23:02:06
HYPE,126637.6,44.8611,5797469.328,116358.127222,10.0,579746.9328,1757026953840,2025-09-04 23:02:33
HYPE,126576.75,44.8611,5795949.3825,117567.984062,10.0,579594.93825,1757026994699,2025-09-04 23:03:14
HYPE,126268.32,44.8611,5780689.95792,116145.090876,10.0,578068.995792,1757027013884,2025-09-04 23:03:33
HYPE,125152.73,44.8611,5728365.60483,113867.413063,10.0,572836.560483,1757027040649,2025-09-04 23:04:00
HYPE,125152.23,44.8611,5729844.54609,115368.784911,10.0,572984.454609,1757027082100,2025-09-04 23:04:42
HYPE,113534.32,44.8611,5198622.97848,105340.280297,10.0,519862.297848,1757027139184,2025-09-04 23:05:39
HYPE,113006.19,44.8611,5174327.42772,104737.260496,10.0,517432.742772,1757027166500,2025-09-04 23:06:06
HYPE,112270.68,44.8611,5139751.7304,103157.404066,10.0,513975.17304,1757055843332,2025-09-05 07:04:03
HYPE,109125.26,44.8611,4995754.4028,100267.305273,10.0,499575.44028,1757055868659,2025-09-05 07:04:28
HYPE,107964.12,44.8611,4943677.0548,100280.058961,10.0,494367.70548,1757055892988,2025-09-05 07:04:52
HYPE,107491.78,44.8611,4921188.67196,98981.402281,10.0,492118.867196,1757055917610,2025-09-05 07:05:17
HYPE,106832.26,44.8611,4891635.52088,99015.091607,10.0,489163.552088,1757055958502,2025-09-05 07:05:58
HYPE,105950.99,44.8611,4851177.97913,98092.35524,10.0,485117.797913,1757055985823,2025-09-05 07:06:25
HYPE,105276.04,44.8611,4820379.31952,97572.743924,10.0,482037.931952,1757056010833,2025-09-05 07:06:50
HYPE,105221.07,44.8611,4817651.91102,97311.354072,10.0,481765.191102,1757056035432,2025-09-05 07:07:15
HYPE,104269.72,44.8611,4774614.74852,96952.867904,10.0,477461.474852,1757056051687,2025-09-05 07:07:31
HYPE,98247.64,44.8611,4500331.39784,92827.08609,10.0,450033.139784,1757056077825,2025-09-05 07:07:57
HYPE,96385.88,44.8611,4578329.3,254345.724509,10.0,457832.93,1757079458342,2025-09-05 13:37:38
HYPE,96365.55,44.8611,4566281.58675,243210.038894,10.0,456628.158675,1757079607198,2025-09-05 13:40:07
HYPE,96343.16,44.8611,4573409.8052,251342.698994,10.0,457340.98052,1757079740131,2025-09-05 13:42:20
HYPE,82339.2,44.8611,3909135.8592,215302.81624,10.0,390913.58592,1757079895332,2025-09-05 13:44:55
HYPE,72055.45,44.8611,3415644.49635,183152.534621,10.0,341564.449635,1757079924905,2025-09-05 13:45:24
HYPE,71892.21,44.8611,3414232.94511,189064.121157,10.0,341423.294511,1757079987058,2025-09-05 13:46:27
HYPE,71850.17,44.8611,3411086.82075,187803.960484,10.0,341108.682075,1757080006455,2025-09-05 13:46:46
HYPE,69788.43,44.8611,3312368.25309,181577.466322,10.0,331236.825309,1757080044529,2025-09-05 13:47:24
HYPE,69608.65,44.8611,3326736.6008,204010.955599,10.0,332673.66008,1757120081594,2025-09-06 00:54:41
HYPE,68648.71,44.8611,3277495.36153,197833.750122,10.0,327749.536153,1757121673472,2025-09-06 01:21:13
HYPE,60345.88,44.8611,2882360.61232,175173.688613,10.0,288236.061232,1757121710792,2025-09-06 01:21:50
HYPE,52651.71,44.8611,2513434.68027,151417.24309,10.0,251343.468027,1757129761246,2025-09-06 03:36:01
HYPE,51766.29,44.8611,2629158.10281,306861.644872,10.0,262915.810281,1757324425033,2025-09-08 09:40:25
HYPE,51673.87,44.8611,2624670.87891,306520.490522,10.0,262467.087891,1757324451783,2025-09-08 09:40:51
HYPE,51621.04,44.8611,2622865.0424,307084.669748,10.0,262286.50424,1757324488109,2025-09-08 09:41:28
HYPE,41552.34,44.8611,2111066.6337,246979.947181,10.0,211106.66337,1757324507595,2025-09-08 09:41:47
HYPE,41483.23,44.8611,2107265.11754,246278.786643,10.0,210726.511754,1757326024210,2025-09-08 10:07:04
HYPE,41451.19,44.8611,2106259.31747,246710.338539,10.0,210625.931747,1757335077422,2025-09-08 12:37:57
HYPE,33363.18,44.8611,1695283.26534,198571.897047,10.0,169528.326534,1757335103519,2025-09-08 12:38:23
HYPE,32607.36,44.8611,1657073.42784,194269.030842,10.0,165707.342784,1757335125863,2025-09-08 12:38:45
HYPE,26852.38,44.8611,1364503.6897,159874.442385,10.0,136450.36897,1757335151049,2025-09-08 12:39:11
HYPE,25400.7,44.8611,1291371.588,151866.407374,10.0,129137.1588,1757335851527,2025-09-08 12:50:51
HYPE,24423.4,44.8611,1241905.4666,146243.109723,10.0,124190.54666,1757335878636,2025-09-08 12:51:18
HYPE,13426.2,44.8611,682829.6796,80514.607358,10.0,68282.96796,1757335903049,2025-09-08 12:51:43
HYPE,0.01,44.8611,0.51487,0.066259,10.0,0.051487,1757337392874,2025-09-08 13:16:32
HYPE,2172.15,54.2273,117854.34255,64.367699,10.0,11785.434255,1758393482184,2025-09-20 18:38:02
HYPE,2963.87,54.2283,160775.12815,49.385979,10.0,16077.512815,1758393851382,2025-09-20 18:44:11
HYPE,2986.55,54.2283,162077.08195,121.380699,10.0,16207.708195,1758393873879,2025-09-20 18:44:33
HYPE,3045.16,54.2284,165178.61388,44.433719,10.0,16517.861388,1758393931365,2025-09-20 18:45:31
HYPE,3687.93,54.2288,199981.69218,-10.547851,10.0,19998.169218,1758393951399,2025-09-20 18:45:51
HYPE,5028.74,54.1971,272105.1214,-438.347731,10.0,27210.51214,1758394153264,2025-09-20 18:49:13
HYPE,5536.01,54.1891,299514.74903,-477.099801,10.0,29951.474903,1758394181019,2025-09-20 18:49:41
HYPE,6720.53,54.1752,363728.52466,-357.701371,10.0,36372.852466,1758394285235,2025-09-20 18:51:25
HYPE,7384.09,54.1693,399457.11673,-534.340901,10.0,39945.711673,1758394309735,2025-09-20 18:51:49
HYPE,8946.38,54.1473,483524.99986,-898.021511,10.0,48352.499986,1758394780249,2025-09-20 18:59:40
HYPE,9234.43,54.1441,499111.70707,-878.688501,10.0,49911.170707,1758394804351,2025-09-20 19:00:04
HYPE,9775.65,54.1303,526985.7402,-2173.166051,10.0,52698.57402,1758397211149,2025-09-20 19:40:11
HYPE,12945.41,54.0724,697472.79998,-2517.151711,10.0,69747.279998,1758397237006,2025-09-20 19:40:37
HYPE,9494.63,54.0724,520125.32603,6727.481157,10.0,52012.532603,1758402779624,2025-09-20 21:12:59
HYPE,9042.85,54.0724,495512.0086,6543.012288,10.0,49551.20086,1758402884125,2025-09-20 21:14:44
HYPE,7009.53,54.0724,384094.20588,5071.790525,10.0,38409.420588,1758402908608,2025-09-20 21:15:08
HYPE,3460.28,54.0724,189606.0426,2500.247575,10.0,18960.60426,1758403012878,2025-09-20 21:16:52
HYPE,22.68,54.0724,1242.79596,16.43294,10.0,124.279596,1758403120088,2025-09-20 21:18:40
HYPE,22.92,54.0579,1207.67772,-31.3309,10.0,120.767772,1758464401046,2025-09-21 14:20:01
HYPE,1632.71,52.7092,86051.98055,-6.86317,10.0,8605.198055,1758464420607,2025-09-21 14:20:20
HYPE,1639.72,52.7091,86405.0454,-23.15522,10.0,8640.50454,1758464440493,2025-09-21 14:20:40
HYPE,1920.57,52.7063,101237.08584,10.89872,10.0,10123.708584,1758465464173,2025-09-21 14:37:44
HYPE,2373.61,52.6388,124282.2196,-661.97064,10.0,12428.22196,1758466774004,2025-09-21 14:59:34
HYPE,4282.84,52.5245,224322.31068,-632.09863,10.0,22432.231068,1758466820170,2025-09-21 15:00:20
HYPE,6193.05,52.4707,324206.1675,-747.73531,10.0,32420.61675,1758466885598,2025-09-21 15:01:25
HYPE,8105.09,52.4304,423904.31209,-1049.28272,10.0,42390.431209,1758466988152,2025-09-21 15:03:08
HYPE,9254.62,52.408,483563.14962,-1453.38769,10.0,48356.314962,1758467030600,2025-09-21 15:03:50
HYPE,10018.96,52.3959,523540.7548,-1412.54751,10.0,52354.07548,1758467053432,2025-09-21 15:04:13
HYPE,11061.01,52.382,577948.83351,-1450.06012,10.0,57794.883351,1758467976981,2025-09-21 15:19:36
HYPE,11256.87,52.3797,588329.05368,-1303.52495,10.0,58832.905368,1758468059202,2025-09-21 15:20:59
HYPE,11932.83,52.3724,623705.15844,-1246.33019,10.0,62370.515844,1758468101933,2025-09-21 15:21:41
HYPE,13848.53,52.3472,723059.44836,-1873.0661,10.0,72305.944836,1758468444563,2025-09-21 15:27:24
HYPE,15766.07,52.3232,822121.72015,-2810.50531,10.0,82212.172015,1758468750640,2025-09-21 15:32:30
HYPE,16974.35,52.3073,884533.3785,-3350.23496,10.0,88453.33785,1758468773314,2025-09-21 15:32:53
HYPE,19604.84,52.2795,1021216.1156,-3716.02686,10.0,102121.61156,1758468796023,2025-09-21 15:33:16
HYPE,20374.78,52.2708,1060649.92246,-4357.597,10.0,106064.992246,1758468900265,2025-09-21 15:35:00
HYPE,20380.78,52.2708,1061166.07226,-4153.7472,10.0,106116.607226,1758468925667,2025-09-21 15:35:25
HYPE,21085.59,52.2634,1097757.98658,-4247.19338,10.0,109775.798658,1758468945717,2025-09-21 15:35:45
HYPE,21336.45,52.2609,1110818.2599,-4244.18306,10.0,111081.82599,1758468968313,2025-09-21 15:36:08
HYPE,22012.14,52.2544,1145974.02054,-4258.08692,10.0,114597.402054,1758469011330,2025-09-21 15:36:51
HYPE,22606.65,52.249,1176743.95245,-4432.40051,10.0,117674.395245,1758469036359,2025-09-21 15:37:16
HYPE,22750.12,52.2478,1184234.74648,-4409.21998,10.0,118423.474648,1758469058778,2025-09-21 15:37:38
HYPE,23447.29,52.2419,1220454.89179,-4476.77317,10.0,122045.489179,1758469082117,2025-09-21 15:38:02
HYPE,24426.52,52.2209,1264731.92604,-10844.46482,10.0,126473.192604,1758469675157,2025-09-21 15:47:55
HYPE,24500.76,52.2194,1267277.31024,-12138.77342,10.0,126727.731024,1758471995419,2025-09-21 16:26:35
HYPE,27314.26,52.1679,1412693.5272,-12236.77646,10.0,141269.35272,1758472015098,2025-09-21 16:26:55
HYPE,27802.59,52.1597,1438033.36257,-12143.60209,10.0,143803.336257,1758472078017,2025-09-21 16:27:58
HYPE,27997.87,52.1565,1448077.83427,-12195.10639,10.0,144807.783427,1758472103019,2025-09-21 16:28:23
HYPE,28177.97,52.1536,1457702.74404,-11881.36662,10.0,145770.274404,1758472146122,2025-09-21 16:29:06
HYPE,28436.16,52.1495,1470974.12064,-11958.41302,10.0,147097.412064,1758472168767,2025-09-21 16:29:28
HYPE,29852.3,52.1282,1543811.6945,-12335.27716,10.0,154381.16945,1758472291413,2025-09-21 16:31:31
HYPE,30802.62,52.1149,1592495.454,-12783.06166,10.0,159249.5454,1758472315386,2025-09-21 16:31:55
HYPE,31182.73,52.1099,1611585.85186,-13344.3508,10.0,161158.585186,1758472339032,2025-09-21 16:32:19
HYPE,35061.7,52.049,1807816.3137,-17113.58216,10.0,180781.63137,1758472381712,2025-09-21 16:33:01
HYPE,38940.67,52.0003,2007936.70788,-16992.86147,10.0,200793.670788,1758472405963,2025-09-21 16:33:25
HYPE,42524.45,51.9632,2192603.16645,-17104.42294,10.0,219260.316645,1758472530532,2025-09-21 16:35:30
HYPE,42819.64,51.9604,2206924.2456,-18003.34019,10.0,220692.42456,1758472553480,2025-09-21 16:35:53
HYPE,46703.13,51.9221,2404323.83553,-20603.48526,10.0,240432.383553,1758472616280,2025-09-21 16:36:56
HYPE,50586.62,51.8881,2602529.83914,-22314.57146,10.0,260252.983914,1758472639144,2025-09-21 16:37:19
HYPE,52364.73,51.8715,2691390.02781,-24848.12771,10.0,269139.002781,1758472662233,2025-09-21 16:37:42
HYPE,54477.67,51.8532,2796720.14479,-28123.12673,10.0,279672.014479,1758472684804,2025-09-21 16:38:04
HYPE,58383.92,51.8095,2993869.03368,-30974.23784,10.0,299386.903368,1758472730253,2025-09-21 16:38:50
HYPE,62290.17,51.7713,3190004.18604,-34839.08548,10.0,319000.418604,1758472756161,2025-09-21 16:39:16
HYPE,70102.67,51.7063,3586592.80254,-38157.31376,10.0,358659.280254,1758472789659,2025-09-21 16:39:49
HYPE,74016.56,51.6742,3782764.33192,-41985.56338,10.0,378276.433192,1758472875834,2025-09-21 16:41:15
HYPE,77934.28,51.6428,3979558.13964,-45191.36166,10.0,397955.813964,1758474973952,2025-09-21 17:16:13
HYPE,79398.79,51.631,4049814.68274,-49624.82856,10.0,404981.468274,1758475502215,2025-09-21 17:25:02
HYPE,81855.84,51.612,4175220.83088,-49528.23042,10.0,417522.083088,1758475521009,2025-09-21 17:25:21
HYPE,85792.84,51.5748,4357160.96508,-67587.69622,10.0,435716.096508,1758475562709,2025-09-21 17:26:02
HYPE,85970.43,51.5729,4361451.85476,-72300.61954,10.0,436145.185476,1758475663728,2025-09-21 17:27:43
HYPE,87016.08,51.5625,4413455.5776,-73311.3517,10.0,441345.55776,1758475681511,2025-09-21 17:28:01
HYPE,89737.61,51.5363,4553017.11857,-71731.38173,10.0,455301.711857,1758475702964,2025-09-21 17:28:22
HYPE,90632.52,51.5287,4602047.46804,-68135.61296,10.0,460204.746804,1758475968330,2025-09-21 17:32:48
HYPE,90674.57,51.5284,4604182.64089,-68135.31861,10.0,460418.264089,1758475988235,2025-09-21 17:33:08
HYPE,93676.94,51.5041,4755697.21298,-69051.07142,10.0,475569.721298,1758476008485,2025-09-21 17:33:28
HYPE,46838.48,51.5041,2424828.1096,12453.452359,10.0,242482.81096,1758479435032,2025-09-21 18:30:35
HYPE,45259.25,51.5041,2344972.261,13934.45393,10.0,234497.2261,1758479568455,2025-09-21 18:32:48
HYPE,26601.13,51.5041,1377725.72496,7657.954489,10.0,137772.572496,1758479631122,2025-09-21 18:33:51
HYPE,69.56,51.5041,3604.73832,22.111789,10.0,360.473832,1758479896423,2025-09-21 18:38:16
HYPE,751.49,51.455,38667.16646,-0.758571,10.0,3866.716646,1758493070341,2025-09-21 22:17:50
HYPE,1428.49,51.4526,73508.66691,9.091879,10.0,7350.866691,1758493094861,2025-09-21 22:18:14
HYPE,3525.75,51.451,181399.8375,-3.764531,10.0,18139.98375,1758493116998,2025-09-21 22:18:36
HYPE,3956.82,51.4509,203226.23202,-355.921511,10.0,20322.623202,1758493139938,2025-09-21 22:18:59
HYPE,4306.82,51.4427,221181.04792,-373.605611,10.0,22118.104792,1758494084387,2025-09-21 22:34:44
HYPE,5904.23,51.4176,303188.11473,-393.542301,10.0,30318.811473,1758494106604,2025-09-21 22:35:06
HYPE,6058.79,51.4146,310821.98579,-688.599241,10.0,31082.198579,1758494348742,2025-09-21 22:39:08
HYPE,6060.69,51.4146,310961.88252,-646.172511,10.0,31096.188252,1758494370536,2025-09-21 22:39:30
HYPE,7853.54,51.3884,402321.14712,-1260.112911,10.0,40232.114712,1758496063743,2025-09-21 23:07:43
HYPE,7988.43,51.3844,408640.14822,-1840.735311,10.0,40864.014822,1758496766154,2025-09-21 23:19:26
HYPE,11763.6,51.3091,601884.594,-1696.235031,10.0,60188.4594,1758497408697,2025-09-21 23:30:08
HYPE,12719.84,51.2918,649996.54384,-2428.020151,10.0,64999.654384,1758497593422,2025-09-21 23:33:13
HYPE,15679.02,51.2518,801166.56396,-2412.914431,10.0,80116.656396,1758497635644,2025-09-21 23:33:55
HYPE,19594.44,51.2175,1000942.77852,-2636.291371,10.0,100094.277852,1758498324857,2025-09-21 23:45:24
HYPE,19634.15,51.2172,1003108.7235,-2498.733191,10.0,100310.87235,1758498430054,2025-09-21 23:47:10
HYPE,19867.88,51.2156,1014871.17828,-2675.206811,10.0,101487.117828,1758498449700,2025-09-21 23:47:29
HYPE,20892.72,51.2089,1067534.42112,-2360.791171,10.0,106753.442112,1758498472625,2025-09-21 23:47:52
HYPE,23509.86,51.1946,1200342.92202,-3235.801471,10.0,120034.292202,1758498495629,2025-09-21 23:48:15
HYPE,25023.31,51.185,1277189.7424,-3629.412551,10.0,127718.97424,1758498538162,2025-09-21 23:48:58
HYPE,25759.48,51.1808,1314789.61868,-3603.653071,10.0,131478.961868,1758498560770,2025-09-21 23:49:20
HYPE,27428.35,51.1723,1399750.98555,-3821.411001,10.0,139975.098555,1758498583198,2025-09-21 23:49:43
HYPE,31349.91,51.1507,1598312.46153,-5259.495021,10.0,159831.246153,1758498665658,2025-09-21 23:51:05
HYPE,32365.14,51.1454,1650169.02804,-5159.353911,10.0,165016.902804,1758498688296,2025-09-21 23:51:28
HYPE,32742.88,51.1435,1669297.50816,-5288.058991,10.0,166929.750816,1758498710676,2025-09-21 23:51:50
HYPE,35273.01,51.1317,1796736.58338,-6835.011171,10.0,179673.658338,1758498733070,2025-09-21 23:52:13
HYPE,35419.75,51.1308,1802971.53425,-8069.126301,10.0,180297.153425,1758498975406,2025-09-21 23:56:15
HYPE,39202.28,51.1085,1994808.0178,-8763.419751,10.0,199480.80178,1758498998030,2025-09-21 23:56:38
HYPE,43135.41,51.0849,2193435.5985,-10135.499551,10.0,219343.55985,1758499020302,2025-09-21 23:57:00
HYPE,45799.48,51.0683,2326796.78192,-12109.072131,10.0,232679.678192,1758500408176,2025-09-22 00:20:08
HYPE,46403.33,51.0649,2357799.60063,-11781.833421,10.0,235779.960063,1758500433054,2025-09-22 00:20:33
HYPE,47072.41,51.0611,2391372.57282,-12198.125231,10.0,239137.257282,1758500455506,2025-09-22 00:20:55
HYPE,49053.94,51.0376,2475850.45968,-27749.531411,10.0,247585.045968,1758500937466,2025-09-22 00:28:57
HYPE,53015.79,50.9979,2674434.54234,-29261.396811,10.0,267443.454234,1758500959918,2025-09-22 00:29:19
HYPE,54996.27,50.9786,2774066.85507,-29569.651751,10.0,277406.685507,1758500982790,2025-09-22 00:29:42
HYPE,56977.99,50.9607,2875166.35339,-28472.280281,10.0,287516.635339,1758501005322,2025-09-22 00:30:05
HYPE,59950.8,50.9353,3023618.598,-29995.621891,10.0,302361.8598,1758501028000,2025-09-22 00:30:28
HYPE,61933.94,50.9181,3120603.50084,-32955.662681,10.0,312060.350084,1758501050830,2025-09-22 00:30:50
HYPE,64911.61,50.8933,3269078.50282,-34493.619951,10.0,326907.850282,1758501078782,2025-09-22 00:31:18
HYPE,65904.57,50.8853,3315197.58471,-38380.484231,10.0,331519.758471,1758501101192,2025-09-22 00:31:41
HYPE,66898.54,50.8764,3364394.47514,-39166.530811,10.0,336439.447514,1758501127060,2025-09-22 00:32:07
HYPE,68886.94,50.8593,3463704.23014,-39840.216711,10.0,346370.423014,1758501153521,2025-09-22 00:32:33
HYPE,69882.91,50.8497,3506724.4238,-46802.117501,10.0,350672.44238,1758501182576,2025-09-22 00:33:02
HYPE,72871.31,50.8252,3657702.53414,-45996.476671,10.0,365770.253414,1758501209430,2025-09-22 00:33:29
HYPE,74862.97,50.8086,3758719.99776,-44968.188001,10.0,375871.999776,1758501278354,2025-09-22 00:34:38
HYPE,75859.04,50.8007,3807972.08992,-45720.801981,10.0,380797.208992,1758501300992,2025-09-22 00:35:00
HYPE,76854.99,50.7922,3853048.06866,-50589.268741,10.0,385304.806866,1758501324593,2025-09-22 00:35:24
HYPE,77851.93,50.7839,3902717.2509,-50910.970151,10.0,390271.72509,1758501350743,2025-09-22 00:35:50
HYPE,83973.78,50.6564,4115638.93158,-138170.709311,10.0,411563.893158,1758535697765,2025-09-22 10:08:17
HYPE,86012.97,50.6193,4219882.32117,-134039.013861,10.0,421988.232117,1758535717772,2025-09-22 10:08:37
HYPE,86083.29,50.618,4219286.37606,-138079.935771,10.0,421928.637606,1758535958970,2025-09-22 10:12:38
HYPE,86274.9,50.6144,4228332.849,-138420.436731,10.0,422833.2849,1758535978996,2025-09-22 10:12:58
HYPE,86281.01,50.6142,4228373.45707,-138679.157561,10.0,422837.345707,1758536079000,2025-09-22 10:14:39
HYPE,86376.54,50.6124,4236942.04008,-134790.589251,10.0,423694.204008,1758536118977,2025-09-22 10:15:18
HYPE,87028.67,50.6003,4263708.60064,-139971.877391,10.0,426370.860064,1758536156917,2025-09-22 10:15:56
HYPE,88054.2,50.5815,4314039.4206,-139881.772131,10.0,431403.94206,1758536179070,2025-09-22 10:16:19
HYPE,89121.99,50.562,4364036.48433,-142153.028901,10.0,436403.648433,1758536278961,2025-09-22 10:17:58
HYPE,92371.4,50.5053,4524720.6576,-140527.475131,10.0,452472.06576,1758536298674,2025-09-22 10:18:18
HYPE,94182.9,50.4754,4610441.3208,-143479.736931,10.0,461044.13208,1758536339526,2025-09-22 10:18:59
HYPE,96227.88,50.4419,4706794.29444,-147126.285291,10.0,470679.429444,1758536382111,2025-09-22 10:19:42
HYPE,98272.86,50.4098,4804854.94398,-149064.859161,10.0,480485.494398,1758537189301,2025-09-22 10:33:09
HYPE,100315.42,50.3799,4909737.60106,-144150.954711,10.0,490973.760106,1758537629945,2025-09-22 10:40:29
HYPE,101137.56,50.3691,4962314.3814,-131900.141371,10.0,496231.43814,1758539648189,2025-09-22 11:14:08
HYPE,104392.88,50.3279,5120470.764,-133406.374171,10.0,512047.0764,1758539668010,2025-09-22 11:14:28
HYPE,105624.25,50.313,5181608.83225,-132666.223391,10.0,518160.883225,1758539687710,2025-09-22 11:14:47
HYPE,106431.61,50.3034,5220896.19694,-132979.866701,10.0,522089.619694,1758539708148,2025-09-22 11:15:08
HYPE,108468.26,50.2808,5322429.04994,-131446.528701,10.0,532242.904994,1758553521193,2025-09-22 15:05:21
HYPE,104064.82,50.2808,4730786.7172,-501680.185007,10.0,473078.67172,1758653554664,2025-09-23 18:52:34
HYPE,101853.56,50.2808,4609382.8578,-511900.026948,10.0,460938.28578,1758653606194,2025-09-23 18:53:26
HYPE,99644.06,50.2808,4508893.715,-501293.646562,10.0,450889.3715,1758653628660,2025-09-23 18:53:48
HYPE,97436.22,50.2808,4413665.89356,-485509.411032,10.0,441366.589356,1758653740193,2025-09-23 18:55:40
HYPE,95224.13,50.2808,4306511.27925,-481438.274799,10.0,430651.127925,1758653887877,2025-09-23 18:58:07
HYPE,92974.47,50.2808,4131599.49786,-543235.254344,10.0,413159.949786,1758672517283,2025-09-24 00:08:37
HYPE,91849.21,50.2808,4082605.53529,-535650.195228,10.0,408260.553529,1758672540793,2025-09-24 00:09:00
HYPE,90725.16,50.2808,4031644.66008,-530092.888576,10.0,403164.466008,1758672565293,2025-09-24 00:09:25
HYPE,87292.73,50.2808,3814343.13008,-574808.943748,10.0,381434.313008,1758686911211,2025-09-24 04:08:31
HYPE,85001.34,50.2808,3706823.43606,-567115.616339,10.0,370682.343606,1758686933260,2025-09-24 04:08:53
HYPE,83854.95,50.2808,3659765.4378,-556532.158697,10.0,365976.54378,1758686957451,2025-09-24 04:09:17
HYPE,82710.06,50.2808,3612527.29062,-546204.271246,10.0,361252.729062,1758686983806,2025-09-24 04:09:43
HYPE,81566.32,50.2808,3565753.24512,-535470.105074,10.0,356575.324512,1758687007451,2025-09-24 04:10:07
HYPE,79223.95,50.2808,3378743.0196,-604703.991759,10.0,337874.30196,1758782226612,2025-09-25 06:37:06
HYPE,78051.46,50.2808,3326241.01936,-598252.20609,10.0,332624.101936,1758782249590,2025-09-25 06:37:29
HYPE,75322.57,50.2808,3202113.09584,-585169.239254,10.0,320211.309584,1758782519774,2025-09-25 06:41:59
HYPE,74146.19,50.2808,3150026.73596,-578106.22073,10.0,315002.673596,1758782542729,2025-09-25 06:42:22
HYPE,72969.64,50.2808,3098801.70188,-570173.328674,10.0,309880.170188,1758782567641,2025-09-25 06:42:47
HYPE,71788.2,50.2808,3039297.0234,-570274.207702,10.0,303929.70234,1758783337660,2025-09-25 06:55:37
HYPE,69425.79,50.2808,2937058.04595,-553729.218251,10.0,293705.804595,1758783359910,2025-09-25 06:55:59
HYPE,68243.87,50.2808,2886510.96939,-544848.360532,10.0,288651.096939,1758783410553,2025-09-25 06:56:50
HYPE,67060.47,50.2808,2835719.03442,-536137.945602,10.0,283571.903442,1758786936005,2025-09-25 07:55:36
HYPE,65876.01,50.2808,2780297.00205,-532004.330376,10.0,278029.700205,1758787043133,2025-09-25 07:57:23
HYPE,65284.97,50.2808,2764622.62459,-517960.718243,10.0,276462.262459,1758798971464,2025-09-25 11:16:11
HYPE,62913.65,50.2808,2649797.1107,-513554.262907,10.0,264979.71107,1758799102393,2025-09-25 11:18:22
HYPE,60536.41,50.2808,2539805.08155,-504016.660248,10.0,253980.508155,1758799124824,2025-09-25 11:18:44
HYPE,58151.38,50.2808,2439624.84514,-484275.577084,10.0,243962.484514,1758799149875,2025-09-25 11:19:09
HYPE,55765.16,50.2808,2338735.04524,-465184.223193,10.0,233873.504524,1758800968421,2025-09-25 11:49:28
HYPE,53366.69,50.2808,2227845.84074,-455476.333581,10.0,222784.584074,1758801203882,2025-09-25 11:53:23
HYPE,50968.16,50.2808,2124098.068,-438623.995363,10.0,212409.8068,1758801251811,2025-09-25 11:54:11
HYPE,49768.58,50.2808,2080077.8011,-422328.368318,10.0,208007.78011,1758801274452,2025-09-25 11:54:34
HYPE,48563.74,50.2808,2016026.53862,-425799.259616,10.0,201602.653862,1758802291042,2025-09-25 12:11:31
HYPE,47357.39,50.2808,1962111.38248,-419058.120502,10.0,196211.138248,1758802339714,2025-09-25 12:12:19
HYPE,46146.07,50.2808,1902971.63466,-417291.67728,10.0,190297.163466,1758802489911,2025-09-25 12:14:49
HYPE,43721.13,50.2808,1801747.7673,-396587.516622,10.0,180174.77673,1758802512679,2025-09-25 12:15:12
HYPE,38857.8,50.2808,1596861.291,-356941.65953,10.0,159686.1291,1758802563414,2025-09-25 12:16:03
HYPE,36411.86,50.2808,1488844.54354,-341974.48127,10.0,148884.454354,1758803092487,2025-09-25 12:24:52
HYPE,33964.12,50.2808,1387875.83556,-319868.758007,10.0,138787.583556,1758803144765,2025-09-25 12:25:44
HYPE,32727.45,50.2808,1321763.52315,-323800.259998,10.0,132176.352315,1758843202838,2025-09-25 23:33:22
HYPE,31860.32,50.2808,1283970.896,-317992.859535,10.0,128397.0896,1758843225865,2025-09-25 23:33:45
HYPE,30866.25,50.2808,1240144.1925,-311836.88518,10.0,124014.41925,1758843316938,2025-09-25 23:35:16
HYPE,28874.5,50.2808,1161159.143,-290675.06514,10.0,116115.9143,1758843339842,2025-09-25 23:35:39
HYPE,26380.56,50.2808,1055275.16112,-271161.640819,10.0,105527.516112,1758843530490,2025-09-25 23:38:50
HYPE,25130.94,50.2808,1002573.72036,-261031.134231,10.0,100257.372036,1758843554505,2025-09-25 23:39:14
HYPE,21354.86,50.2808,852251.10774,-221489.260296,10.0,85225.110774,1758843604361,2025-09-25 23:40:04
HYPE,18581.71,50.2808,873507.60539,-60796.442197,10.0,87350.760539,1759309443536,2025-10-01 09:04:03
HYPE,18508.83,50.2808,868600.88307,-62038.696661,10.0,86860.088307,1759309465310,2025-10-01 09:04:25
HYPE,18402.57,50.2808,864331.90776,-60964.829568,10.0,86433.190776,1759309550134,2025-10-01 09:05:50
HYPE,15728.21,50.2808,739210.14179,-51617.519606,10.0,73921.014179,1759309573058,2025-10-01 09:06:13
HYPE,10802.76,50.2808,507675.7062,-35496.175856,10.0,50767.57062,1759309597190,2025-10-01 09:06:37
HYPE,10450.01,50.2808,490816.06968,-34619.244924,10.0,49081.606968,1759310806782,2025-10-01 09:26:46
HYPE,4510.99,50.2808,211822.55743,-14993.823575,10.0,21182.255743,1759310832827,2025-10-01 09:27:12
SOL,540.54,185.0,99967.4676,-32.4324,20.0,4998.37338,1755769637612,2025-08-21 09:47:17
SOL,1088.64,183.7149,199863.4176,-136.0018,20.0,9993.17088,1755776281043,2025-08-21 11:38:01
SOL,544.95,183.5,99943.83,-54.495,20.0,4997.1915,1755777005626,2025-08-21 11:50:05
SOL,1081.89,183.4255,198483.5394,37.2654,20.0,9924.17697,1755777128224,2025-08-21 11:52:08
SOL,808.68,183.4255,148716.252,383.673962,20.0,7435.8126,1755777543774,2025-08-21 11:59:03
SOL,554.1,183.2712,101527.743,-22.8408,20.0,5076.38715,1755778743509,2025-08-21 12:19:03
SOL,551.36,183.2712,101284.832,236.41135,20.0,5064.2416,1755778870307,2025-08-21 12:21:10
SOL,1108.33,180.4333,199975.9819,-3.7517,20.0,9998.799095,1755861140934,2025-08-22 11:12:20
SOL,1662.8,180.4055,299852.724,-125.6741,20.0,14992.6362,1755861202350,2025-08-22 11:13:22
SOL,2217.73,180.3541,399878.8963,-97.8878,20.0,19993.944815,1755861741706,2025-08-22 11:22:21
SOL,2772.97,180.3032,499356.4376,-619.0705,20.0,24967.82188,1755862092438,2025-08-22 11:28:12
SOL,2840.49,180.296,511259.7951,-869.313,20.0,25562.989755,1755862526507,2025-08-22 11:35:26
SOL,2884.99,180.2914,519759.7984,-379.3097,20.0,25987.98992,1755862579496,2025-08-22 11:36:19
SOL,3328.52,180.2526,599000.4592,-974.0489,20.0,29950.02296,1755862702907,2025-08-22 11:38:22
SOL,3884.38,180.2021,698761.1182,-1212.6039,20.0,34938.05591,1755862767096,2025-08-22 11:39:27
SOL,4440.64,180.1455,797983.008,-1978.4491,20.0,39899.1504,1755863914160,2025-08-22 11:58:34
SOL,5553.85,180.0482,997360.383,-2600.3672,20.0,49868.01915,1755863964612,2025-08-22 11:59:24
SOL,6667.83,179.9624,1197608.9463,-2350.2017,20.0,59880.447315,1755864135295,2025-08-22 12:02:15
SOL,7225.24,179.919,1295630.0368,-4328.4652,20.0,64781.50184,1755864199276,2025-08-22 12:03:19
SOL,8340.68,179.8362,1496317.992,-3638.902,20.0,74815.8996,1755864260653,2025-08-22 12:04:20
SOL,11692.0,179.6061,2090646.52,-9308.074,20.0,104532.326,1755864486789,2025-08-22 12:08:06
SOL,15049.57,179.3737,2685445.2708,-14052.073,20.0,134272.26354,1755864552858,2025-08-22 12:09:12
SOL,16170.64,179.3062,2885812.4144,-13683.8174,20.0,144290.62072,1755864857477,2025-08-22 12:14:17
SOL,16253.1,179.3014,2900690.757,-13513.865,20.0,145034.53785,1755865278363,2025-08-22 12:21:18
SOL,16731.27,179.2748,2985527.8188,-13967.9861,20.0,149276.39094,1755865336392,2025-08-22 12:22:16
SOL,17292.12,179.2426,3081801.6264,-17684.4553,20.0,154090.08132,1755865456180,2025-08-22 12:24:16
SOL,17317.34,179.241,3085603.6412,-18375.3835,20.0,154280.18206,1755865518180,2025-08-22 12:25:18
SOL,17853.44,179.2083,3180233.2672,-19251.9725,20.0,159011.66336,1755865584805,2025-08-22 12:26:24
SOL,18977.02,179.1177,3366143.8076,-32977.9213,20.0,168307.19038,1755865982748,2025-08-22 12:33:02
SOL,20100.6,179.0221,3569665.554,-28787.1172,20.0,178483.2777,1755866042941,2025-08-22 12:34:02
SOL,22909.55,178.8193,4064383.2655,-32286.8595,20.0,203219.163275,1755866296335,2025-08-22 12:38:16
SOL,0.01,178.8193,1.79,0.001807,20.0,0.0895,1755867016609,2025-08-22 12:50:16
SOL,-561.78,178.3299,100215.9342,-33.7208,20.0,5010.79671,1755869474926,2025-08-22 13:31:14
SOL,-314.9,178.3299,56112.031,44.078149,20.0,2805.60155,1755870020897,2025-08-22 13:40:20
SOL,-267.16,178.3299,47818.9684,-176.332262,20.0,2390.94842,1755870065372,2025-08-22 13:41:05
SOL,-1361.45,182.2346,249921.3765,-1818.028762,20.0,12496.068825,1755871263848,2025-08-22 14:01:03
SOL,-2448.4,183.1219,449550.724,-1194.894762,20.0,22477.5362,1755871323918,2025-08-22 14:02:03
SOL,-2990.99,183.447,553243.4203,-4555.222662,20.0,27662.171015,1755871382763,2025-08-22 14:03:02
SOL,-5147.02,184.3792,955595.7332,-6591.802462,20.0,47779.78666,1755871443480,2025-08-22 14:04:03
SOL,-5684.94,184.5231,1057683.087,-8679.828262,20.0,52884.15435,1755871566141,2025-08-22 14:06:06
SOL,-8902.1,185.2552,1663090.322,-13929.954162,20.0,83154.5161,1755871623437,2025-08-22 14:07:03
SOL,-12091.04,186.0444,2279886.5024,-30415.014862,20.0,113994.32512,1755871742921,2025-08-22 14:09:02
SOL,-13681.7,186.3504,2569012.809,-19421.410962,20.0,128450.64045,1755871803790,2025-08-22 14:10:03
SOL,-15269.84,186.6156,2882640.3952,-33049.351162,20.0,144132.01976,1755871983442,2025-08-22 14:13:03
SOL,-20019.18,187.2998,3801842.4738,-52253.002762,20.0,190092.12369,1755872046748,2025-08-22 14:14:06
SOL,-23172.92,187.7013,4419307.5732,-69720.102162,20.0,220965.37866,1755872108605,2025-08-22 14:15:08
SOL,-26311.81,188.1335,5058971.7087,-108838.175262,20.0,252948.585435,1755872163205,2025-08-22 14:16:03
SOL,-32561.81,188.9726,6282475.6214,-129183.902262,20.0,314123.78107,1755872222834,2025-08-22 14:17:02
SOL,-3125.0,188.9726,585406.25,5133.299895,20.0,29270.3125,1755872344609,2025-08-22 14:19:04
SOL,-481.46,207.7614,99994.4274,34.3959,20.0,4999.72137,1755928276512,2025-08-23 05:51:16
SOL,-642.46,207.8237,133451.7912,66.6421,20.0,6672.58956,1755928339668,2025-08-23 05:52:19
SOL,-962.22,207.8823,200112.8934,-84.3801,20.0,10005.64467,1755928568370,2025-08-23 05:56:08
SOL,813.62,202.4724,164692.9604,-42.7036,20.0,8234.64802,1755937871021,2025-08-23 08:31:11
SOL,817.71,202.4722,166019.6613,456.0586,20.0,8300.983065,1755937940936,2025-08-23 08:32:20
SOL,806.65,202.4722,164427.536,1103.276646,20.0,8221.3768,1755938770100,2025-08-23 08:46:10
SOL,170.1,202.43,34404.426,-28.917,20.0,1720.2213,1755946454671,2025-08-23 10:54:14
SOL,173.86,202.4315,35204.9114,10.1684,20.0,1760.24557,1755949306179,2025-08-23 11:41:46
SOL,663.92,202.482,134463.7176,31.8246,20.0,6723.18588,1755949384025,2025-08-23 11:43:04
SOL,1159.09,202.2547,234066.6346,-364.8399,20.0,11703.33173,1755950341085,2025-08-23 11:59:01
SOL,0.01,202.2547,2.0259,0.003353,20.0,0.101295,1755951512683,2025-08-23 12:18:32
SOL,986.19,201.7338,198914.523,-33.412347,20.0,9945.72615,1755955863771,2025-08-23 13:31:03
SOL,1482.71,201.622,298395.3875,-551.675847,20.0,14919.769375,1755955980592,2025-08-23 13:33:00
SOL,2476.61,201.4627,498937.8506,-6.737247,20.0,24946.89253,1755956040814,2025-08-23 13:34:00
SOL,2973.87,201.402,597539.6991,-1403.874747,20.0,29876.984955,1755956160788,2025-08-23 13:36:00
SOL,3969.39,201.2761,796894.7364,-2048.805447,20.0,39844.73682,1755956283513,2025-08-23 13:38:03
SOL,3659.14,201.2761,739109.6886,2612.072682,20.0,36955.48443,1755956940785,2025-08-23 13:49:00
SOL,3401.74,201.2761,686947.3756,2258.241009,20.0,34347.36878,1755957010536,2025-08-23 13:50:10
LTC,81.51,122.59,9992.3109,0.0,10.0,999.23109,1755910935708,2025-08-23 01:02:15
LTC,353.37,122.59,43326.6957,7.0674,10.0,4332.66957,1755910996044,2025-08-23 01:03:16
LTC,456.48,122.59,56028.3552,68.472,10.0,5602.83552,1755911123236,2025-08-23 01:05:23
LTC,815.72,122.59,99778.8704,-220.2444,10.0,9977.88704,1755911833696,2025-08-23 01:17:13
LTC,1392.84,122.3662,169968.2652,-468.3456,10.0,16996.82652,1755912372347,2025-08-23 01:26:12
LTC,1635.05,122.3194,199328.9455,-669.3958,10.0,19932.89455,1755912437243,2025-08-23 01:27:17
LTC,2548.08,122.1296,310101.336,-1094.8573,10.0,31010.1336,1755912549979,2025-08-23 01:29:09
LTC,3308.07,122.0309,402724.4418,-962.5345,10.0,40272.44418,1755912617284,2025-08-23 01:30:17
LTC,3328.61,122.0289,404991.9787,-1194.7156,10.0,40499.19787,1755912727920,2025-08-23 01:32:07
LTC,4393.29,121.9425,534355.8627,-1373.0026,10.0,53435.58627,1755912795717,2025-08-23 01:33:15
LTC,4921.8,121.9057,597949.482,-2046.1993,10.0,59794.9482,1755912857122,2025-08-23 01:34:17
LTC,5766.6,121.8311,699719.244,-2832.237136,10.0,69971.9244,1755913163354,2025-08-23 01:39:23
LTC,5771.01,121.8307,700138.9332,-2947.480936,10.0,70013.89332,1755913450610,2025-08-23 01:44:10
LTC,5245.28,121.8307,640186.424,1150.084382,10.0,64018.6424,1755914538251,2025-08-23 02:02:18
LTC,6042.96,121.7606,732588.0408,-3206.882818,10.0,73258.80408,1755916028556,2025-08-23 02:27:08
LTC,5847.74,121.7606,713833.6218,1808.81829,10.0,71383.36218,1755926291046,2025-08-23 05:18:11
LTC,5822.74,121.7606,710665.417,1684.63051,10.0,71066.5417,1755926360990,2025-08-23 05:19:20
LTC,5292.78,121.7606,646195.5102,1743.014113,10.0,64619.55102,1755926537162,2025-08-23 05:22:17
LTC,2417.21,121.7606,295117.1689,796.033718,10.0,29511.71689,1755926649013,2025-08-23 05:24:09
LTC,2395.11,121.7606,292442.931,812.706867,10.0,29244.2931,1755926668674,2025-08-23 05:24:28
LTC,2195.38,121.7606,267968.0828,657.119444,10.0,26796.80828,1755926713751,2025-08-23 05:25:13
LTC,806.19,121.7606,98524.4799,362.236673,10.0,9852.44799,1755926838166,2025-08-23 05:27:18
LTC,252.77,121.7606,30898.6048,121.157528,10.0,3089.86048,1755928276512,2025-08-23 05:51:16
LTC,250.17,121.7606,30580.7808,119.911298,10.0,3058.07808,1755928339668,2025-08-23 05:52:19
LTC,0.01,121.7606,1.222,0.004394,10.0,0.1222,1755928398444,2025-08-23 05:53:18
LTC,0.1,121.77,12.181,0.004,10.0,1.2181,1755943268963,2025-08-23 10:01:08
LTC,186.94,121.8599,22791.7248,11.2254,10.0,2279.17248,1755943389161,2025-08-23 10:03:09
LTC,820.71,121.8599,99937.8567,-73.8549,10.0,9993.78567,1755943627238,2025-08-23 10:07:07
LTC,1642.06,121.7983,199805.8608,-194.2779,10.0,19980.58608,1755943809572,2025-08-23 10:10:09
LTC,2362.84,121.753,287652.1416,-30.8841,10.0,28765.21416,1755943875982,2025-08-23 10:11:15
LTC,2362.94,121.753,287498.9098,-196.2809,10.0,28749.89098,1755944186836,2025-08-23 10:16:26
LTC,2363.04,121.753,287440.1856,-267.1701,10.0,28744.01856,1755944229343,2025-08-23 10:17:09
LTC,2464.09,121.7488,299707.2667,-292.8215,10.0,29970.72667,1755944288810,2025-08-23 10:18:08
LTC,2469.83,121.7482,300109.0433,-588.4549,10.0,30010.90433,1755944476039,2025-08-23 10:21:16
LTC,2469.93,121.7482,300244.6908,-464.9574,10.0,30024.46908,1755945074945,2025-08-23 10:31:14
LTC,2505.14,121.7447,304349.4586,-638.2046,10.0,30434.94586,1755945251251,2025-08-23 10:34:11
LTC,3287.13,121.6865,399386.295,-613.1532,10.0,39938.6295,1755945309688,2025-08-23 10:35:09
LTC,3337.29,121.6792,404479.548,-1599.2922,10.0,40447.9548,1755950524628,2025-08-23 12:02:04
LTC,4112.21,121.5889,498029.7531,-1969.3911,10.0,49802.97531,1755950584119,2025-08-23 12:03:04
LTC,4937.83,121.5105,597724.3215,-2273.9171,10.0,59772.43215,1755950640913,2025-08-23 12:04:00
LTC,4904.0,121.5105,597601.44,1713.901933,10.0,59760.144,1755952933947,2025-08-23 12:42:13
LTC,4882.6,121.5105,594456.55,1169.336835,10.0,59445.655,1755952998665,2025-08-23 12:43:18
LTC,5706.32,121.4945,691948.3632,-1338.457965,10.0,69194.83632,1755953643300,2025-08-23 12:54:03
LTC,5707.09,121.4945,691642.2371,-1737.908065,10.0,69164.22371,1755954062434,2025-08-23 13:01:02
LTC,5862.59,121.4867,710663.1598,-1563.585365,10.0,71066.31598,1755954128655,2025-08-23 13:02:08
LTC,5898.43,121.4849,714948.7003,-1621.852865,10.0,71494.87003,1755954182332,2025-08-23 13:03:02
LTC,6066.4,121.477,735308.344,-1620.173165,10.0,73530.8344,1755954421739,2025-08-23 13:07:01
LTC,6531.4,121.4573,791344.424,-1942.093165,10.0,79134.4424,1755955505844,2025-08-23 13:25:05
LTC,6531.5,121.4573,790899.335,-2399.292165,10.0,79089.9335,1755956341012,2025-08-23 13:39:01
LTC,6682.18,121.4492,809546.107,-1999.868165,10.0,80954.6107,1755956409321,2025-08-23 13:40:09
LTC,7357.16,121.4172,890657.7896,-2628.263565,10.0,89065.77896,1755956466618,2025-08-23 13:41:06
LTC,7522.68,121.4045,908890.1976,-4397.292365,10.0,90889.01976,1755956580621,2025-08-23 13:43:00
LTC,8681.09,121.3352,1049283.3483,-4038.559565,10.0,104928.33483,1755956649419,2025-08-23 13:44:09
LTC,8846.58,121.327,1069109.193,-4220.329265,10.0,106910.9193,1755956700112,2025-08-23 13:45:00
LTC,8855.29,121.3265,1069984.6907,-4396.999565,10.0,106998.46907,1755957736610,2025-08-23 14:02:16
LTC,8855.49,121.3265,1069831.7469,-4574.103365,10.0,106983.17469,1755957850475,2025-08-23 14:04:10
LTC,9674.39,121.2819,1168279.3364,-5049.633865,10.0,116827.93364,1755957913886,2025-08-23 14:05:13
LTC,9748.89,121.277,1176593.5341,-5723.489265,10.0,117659.35341,1755957975936,2025-08-23 14:06:15
LTC,9748.99,121.277,1176410.6233,-5918.465065,10.0,117641.06233,1755958031050,2025-08-23 14:07:11
LTC,10079.97,121.2647,1218265.1742,-4079.470765,10.0,121826.51742,1755958390291,2025-08-23 14:13:10
LTC,10080.07,121.2647,1216765.2497,-5591.460265,10.0,121676.52497,1755958578780,2025-08-23 14:16:18
LTC,11165.86,121.2049,1347272.6676,-6084.561865,10.0,134727.26676,1755960077479,2025-08-23 14:41:17
LTC,11331.24,121.2016,1371080.04,-2284.861865,10.0,137108.004,1755964821070,2025-08-23 16:00:21
LTC,11662.02,121.1943,1409938.218,-3432.937665,10.0,140993.8218,1755964937376,2025-08-23 16:02:17
LTC,11992.94,121.1853,1449826.5166,-3542.107265,10.0,144982.65166,1755965004371,2025-08-23 16:03:24
LTC,12158.62,121.1794,1468153.365,-5221.310465,10.0,146815.3365,1755965116002,2025-08-23 16:05:16
LTC,12655.61,121.1621,1526393.1221,-6988.032865,10.0,152639.31221,1755965183066,2025-08-23 16:06:23
LTC,12987.18,121.15,1567812.3696,-5585.078165,10.0,156781.23696,1755965244407,2025-08-23 16:07:24
LTC,13152.85,121.1454,1587417.4665,-5991.075865,10.0,158741.74665,1755965300955,2025-08-23 16:08:20
LTC,13484.19,121.1365,1628350.7844,-5078.065365,10.0,162835.07844,1755965360931,2025-08-23 16:09:20
LTC,13649.8,121.1324,1646848.37,-6585.305465,10.0,164684.837,1755965424832,2025-08-23 16:10:24
LTC,13732.71,121.1295,1656988.7886,-6448.769365,10.0,165698.87886,1755965839531,2025-08-23 16:17:19
LTC,13764.3,121.1281,1658598.15,-8646.002965,10.0,165859.815,1756018452595,2025-08-24 06:54:12
LTC,13768.33,121.1279,1658946.0817,-8783.686265,10.0,165894.60817,1756018520856,2025-08-24 06:55:20
LTC,13769.03,121.1279,1659030.4247,-8783.693265,10.0,165903.04247,1756018578929,2025-08-24 06:56:18
LTC,14562.58,121.0937,1754645.2642,-8791.628765,10.0,175464.52642,1756018638398,2025-08-24 06:57:18
LTC,15397.67,121.0218,1843870.9825,-19583.025565,10.0,184387.09825,1756025179873,2025-08-24 08:46:19
LTC,15647.96,121.0035,1875408.006,-18050.449565,10.0,187540.8006,1756025470107,2025-08-24 08:51:10
LTC,15731.39,120.9976,1885721.7193,-17739.556565,10.0,188572.17193,1756025543345,2025-08-24 08:52:23
LTC,15981.43,120.9823,1918890.3001,-14580.524965,10.0,191889.03001,1756028369997,2025-08-24 09:39:29
LTC,16486.3,120.9176,1958407.577,-35076.342965,10.0,195840.7577,1756070478326,2025-08-24 21:21:18
LTC,16570.46,120.9069,1972878.9676,-30604.843565,10.0,197287.89676,1756070540233,2025-08-24 21:22:20
LTC,16822.85,120.8766,1999563.951,-33926.354765,10.0,199956.3951,1756070716608,2025-08-24 21:25:16
LTC,17075.65,120.8447,2028416.4635,-35086.582065,10.0,202841.64635,1756070832792,2025-08-24 21:27:12
LTC,17243.82,120.8268,2052876.771,-30639.886665,10.0,205287.6771,1756071254934,2025-08-24 21:34:14
LTC,17411.72,120.811,2077566.4304,-25961.387765,10.0,207756.64304,1756072041074,2025-08-24 21:47:21
LTC,17663.01,120.7913,2108433.5037,-25105.393265,10.0,210843.35037,1756072214030,2025-08-24 21:50:14
LTC,17915.61,120.7626,2128195.3119,-35341.788865,10.0,212819.53119,1756072694839,2025-08-24 21:58:14
LTC,18255.41,120.7058,2146471.1078,-57062.897465,10.0,214647.11078,1756074252199,2025-08-24 22:24:12
LTC,18345.16,120.6605,2041265.9532,-172271.105865,10.0,204126.59532,1756144939965,2025-08-25 18:02:19
LTC,18530.58,120.5327,2000561.4168,-232980.846465,10.0,200056.14168,1756160762413,2025-08-25 22:26:02
LTC,18804.65,120.3706,2056100.431,-207427.899765,10.0,205610.0431,1756178165222,2025-08-26 03:16:05
LTC,18804.65,120.3706,2151063.9135,-112464.417265,10.0,215106.39135,1756319037625,2025-08-27 18:23:57
LTC,17923.6,120.3706,2035224.78,-122250.971434,10.0,203522.478,1756323425020,2025-08-27 19:37:05
LTC,17759.26,120.3706,2016386.3804,-121307.655026,10.0,201638.63804,1756323686360,2025-08-27 19:41:26
LTC,17750.05,120.3706,2014985.676,-121599.745549,10.0,201498.5676,1756323725690,2025-08-27 19:42:05
LTC,17093.33,120.3706,1936503.3557,-121032.239045,10.0,193650.33557,1756324446783,2025-08-27 19:54:06
LTC,17003.84,120.3706,1926365.0336,-120398.589829,10.0,192636.50336,1756324511052,2025-08-27 19:55:11
LTC,16116.53,120.3706,1816171.7657,-123785.757998,10.0,181617.17657,1756325182705,2025-08-27 20:06:22
LTC,15230.8,120.3706,1719557.32,-113784.289625,10.0,171955.732,1756325462516,2025-08-27 20:11:02
LTC,15142.35,120.3706,1712145.5145,-110549.30931,10.0,171214.55145,1756325802573,2025-08-27 20:16:42
LTC,15137.38,120.3706,1714611.0326,-107485.548977,10.0,171461.10326,1756325844638,2025-08-27 20:17:24
LTC,15005.95,120.3706,1700024.0755,-106252.188839,10.0,170002.40755,1756325862172,2025-08-27 20:17:42
LTC,14594.6,120.3706,1657362.776,-99399.012983,10.0,165736.2776,1756325982673,2025-08-27 20:19:42
LTC,14125.36,120.3706,1603228.36,-97050.695509,10.0,160322.836,1756326010013,2025-08-27 20:20:10
LTC,13705.13,120.3706,1555669.3063,-94026.382303,10.0,155566.93063,1756326025489,2025-08-27 20:20:25
LTC,13244.31,120.3706,1506540.2625,-87686.213677,10.0,150654.02625,1756326043015,2025-08-27 20:20:43
LTC,13175.46,120.3706,1502002.44,-83936.515506,10.0,150200.244,1756327465019,2025-08-27 20:44:25
LTC,13119.22,120.3706,1495459.8878,-83709.421192,10.0,149545.98878,1756327485366,2025-08-27 20:44:45
LTC,13100.05,120.3706,1492095.695,-84766.108236,10.0,149209.5695,1756327506166,2025-08-27 20:45:06
LTC,12221.32,120.3706,1390664.0028,-80424.481059,10.0,139066.40028,1756327882589,2025-08-27 20:51:22
LTC,12157.62,120.3706,1382929.275,-80491.597142,10.0,138292.9275,1756328562281,2025-08-27 21:02:42
LTC,11342.28,120.3706,1290184.35,-75093.499572,10.0,129018.435,1756328605210,2025-08-27 21:03:25
LTC,10463.55,120.3706,1191693.7095,-67810.820694,10.0,119169.37095,1756328765676,2025-08-27 21:06:05
LTC,9730.62,120.3706,1110166.4358,-61114.818797,10.0,111016.64358,1756328802443,2025-08-27 21:06:42
LTC,9720.67,120.3706,1108350.7934,-61732.773024,10.0,110835.07934,1756329103476,2025-08-27 21:11:43
LTC,9707.84,120.3706,1093976.4896,-74562.721119,10.0,109397.64896,1756336398723,2025-08-27 23:13:18
LTC,9703.06,120.3706,1093243.7702,-74720.068713,10.0,109324.37702,1756336459020,2025-08-27 23:14:19
LTC,9653.15,120.3706,1087910.005,-74046.133738,10.0,108791.0005,1756336473613,2025-08-27 23:14:33
LTC,9645.8,120.3706,1086888.744,-74182.670308,10.0,108688.8744,1756336619303,2025-08-27 23:16:59
LTC,9643.6,120.3706,1086158.668,-74647.93083,10.0,108615.8668,1756336639541,2025-08-27 23:17:19
LTC,9640.41,120.3706,1086184.9947,-74237.62169,10.0,108618.49947,1756336699652,2025-08-27 23:18:19
LTC,9073.68,120.3706,1022512.9992,-69691.947036,10.0,102251.29992,1756336719572,2025-08-27 23:18:39
LTC,9073.08,120.3706,1022082.462,-70050.261833,10.0,102208.2462,1756336739544,2025-08-27 23:18:59
LTC,9066.68,120.3706,1021724.1692,-69638.182341,10.0,102172.41692,1756337216133,2025-08-27 23:26:56
LTC,8833.36,120.3706,995961.34,-67316.126676,10.0,99596.134,1756337453662,2025-08-27 23:30:53
LTC,8830.18,120.3706,991452.6104,-71442.077543,10.0,99145.26104,1756338071888,2025-08-27 23:41:11
LTC,7942.89,120.3706,892383.6915,-63707.304128,10.0,89238.36915,1756339478972,2025-08-28 00:04:38
LTC,7881.06,120.3706,888904.7574,-59743.719664,10.0,88890.47574,1756345165662,2025-08-28 01:39:25
LTC,7737.87,120.3706,872754.3573,-58658.243442,10.0,87275.43573,1756345270853,2025-08-28 01:41:10
LTC,7504.62,120.3706,846521.136,-56815.005826,10.0,84652.1136,1756345285601,2025-08-28 01:41:25
LTC,7056.37,120.3706,796029.0997,-53350.889036,10.0,79602.90997,1756345304686,2025-08-28 01:41:44
LTC,6466.4,120.3706,729668.576,-48696.328209,10.0,72966.8576,1756350521115,2025-08-28 03:08:41
LTC,6462.4,120.3706,729281.84,-48601.581525,10.0,72928.184,1756350665083,2025-08-28 03:11:05
LTC,6366.78,120.3706,718236.4518,-48137.126204,10.0,71823.64518,1756350700219,2025-08-28 03:11:40
LTC,6332.07,120.3706,714510.7788,-47684.733227,10.0,71451.07788,1756350726022,2025-08-28 03:12:06
LTC,6170.24,120.3706,696990.3104,-45725.616003,10.0,69699.03104,1756350747091,2025-08-28 03:12:27
LTC,6067.42,120.3706,692292.622,-38046.79205,10.0,69229.2622,1756356622468,2025-08-28 04:50:22
LTC,5981.2,120.3706,682275.484,-37685.570831,10.0,68227.5484,1756356636971,2025-08-28 04:50:36
LTC,5675.05,120.3706,647125.9515,-35983.622531,10.0,64712.59515,1756356662116,2025-08-28 04:51:02
LTC,5673.05,120.3706,646954.622,-35914.210689,10.0,64695.4622,1756356756939,2025-08-28 04:52:36
LTC,5654.16,120.3706,645083.1144,-35511.916321,10.0,64508.31144,1756356794858,2025-08-28 04:53:14
LTC,5610.31,120.3706,640136.371,-35180.405814,10.0,64013.6371,1756356819543,2025-08-28 04:53:39
LTC,5581.31,120.3706,636548.4055,-35277.621866,10.0,63654.84055,1756357364535,2025-08-28 05:02:44
LTC,5580.31,120.3706,636713.371,-34992.285695,10.0,63671.3371,1756357383942,2025-08-28 05:03:03
LTC,5303.77,120.3706,605160.157,-33258.194449,10.0,60516.0157,1756357403260,2025-08-28 05:03:23
LTC,5260.19,120.3706,603606.8025,-29565.795125,10.0,60360.68025,1758137953182,2025-09-17 19:39:13
LTC,5250.19,120.3706,602459.3025,-29509.588419,10.0,60245.93025,1758137964370,2025-09-17 19:39:24
LTC,5075.69,120.3706,582587.6982,-28376.510699,10.0,58258.76982,1758138035038,2025-09-17 19:40:35
LTC,4658.23,120.3706,534764.804,-25949.464751,10.0,53476.4804,1758138039821,2025-09-17 19:40:39
LTC,4582.53,120.3706,525982.7934,-25619.415586,10.0,52598.27934,1758138044495,2025-09-17 19:40:44
LTC,4517.22,120.3706,518486.5116,-25254.28889,10.0,51848.65116,1758138049625,2025-09-17 19:40:49
LTC,4507.22,120.3706,517248.5672,-25288.526584,10.0,51724.85672,1758138054210,2025-09-17 19:40:54
LTC,4324.06,120.3706,496315.6068,-24174.394956,10.0,49631.56068,1758138059695,2025-09-17 19:40:59
LTC,4256.68,120.3706,488539.1636,-23840.262371,10.0,48853.91636,1758138064732,2025-09-17 19:41:04
LTC,3974.63,120.3706,456208.0314,-22220.84693,10.0,45620.80314,1758138069689,2025-09-17 19:41:09
LTC,3904.92,120.3706,448206.7176,-21831.121283,10.0,44820.67176,1758138075464,2025-09-17 19:41:15
LTC,3673.2,120.3706,421609.896,-20535.651096,10.0,42160.9896,1758138079697,2025-09-17 19:41:19
LTC,3624.5,120.3706,415947.62,-20335.875437,10.0,41594.762,1758138084865,2025-09-17 19:41:24
LTC,3613.11,120.3706,414676.6347,-20235.838798,10.0,41467.66347,1758138089617,2025-09-17 19:41:29
LTC,3566.63,120.3706,409342.1251,-19975.519628,10.0,40934.21251,1758138094511,2025-09-17 19:41:34
LTC,3303.22,120.3706,379143.5916,-18467.214789,10.0,37914.35916,1758138101163,2025-09-17 19:41:41
LTC,3271.62,120.3706,375516.5436,-18290.549597,10.0,37551.65436,1758138109956,2025-09-17 19:41:49
LTC,3244.36,120.3706,372387.6408,-18138.147915,10.0,37238.76408,1758138115445,2025-09-17 19:41:55
LTC,3231.24,120.3706,370849.4148,-18097.110716,10.0,37084.94148,1758138120643,2025-09-17 19:42:00
LTC,3155.17,120.3706,362118.8609,-17671.067704,10.0,36211.88609,1758138124586,2025-09-17 19:42:04
LTC,3123.87,120.3706,358495.3212,-17527.005414,10.0,35849.53212,1758138134619,2025-09-17 19:42:14
LTC,2599.32,120.3706,298375.9428,-14505.948566,10.0,29837.59428,1758138144352,2025-09-17 19:42:24
LTC,2567.58,120.3706,295323.0516,-13738.274682,10.0,29532.30516,1758138309775,2025-09-17 19:45:09
LTC,2551.78,120.3706,293429.1822,-13730.287487,10.0,29342.91822,1758138319659,2025-09-17 19:45:19
LTC,2541.78,120.3706,292279.2822,-13676.480781,10.0,29227.92822,1758138329588,2025-09-17 19:45:29
LTC,2536.79,120.3706,291730.85,-13624.263334,10.0,29173.085,1758138495702,2025-09-17 19:48:15
LTC,2515.94,120.3706,289307.9406,-13537.444252,10.0,28930.79406,1758138905611,2025-09-17 19:55:05
LTC,2277.07,120.3706,261954.1328,-12138.309973,10.0,26195.41328,1758138910700,2025-09-17 19:55:10
LTC,2141.31,120.3706,246336.3024,-11414.618137,10.0,24633.63024,1758138915560,2025-09-17 19:55:15
LTC,2082.0,120.3706,239450.82,-11160.916064,10.0,23945.082,1758139221865,2025-09-17 20:00:21
LTC,1950.33,120.3706,224307.4533,-10455.076571,10.0,22430.74533,1758139229359,2025-09-17 20:00:29
LTC,1942.02,120.3706,223332.3,-10429.949598,10.0,22333.23,1758139240195,2025-09-17 20:00:40
LTC,1938.62,120.3706,222941.3,-10411.689318,10.0,22294.13,1758139268643,2025-09-17 20:01:08
LTC,1905.4,120.3706,219178.162,-10176.113641,10.0,21917.8162,1758139273962,2025-09-17 20:01:13
LTC,1782.98,120.3706,205096.1894,-9522.308751,10.0,20509.61894,1758139278725,2025-09-17 20:01:18
LTC,1780.88,120.3706,204872.4352,-9493.284542,10.0,20487.24352,1758139283639,2025-09-17 20:01:23
LTC,1773.02,120.3706,203932.7604,-9486.845871,10.0,20393.27604,1758139288655,2025-09-17 20:01:28
LTC,1742.93,120.3706,200454.3793,-9343.27349,10.0,20045.43793,1758139363793,2025-09-17 20:02:43
LTC,1192.62,120.3706,137151.3,-6405.169088,10.0,13715.13,1758139373563,2025-09-17 20:02:53
LTC,920.79,120.3706,105890.85,-4945.259716,10.0,10589.085,1758139383634,2025-09-17 20:03:03
LTC,918.66,120.3706,105655.0866,-4924.633587,10.0,10565.50866,1758139388604,2025-09-17 20:03:08
LTC,727.11,120.3706,83639.4633,-3883.25494,10.0,8363.94633,1758139393716,2025-09-17 20:03:13
LTC,439.19,120.3706,50520.0257,-2345.569082,10.0,5052.00257,1758139398792,2025-09-17 20:03:18
LTC,388.5,120.3706,44685.27,-2078.735491,10.0,4468.527,1758139408776,2025-09-17 20:03:28
LTC,90.36,120.3706,10394.1108,-482.582983,10.0,1039.41108,1758139413565,2025-09-17 20:03:33
LTC,90.26,120.3706,10381.7052,-482.951515,10.0,1038.17052,1758139423600,2025-09-17 20:03:43
LTC,11.79,120.3706,1356.0858,-63.084404,10.0,135.60858,1758139428350,2025-09-17 20:03:48
WLFI,83.0,0.387,32.38743,0.26643,3.0,10.972274,1755952637373,2025-08-23 12:37:17
WLFI,103693.0,0.385748,40028.60879,29.21979,3.0,13360.909487,1755953179674,2025-08-23 12:46:19
WLFI,145939.0,0.384084,56133.97696,81.10796,3.0,18763.379732,1755953237353,2025-08-23 12:47:17
WLFI,10385.0,0.38,3961.2544,14.9544,3.0,1330.245667,1755953708249,2025-08-23 12:55:08
WLFI,41.0,0.35232,14.49555,0.05043,3.0,4.868776,1755971529748,2025-08-23 17:52:09
WLFI,261.0,0.35232,92.8377,0.88218,3.0,31.539555,1755973885604,2025-08-23 18:31:25
WLFI,28383.0,0.35232,9888.92103,-110.97753,3.0,3221.970841,1755973944595,2025-08-23 18:32:24
WLFI,57622.0,0.347053,19713.06242,-284.85538,3.0,6378.066606,1755974055449,2025-08-23 18:34:15
WLFI,86947.0,0.345011,29688.92262,-308.82018,3.0,9687.016814,1755974115047,2025-08-23 18:35:15
WLFI,116272.0,0.343999,39556.89712,-440.67068,3.0,12888.081322,1755974296091,2025-08-23 18:38:16
WLFI,145857.0,0.342782,49645.34709,-351.95071,3.0,16309.684636,1755974358083,2025-08-23 18:39:18
WLFI,175530.0,0.341805,59201.0031,-796.0957,3.0,19198.446655,1755974540493,2025-08-23 18:42:20
WLFI,235500.0,0.339621,78525.12,-1455.65084,3.0,25197.059901,1755974591884,2025-08-23 18:43:11
WLFI,296106.0,0.337651,98129.5284,-1851.22244,3.0,31467.428305,1755974653092,2025-08-23 18:44:13
WLFI,357080.0,0.335758,116333.0932,-3559.49653,3.0,36393.397589,1755974723559,2025-08-23 18:45:23
WLFI,387676.0,0.335044,126076.11196,-3812.60584,3.0,39471.477798,1755975437462,2025-08-23 18:57:17
WLFI,479088.0,0.333629,158099.04,-1738.98567,3.0,51635.838721,1755977602944,2025-08-23 19:33:22
WLFI,509537.0,0.333325,167749.77114,-2092.15734,3.0,54617.973729,1755977775656,2025-08-23 19:36:15
WLFI,540045.0,0.333011,176924.14245,-2917.01487,3.0,57124.963215,1755977957422,2025-08-23 19:39:17
WLFI,601164.0,0.332338,196754.96556,-3034.86019,3.0,63651.2879,1755978022753,2025-08-23 19:40:22
WLFI,693200.0,0.331076,225338.524,-4163.41333,3.0,72418.749687,1755978502152,2025-08-23 19:48:22
WLFI,786006.0,0.330102,253856.35782,-5606.33717,3.0,80958.756426,1755978550167,2025-08-23 19:49:10
WLFI,910339.0,0.328446,289169.18335,-9828.30238,3.0,89904.380406,1755978618469,2025-08-23 19:50:18
WLFI,1005557.0,0.326834,312667.89358,-15982.76261,3.0,93626.303978,1755978676937,2025-08-23 19:51:16
WLFI,1167204.0,0.323902,362300.1216,-15760.1172,3.0,110318.793874,1755978740875,2025-08-23 19:52:20
WLFI,1199534.0,0.32355,372191.40952,-15918.28802,3.0,113877.308639,1755979386600,2025-08-23 20:03:06
WLFI,1265300.0,0.32248,385081.402,-22952.8116,3.0,113478.910795,1755980982664,2025-08-23 20:29:42
WLFI,1331230.0,0.321517,403775.3713,-24238.70536,3.0,118847.576826,1755981064749,2025-08-23 20:31:04
WLFI,1397431.0,0.320569,422806.72336,-25166.63432,3.0,124570.512949,1755981186311,2025-08-23 20:33:06
WLFI,1430718.0,0.320081,424994.7819,-32951.15516,3.0,120107.49264,1755981303962,2025-08-23 20:35:03
WLFI,1464483.0,0.319476,432622.92303,-35245.05707,3.0,121118.259459,1755981364094,2025-08-23 20:36:04
WLFI,1533024.0,0.318334,447872.9616,-40141.76166,3.0,123583.663376,1755983107356,2025-08-23 21:05:07
WLFI,1635745.0,0.3167,477653.89745,-40388.15343,3.0,133365.640399,1755983164460,2025-08-23 21:06:04
WLFI,1635883.0,0.316698,476941.68865,-41140.42363,3.0,132626.722557,1755983760915,2025-08-23 21:16:00
WLFI,1657994.0,0.316346,486190.16056,-38310.77502,3.0,137595.747857,1755984186133,2025-08-23 21:23:06
WLFI,1704639.0,0.315633,491924.72262,-46117.25646,3.0,134302.460106,1755984306093,2025-08-23 21:25:06
WLFI,1982792.0,0.311333,564262.94736,-53047.10172,3.0,153773.902474,1755984367319,2025-08-23 21:26:07
WLFI,2194894.0,0.308569,628420.10114,-48857.99604,3.0,177984.843773,1755984455541,2025-08-23 21:27:35
WLFI,2442213.0,0.305825,687995.82423,-58894.63864,3.0,191995.210811,1755988878591,2025-08-23 22:41:18
WLFI,2513328.0,0.305119,705868.1688,-60997.48606,3.0,196550.238627,1755988940568,2025-08-23 22:42:20
WLFI,2656772.0,0.30343,725883.24584,-80263.08192,3.0,190367.594624,1755989063343,2025-08-23 22:44:23
WLFI,2730020.0,0.302594,748298.482,-77790.9044,3.0,199507.566761,1755989121180,2025-08-23 22:45:21
WLFI,2801669.0,0.301997,783122.51888,-62974.61158,3.0,220999.652044,1755989839908,2025-08-23 22:57:19
WLFI,2838513.0,0.301552,761516.26764,-94445.12161,3.0,193890.763862,1755990149450,2025-08-23 23:02:29
WLFI,2913961.0,0.300528,765614.11314,-110113.90178,3.0,234805.521928,1755990202102,2025-08-23 23:03:22
WLFI,2989713.0,0.299604,788955.36357,-106776.97809,3.0,244822.689707,1755990253556,2025-08-23 23:04:13
WLFI,3027505.0,0.29915,803590.65215,-102089.48541,3.0,252823.428449,1755990378386,2025-08-23 23:06:18
WLFI,3064098.0,0.298826,840022.4667,-75610.96352,3.0,282617.027171,1755990979960,2025-08-23 23:16:19
WLFI,2410996.0,0.298826,717174.87016,-3294.428697,3.0,278572.367788,1755993560962,2025-08-23 23:59:20
WLFI,2298074.0,0.298826,684757.10978,-1968.112279,3.0,267528.876127,1755993620173,2025-08-24 00:00:20
WLFI,2181953.0,0.298826,658273.40057,6248.201026,3.0,262126.35747,1755993844546,2025-08-24 00:04:04
WLFI,1856341.0,0.298826,560819.17951,6095.447639,3.0,223785.754286,1755993858698,2025-08-24 00:04:18
WLFI,1725452.0,0.298826,519533.5972,3922.956384,3.0,206262.739817,1755993918570,2025-08-24 00:05:18
WLFI,1828271.0,0.298434,537712.78381,-7905.886506,3.0,204443.646921,1755994460230,2025-08-24 00:14:20
WLFI,1862387.0,0.298362,548063.24636,-7603.016946,3.0,208119.444222,1755994823324,2025-08-24 00:20:23
WLFI,1896523.0,0.298261,555851.92607,-9807.158236,3.0,209243.545206,1755995060900,2025-08-24 00:24:20
WLFI,1931022.0,0.298131,562796.3619,-12902.438756,3.0,209516.843606,1755995436265,2025-08-24 00:30:36
WLFI,1546039.0,0.298131,471078.0833,10154.904787,3.0,188963.714727,1756001065556,2025-08-24 02:04:25
WLFI,1413387.0,0.298131,429245.6319,7870.2148,3.0,171335.619914,1756001130372,2025-08-24 02:05:30
WLFI,1452227.0,0.297042,373919.40796,-57454.20112,3.0,111036.547742,1756024814732,2025-08-24 08:40:14
WLFI,1568428.0,0.294197,405156.32096,-56271.34858,3.0,122262.764961,1756024937220,2025-08-24 08:42:17
WLFI,1645751.0,0.292557,426331.79655,-55145.74562,3.0,130093.3212,1756025056166,2025-08-24 08:44:16
WLFI,1722837.0,0.291134,447351.85542,-54225.75847,3.0,137771.305585,1756025114394,2025-08-24 08:45:14
WLFI,1878062.0,0.288326,483657.30686,-57838.31344,3.0,147460.849632,1756025297142,2025-08-24 08:48:17
WLFI,1916788.0,0.287759,496601.43504,-54972.17022,3.0,153733.63956,1756025354987,2025-08-24 08:49:14
WLFI,1955169.0,0.287205,509301.97281,-52232.76208,3.0,159790.734741,1756025836862,2025-08-24 08:57:16
WLFI,1993505.0,0.28668,516915.8465,-54582.66725,3.0,160759.398971,1756025953172,2025-08-24 08:59:13
WLFI,2265038.0,0.283045,580506.58902,-60602.15533,3.0,178433.35638,1756026018406,2025-08-24 09:00:18
WLFI,2382199.0,0.281675,608080.11674,-62927.23624,3.0,186066.405726,1756026078463,2025-08-24 09:01:18
WLFI,2421488.0,0.281241,620966.38272,-60056.77292,3.0,192284.195702,1756026141057,2025-08-24 09:02:21
WLFI,2460630.0,0.28082,627288.4059,-63706.03162,3.0,191956.005383,1756026192597,2025-08-24 09:03:12
WLFI,2578569.0,0.279577,654028.24116,-66881.98319,3.0,198743.905499,1756026256078,2025-08-24 09:04:16
WLFI,2618157.0,0.279161,666347.13807,-64540.56186,3.0,204408.458106,1756026380061,2025-08-24 09:06:20
WLFI,2657277.0,0.27882,679332.86505,-61570.82489,3.0,210725.69357,1756026979258,2025-08-24 09:16:19
WLFI,2775778.0,0.27767,701133.76502,-69617.70074,3.0,212620.01743,1756027097745,2025-08-24 09:18:17
WLFI,2854775.0,0.276963,719974.255,-70695.29257,3.0,218176.408325,1756027218420,2025-08-24 09:20:18
WLFI,3054629.0,0.275167,759319.67682,-81215.03934,3.0,224291.229371,1756027454884,2025-08-24 09:24:14
WLFI,3175446.0,0.274145,791765.70564,-78767.99576,3.0,236740.892443,1756027517064,2025-08-24 09:25:17
WLFI,3215358.0,0.273855,805800.86838,-74741.67836,3.0,244108.053223,1756029494790,2025-08-24 09:58:14
WLFI,3295410.0,0.273234,816240.1029,-84177.98685,3.0,241948.398048,1756029741203,2025-08-24 10:02:21
WLFI,3335747.0,0.272913,825397.23768,-84974.15464,3.0,244467.310391,1756030097557,2025-08-24 10:08:17
WLFI,3376318.0,0.272597,834929.67822,-85444.89059,3.0,247332.350128,1756031297510,2025-08-24 10:28:17
WLFI,3457436.0,0.271965,851981.37912,-88321.17407,3.0,251093.347559,1756031467262,2025-08-24 10:31:07
WLFI,3579419.0,0.271048,879713.80763,-90482.49533,3.0,258888.538247,1756031654848,2025-08-24 10:34:14
WLFI,3620205.0,0.270747,886262.38605,-93898.62493,3.0,258791.287517,1756031718498,2025-08-24 10:35:18
WLFI,3742938.0,0.269878,914062.88898,-96074.99467,3.0,266628.116884,1756031833720,2025-08-24 10:37:13
WLFI,3866999.0,0.268965,937901.93746,-102188.92324,3.0,300495.147588,1756031960429,2025-08-24 10:39:20
WLFI,3908012.0,0.268703,955548.01412,-94548.43805,3.0,311474.23684,1756032261345,2025-08-24 10:44:21
WLFI,3949196.0,0.268429,957877.4898,-102202.69519,3.0,307960.235219,1756033222168,2025-08-24 11:00:22
WLFI,3990521.0,0.268155,964868.07259,-105213.00073,3.0,308286.803271,1756033345715,2025-08-24 11:02:25
WLFI,4297621.0,0.265292,981017.94567,-159109.28558,3.0,310009.481741,1756050737105,2025-08-24 15:52:17
WLFI,4429014.0,0.264164,1005076.14702,-164913.54545,3.0,314151.31275,1756050864825,2025-08-24 15:54:24
WLFI,4473250.0,0.263786,1011088.6975,-168893.90528,3.0,313499.224939,1756050923214,2025-08-24 15:55:23
WLFI,4605857.0,0.262697,1042397.55624,-167549.01324,3.0,324826.990025,1756050987362,2025-08-24 15:56:27
WLFI,4694297.0,0.261999,1059080.34617,-170822.80479,3.0,328200.004029,1756051153328,2025-08-24 15:59:13
WLFI,4828654.0,0.2609,1076355.26314,-183442.41351,3.0,366265.787469,1756051695645,2025-08-24 16:08:15
WLFI,4960294.0,0.260043,1133575.98782,-156314.18313,3.0,424208.22985,1756055054934,2025-08-24 17:04:14
WLFI,5144835.0,0.258423,1111078.5666,-218465.74193,3.0,377330.854001,1756071313753,2025-08-24 21:35:13
WLFI,5237858.0,0.257637,1117392.24714,-232078.53927,3.0,390354.835806,1756071432768,2025-08-24 21:37:12
WLFI,5331342.0,0.256874,1140160.80012,-229323.07671,3.0,399785.356928,1756071620497,2025-08-24 21:40:20
WLFI,5424804.0,0.256142,1164054.44232,-225466.50288,3.0,410340.300204,1756071678871,2025-08-24 21:41:18
WLFI,5561129.0,0.255263,1223003.48968,-196547.77046,3.0,450573.742266,1756115715472,2025-08-25 09:55:15
WLFI,5652155.0,0.254691,1244943.6603,-194612.03486,3.0,459184.672199,1756115778389,2025-08-25 09:56:18
WLFI,5744829.0,0.254068,1241457.5469,-218121.12104,3.0,442498.213436,1756119495159,2025-08-25 10:58:15
WLFI,5791183.0,0.253762,1247652.46552,-221933.02602,3.0,442024.106961,1756119567641,2025-08-25 10:59:27
WLFI,5884245.0,0.253142,1266348.36645,-223205.96998,3.0,447677.999316,1756119690534,2025-08-25 11:01:30
WLFI,5930361.0,0.252854,1282618.47708,-216898.19728,3.0,457303.861498,1756120279549,2025-08-25 11:11:19
WLFI,6023030.0,0.252277,1298083.4256,-221393.7364,3.0,459456.428938,1756120699561,2025-08-25 11:18:19
WLFI,6069522.0,0.25199,1303126.3734,-226336.45632,3.0,457839.568798,1756120757344,2025-08-25 11:19:17
WLFI,6162705.0,0.25143,1330466.38245,-219023.94831,3.0,471845.909363,1756120944652,2025-08-25 11:22:24
WLFI,6208325.0,0.251174,1345654.44375,-213717.64215,3.0,480443.465835,1756121362394,2025-08-25 11:29:22
WLFI,6253945.0,0.250913,1348725.7787,-220471.8009,3.0,476961.818769,1756121422284,2025-08-25 11:30:22
WLFI,6299974.0,0.250669,1365708.36372,-213503.85482,3.0,487274.859479,1756122199198,2025-08-25 11:43:19
WLFI,6346259.0,0.250414,1377518.97854,-211677.42746,3.0,492426.653596,1756122679751,2025-08-25 11:51:19
WLFI,6392310.0,0.250171,1386300.2697,-212874.72546,3.0,494910.217949,1756123634331,2025-08-25 12:07:14
WLFI,6484884.0,0.249689,1402031.9208,-217174.14753,3.0,497907.446673,1756137619838,2025-08-25 16:00:19
WLFI,6529979.0,0.249495,1448153.44283,-181045.46029,3.0,537373.038952,1756151102490,2025-08-25 19:45:02
WLFI,6616876.0,0.249246,1525653.09932,-123577.4691,3.0,600277.827931,1756171027731,2025-08-26 01:17:07
WLFI,6660519.0,0.249102,1518931.35795,-140217.59019,3.0,586941.155457,1756171205457,2025-08-26 01:20:05
WLFI,6420423.0,0.249102,1581478.59336,-17861.94858,3.0,682983.613287,1756174084640,2025-08-26 02:08:04
WLFI,6099402.0,0.249102,1515030.46278,-4343.089427,3.0,661457.458503,1756174145520,2025-08-26 02:09:05
WLFI,5429843.0,0.249102,1358546.7186,5961.687015,3.0,598668.659563,1756174205255,2025-08-26 02:10:05
WLFI,5158351.0,0.249102,1285615.81973,660.002363,3.0,563729.290829,1756174562422,2025-08-26 02:16:02
WLFI,3681955.0,0.249102,927042.6299,9860.085239,3.0,411757.085945,1756174625849,2025-08-26 02:17:05
WLFI,3448773.0,0.249102,867469.87269,8373.44266,3.0,384815.85051,1756174745900,2025-08-26 02:19:05
WLFI,2910595.0,0.249102,735158.0851,10122.899036,3.0,327813.980237,1756174806732,2025-08-26 02:20:06
WLFI,2595413.0,0.249102,658819.63592,12296.932714,3.0,295583.229063,1756174866304,2025-08-26 02:21:06
WLFI,1555239.0,0.249102,397052.5167,9639.290994,3.0,179383.688361,1756174925393,2025-08-26 02:22:05
WLFI,1482227.0,0.249102,376722.81432,7497.02761,3.0,169271.981529,1756174985099,2025-08-26 02:23:05
WLFI,1467405.0,0.249102,369551.2752,4017.6791,3.0,164173.918188,1756175045852,2025-08-26 02:24:05
WLFI,1548634.0,0.248898,381645.36296,-3807.64118,3.0,162983.022354,1756175285960,2025-08-26 02:28:05
WLFI,1671266.0,0.248475,407571.63942,-7696.84708,3.0,169024.260395,1756175346452,2025-08-26 02:29:06
WLFI,1712296.0,0.248353,417166.67448,-8087.26667,3.0,171959.629617,1756175405994,2025-08-26 02:30:05
WLFI,1753341.0,0.248242,429831.54615,-5422.20525,3.0,177956.857939,1756175467656,2025-08-26 02:31:07
WLFI,1694645.0,0.248242,423932.3932,3249.483521,3.0,180489.113389,1756177027658,2025-08-26 02:57:07
WLFI,1609913.0,0.248242,404265.25343,4616.427177,3.0,172993.362998,1756177147432,2025-08-26 02:59:07
WLFI,1458757.0,0.248242,368890.47016,6764.987087,3.0,159200.12814,1756177265541,2025-08-26 03:01:05
WLFI,1417224.0,0.248242,359946.55152,8131.324168,3.0,156226.034876,1756177327151,2025-08-26 03:02:07
WLFI,1334477.0,0.248242,338797.02076,7523.11548,3.0,146970.336576,1756177387549,2025-08-26 03:03:07
WLFI,1216213.0,0.248242,310389.71973,8473.965358,3.0,135562.066734,1756177447080,2025-08-26 03:04:07
WLFI,1131079.0,0.248242,286536.24307,5754.365609,3.0,123943.179563,1756177742425,2025-08-26 03:09:02
WLFI,1055147.0,0.248242,266635.6469,4703.31887,3.0,114957.18149,1756177867610,2025-08-26 03:11:07
WLFI,938797.0,0.248242,238538.92973,5489.616455,3.0,103584.911203,1756177926213,2025-08-26 03:12:06
WLFI,40577.0,0.247327,10035.90941,0.09685,3.0,3363.964026,1756205468351,2025-08-26 10:51:08
WLFI,81393.0,0.24616,19947.79644,-87.93612,3.0,6608.10534,1756208831060,2025-08-26 11:47:11
WLFI,122460.0,0.245268,29915.7534,-119.79366,3.0,9909.159307,1756209066567,2025-08-26 11:51:06
WLFI,163919.0,0.244239,39712.65613,-322.80173,3.0,13039.094843,1756209130947,2025-08-26 11:52:10
WLFI,205550.0,0.243421,49397.776,-637.44806,3.0,16056.839441,1756209797216,2025-08-26 12:03:17
WLFI,247216.0,0.242803,59235.42576,-789.54799,3.0,19232.266337,1756209905204,2025-08-26 12:05:05
WLFI,288882.0,0.242394,69453.01044,-570.28831,3.0,22783.091431,1756210027511,2025-08-26 12:07:07
WLFI,295333.0,0.242315,70596.40032,-967.26821,3.0,22899.512672,1756213026557,2025-08-26 12:57:06
WLFI,297234.0,0.242292,71208.34938,-809.23993,3.0,23208.831537,1756213082366,2025-08-26 12:58:02
WLFI,330761.0,0.241936,79180.87579,-842.29058,3.0,25844.018376,1756213145541,2025-08-26 12:59:05
WLFI,372866.0,0.241435,89014.30018,-1008.80369,3.0,29010.167356,1756216205574,2025-08-26 13:50:05
WLFI,414824.0,0.241145,98777.89088,-1255.11242,3.0,32115.1089,1756221241264,2025-08-26 15:14:01
WLFI,125942.0,0.241145,31488.01884,1117.653336,3.0,11249.289807,1756227840460,2025-08-26 17:04:00
WLFI,1.0,0.241145,0.25123,0.010085,3.0,0.090502,1756228259664,2025-08-26 17:10:59
WLFI,1.0,0.241145,0.29813,0.056985,3.0,0.135663,1756319037625,2025-08-27 18:23:57
WLFI,32842.0,0.30452,9948.82706,-52.23467,3.0,3285.921197,1756724318553,2025-09-01 10:58:38
WLFI,131787.0,0.303692,40056.65865,33.99259,3.0,13388.803231,1756724356506,2025-09-01 10:59:16
WLFI,231603.0,0.302612,69839.88465,-246.05005,3.0,23138.523249,1756724481276,2025-09-01 11:01:21
WLFI,264938.0,0.302459,79597.97272,-535.0007,3.0,26217.120356,1756724516394,2025-09-01 11:01:56
WLFI,298378.0,0.302136,89277.68138,-873.21497,3.0,29217.590914,1756724588723,2025-09-01 11:03:08
WLFI,365274.0,0.301599,109078.12188,-1088.38919,3.0,35700.984419,1756724624528,2025-09-01 11:03:44
WLFI,538287.0,0.297174,153707.85285,-6257.29026,3.0,47137.556151,1756724793964,2025-09-01 11:06:33
WLFI,643025.0,0.295426,184194.51125,-5772.34843,3.0,57632.367101,1756724809014,2025-09-01 11:06:49
WLFI,712692.0,0.294606,205718.5458,-4245.50395,3.0,65838.123092,1756724827933,2025-09-01 11:07:07
WLFI,747384.0,0.294393,216741.36,-3283.31975,3.0,70182.323722,1756724846930,2025-09-01 11:07:26
WLFI,815917.0,0.294185,238908.65677,-1122.44859,3.0,79006.601684,1756725272659,2025-09-01 11:14:32
WLFI,885001.0,0.293726,254296.18734,-5651.83148,3.0,81120.471245,1756725386069,2025-09-01 11:16:26
WLFI,919723.0,0.293585,266967.99521,-3048.96137,3.0,87106.038466,1756725404937,2025-09-01 11:16:44
WLFI,788873.0,0.293585,233388.07705,1786.729049,3.0,79114.074128,1756725942018,2025-09-01 11:25:42
WLFI,776955.0,0.293585,230483.70075,2381.299812,3.0,78540.286097,1756726038079,2025-09-01 11:27:18
WLFI,275410.0,0.293585,81708.6388,852.370109,3.0,27846.587997,1756726076477,2025-09-01 11:27:56
WLFI,309774.0,0.293298,90423.0306,-433.162091,3.0,29894.0038,1756726333008,2025-09-01 11:32:13
WLFI,344197.0,0.293018,99848.10773,-1007.966461,3.0,32652.133269,1756726468180,2025-09-01 11:34:28
WLFI,378679.0,0.292743,109248.8915,-1606.962691,3.0,35386.037047,1756726487440,2025-09-01 11:34:47
WLFI,449018.0,0.290906,125545.4328,-5076.982901,3.0,38499.533705,1756726564008,2025-09-01 11:36:04
WLFI,591705.0,0.288397,165860.82855,-4785.571031,3.0,52167.206014,1756726583971,2025-09-01 11:36:23
WLFI,627379.0,0.28802,177215.74613,-3482.315351,3.0,56830.534653,1756726603477,2025-09-01 11:36:43
WLFI,662780.0,0.287695,186678.6148,-4000.220751,3.0,59636.859139,1756726622058,2025-09-01 11:37:02
WLFI,698453.0,0.287271,195098.87649,-5546.810051,3.0,61409.862454,1756726641686,2025-09-01 11:37:21
WLFI,806304.0,0.285742,223241.38848,-7154.166761,3.0,69726.456038,1756726664048,2025-09-01 11:37:44
WLFI,842860.0,0.285357,228246.488,-12270.326961,3.0,67981.560045,1756726680837,2025-09-01 11:38:00
WLFI,1200949.0,0.285154,348095.06765,5639.081909,3.0,141080.043738,1756728088617,2025-09-01 12:01:28
WLFI,561749.0,0.285154,165710.33751,5525.094424,3.0,68873.766572,1756728308850,2025-09-01 12:05:08
WLFI,1.0,0.285154,0.3057,0.020546,3.0,0.133293,1756728345750,2025-09-01 12:05:45
WLFI,34525.0,0.290585,9983.249,-49.203554,3.0,3313.783509,1756729173161,2025-09-01 12:19:33
WLFI,76072.0,0.263929,19992.48232,-85.13711,3.0,6650.13726,1756735900792,2025-09-01 14:11:40
WLFI,114024.0,0.265183,30430.72512,193.47835,3.0,10348.397924,1756735938841,2025-09-01 14:12:18
WLFI,190964.0,0.263396,49769.03768,-530.19796,3.0,16344.514269,1756736332106,2025-09-01 14:18:52
WLFI,229719.0,0.262471,59182.50597,-1112.18924,3.0,19093.816019,1756736768454,2025-09-01 14:26:08
WLFI,268644.0,0.261667,69847.44,-447.84408,3.0,23094.94439,1756736888480,2025-09-01 14:28:08
WLFI,307456.0,0.26115,78850.16576,-1442.22527,3.0,25434.831732,1756737080798,2025-09-01 14:31:20
WLFI,346903.0,0.26028,87971.13177,-2321.07376,3.0,27888.894749,1756737134506,2025-09-01 14:32:14
WLFI,426031.0,0.258882,107287.38673,-3004.4013,3.0,33871.374726,1756737153628,2025-09-01 14:32:33
WLFI,466135.0,0.258145,116477.8138,-3852.6966,3.0,36386.855181,1756737275198,2025-09-01 14:34:35
WLFI,20965.0,0.258145,5541.4688,129.454792,3.0,1938.811353,1756737859048,2025-09-01 14:44:19
WLFI,1.0,0.258145,0.26439,0.006245,3.0,0.09253,1756737877625,2025-09-01 14:44:37
WLFI,47333.0,0.211821,10014.71614,-11.418745,3.0,3335.500487,1756758314102,2025-09-01 20:25:14
WLFI,94952.0,0.210907,19954.1628,-71.962085,3.0,6607.92716,1756758722981,2025-09-01 20:32:02
AVAX,3824.23,26.1488,100053.32949,53.96795,10.0,10005.332949,1755953179674,2025-08-23 12:46:19
AVAX,1923.41,26.1488,50347.18016,52.147708,10.0,5034.718016,1755953297083,2025-08-23 12:48:17
AVAX,0.01,26.1488,0.26167,0.000182,10.0,0.026167,1755953452866,2025-08-23 12:50:52
PUMP,1238333.0,0.003192,3951.520603,-1.238333,5.0,790.30412,1756384149926,2025-08-28 12:29:09
PUMP,1249274.0,0.003192,3988.931882,1.249274,5.0,797.786376,1756384169611,2025-08-28 12:29:29
PUMP,1260222.0,0.003192,4025.149068,2.520444,5.0,805.029813,1756384191179,2025-08-28 12:29:51
PUMP,1583274.0,0.003192,5053.810608,0.0,5.0,1010.762121,1756384275481,2025-08-28 12:31:15
PUMP,4190005.0,0.003192,13387.065975,12.570015,5.0,2677.413195,1756384290375,2025-08-28 12:31:30
PUMP,31328320.0,0.003192,100093.9824,93.98496,5.0,20018.79648,1756388960924,2025-08-28 13:49:20
PUMP,50104113.0,0.003187,159531.495792,-175.523388,5.0,31906.299158,1756389055555,2025-08-28 13:50:55
PUMP,62774860.0,0.003185,199561.27994,-438.7147,5.0,39912.255988,1756389115661,2025-08-28 13:51:55
PUMP,69024221.0,0.003184,218875.804791,-903.417414,5.0,43775.160958,1756395841841,2025-08-28 15:44:01
PUMP,94370436.0,0.003178,298116.207324,-1883.785356,5.0,59623.241464,1756396205055,2025-08-28 15:50:05
PUMP,189830767.0,0.00316,596068.60838,-3968.66898,5.0,119213.721676,1756396461030,2025-08-28 15:54:21
PUMP,210194203.0,0.003159,662321.933653,-1860.167107,5.0,132464.38673,1756400164167,2025-08-28 16:56:04
PUMP,210217207.0,0.003159,662394.419257,-1860.144103,5.0,132478.883851,1756400212071,2025-08-28 16:56:52
PUMP,210263197.0,0.003159,662329.07055,-2070.36131,5.0,132465.81411,1756400250560,2025-08-28 16:57:30
PUMP,221576798.0,0.003159,696637.452912,-3399.822098,5.0,139327.490582,1756400292713,2025-08-28 16:58:12
PUMP,253423931.0,0.003157,796004.567271,-4122.618772,5.0,159200.913454,1756400587516,2025-08-28 17:03:07
PUMP,285423931.0,0.003153,891378.936513,-8723.216801,5.0,178275.787302,1756401071487,2025-08-28 17:11:11
PUMP,263059426.0,0.003153,899137.118068,69562.824973,5.0,179827.423613,1756420067012,2025-08-28 22:27:47
PUMP,160777711.0,0.003153,551306.771019,44284.24018,5.0,110261.354203,1756420093310,2025-08-28 22:28:13
PUMP,95711541.0,0.003153,326567.777892,24735.468922,5.0,65313.555578,1756420108199,2025-08-28 22:28:28
PUMP,85348516.0,0.003153,292318.6673,23166.803459,5.0,58463.73346,1756420154178,2025-08-28 22:29:14
PUMP,1.0,0.003153,0.003431,0.000278,5.0,0.000686,1756420168970,2025-08-28 22:29:28
PUMP,3653026.0,0.003298,12051.332774,0.000146,5.0,2410.266554,1756644103920,2025-08-31 12:41:43
PUMP,11554001.0,0.003298,38139.757301,23.108148,5.0,7627.95146,1756644139851,2025-08-31 12:42:19
PUMP,15733531.0,0.003298,51920.6523,15.733677,5.0,10384.13046,1756644174568,2025-08-31 12:42:54
PUMP,16575689.0,0.003298,54749.500767,66.302902,5.0,10949.900153,1756644213206,2025-08-31 12:43:33
PUMP,17569339.0,0.003298,57978.8187,17.569485,5.0,11595.76374,1756644395302,2025-08-31 12:46:35
PUMP,24233477.0,0.003298,79970.4741,24.233623,5.0,15994.09482,1756644431248,2025-08-31 12:47:11
PUMP,28751382.0,0.003298,95138.323038,287.513966,5.0,19027.664607,1756644467258,2025-08-31 12:47:47
PUMP,49375181.0,0.003303,163382.473929,267.094184,5.0,32676.494785,1756661115702,2025-08-31 17:25:15
PUMP,58962862.0,0.003304,195108.110358,257.506503,5.0,39021.622071,1756661150721,2025-08-31 17:25:50
PUMP,55230411.0,0.003304,188004.319044,5488.094946,5.0,37600.863808,1756678101731,2025-08-31 22:08:21
PUMP,7071170.0,0.003304,24006.62215,639.002314,5.0,4801.32443,1756678247188,2025-08-31 22:10:47
PUMP,2863120.0,0.003304,9760.37608,298.816017,5.0,1952.075216,1756678795383,2025-08-31 22:19:55
PUMP,3.0,0.003304,0.010257,0.000344,5.0,0.002051,1756678814818,2025-08-31 22:20:14
PUMP,1640439.0,0.0049,8038.1511,0.0,5.0,1607.63022,1757400849706,2025-09-09 06:54:09
PUMP,3307506.0,0.0049,16203.471894,-3.307506,5.0,3240.694378,1757400854525,2025-09-09 06:54:14
PUMP,4407200.0,0.0049,21595.28,0.0,5.0,4319.056,1757401094607,2025-09-09 06:58:14
PUMP,6930043.0,0.0049,33950.280657,-6.930043,5.0,6790.056131,1757401099638,2025-09-09 06:58:19
PUMP,16684303.0,0.0049,81769.769003,16.684303,5.0,16353.9538,1757401120072,2025-09-09 06:58:40
PUMP,20408163.0,0.0049,100020.406863,20.408163,5.0,20004.081372,1757401124288,2025-09-09 06:58:44
PUMP,23357449.0,0.004877,110363.946525,-3571.428525,5.0,22072.789305,1757421261026,2025-09-09 12:34:21
PUMP,41572184.0,0.00481,196303.852848,-3696.145077,5.0,39260.770569,1757421268029,2025-09-09 12:34:28
PUMP,48510131.0,0.004795,227852.085307,-4756.263518,5.0,45570.417061,1757421714146,2025-09-09 12:41:54
PUMP,62848779.0,0.004773,295012.168626,-4987.825799,5.0,59002.433725,1757421719038,2025-09-09 12:41:59
PUMP,84262055.0,0.004747,393588.058905,-6411.93444,5.0,78717.611781,1757430558310,2025-09-09 15:09:18
PUMP,94042309.0,0.004736,437390.779159,-8087.395286,5.0,87478.155831,1757430693425,2025-09-09 15:11:33
PUMP,95350947.0,0.004735,443572.605444,-7990.735701,5.0,88714.521088,1757430698410,2025-09-09 15:11:38
PUMP,97469791.0,0.004733,453331.997941,-8083.967804,5.0,90666.399588,1757430708459,2025-09-09 15:11:48
PUMP,97677981.0,0.004733,454202.61165,-8181.437595,5.0,90840.52233,1757430718883,2025-09-09 15:11:58
PUMP,98537559.0,0.004733,458199.64935,-8181.437595,5.0,91639.92987,1757430728992,2025-09-09 15:12:08
PUMP,98923057.0,0.004732,459893.291993,-8280.360652,5.0,91978.658398,1757430733636,2025-09-09 15:12:13
PUMP,98998868.0,0.004732,460245.737332,-8280.436463,5.0,92049.147466,1757430738459,2025-09-09 15:12:18
PUMP,105767431.0,0.004727,491712.786719,-8287.205026,5.0,98342.557343,1757430743975,2025-09-09 15:12:23
PUMP,106779455.0,0.004726,493534.64101,-11140.901615,5.0,98706.928202,1757431340202,2025-09-09 15:22:20
PUMP,113899851.0,0.004719,526559.011173,-11012.760972,5.0,105311.802234,1757431345079,2025-09-09 15:22:25
PUMP,121543817.0,0.004713,561775.522174,-11111.372891,5.0,112355.104434,1757432665205,2025-09-09 15:44:25
PUMP,138386412.0,0.004701,639483.609852,-11104.365083,5.0,127896.72197,1757432942503,2025-09-09 15:49:02
PUMP,138013412.0,0.004701,652251.385112,3416.973343,5.0,130450.277022,1757434316782,2025-09-09 16:11:56
PUMP,138006455.0,0.004701,652080.499875,3278.794645,5.0,130416.099975,1757434325862,2025-09-09 16:12:05
PUMP,135069376.0,0.004701,638743.079104,3749.292234,5.0,127748.61582,1757434330637,2025-09-09 16:12:10
PUMP,2.0,0.004701,0.009458,5.6e-05,5.0,0.001891,1757434335403,2025-09-09 16:12:15
PUMP,11417767.0,0.00466,53218.211987,11.417767,5.0,10643.642397,1757439372623,2025-09-09 17:36:12
PUMP,11906010.0,0.00466,55458.19458,-23.81202,5.0,11091.638916,1757439377800,2025-09-09 17:36:17
PUMP,12105749.0,0.00466,56412.79034,0.0,5.0,11282.558068,1757439432979,2025-09-09 17:37:12
PUMP,12155239.0,0.00466,56655.568979,12.155239,5.0,11331.113795,1757439437682,2025-09-09 17:37:17
PUMP,12363429.0,0.00466,57601.215711,-12.363429,5.0,11520.243142,1757439479666,2025-09-09 17:37:59
PUMP,17755832.0,0.00466,82706.665456,-35.511664,5.0,16541.333091,1757439489994,2025-09-09 17:38:09
PUMP,19707683.0,0.00466,91837.80278,0.0,5.0,18367.560556,1757439532736,2025-09-09 17:38:52
PUMP,20990605.0,0.00466,97816.2193,0.0,5.0,19563.24386,1757439536710,2025-09-09 17:38:56
PUMP,21459227.0,0.00466,99978.538593,-21.459227,5.0,19995.707718,1757439541561,2025-09-09 17:39:01
PUMP,22154917.0,0.004659,103042.518967,-192.437353,5.0,20608.503793,1757440005261,2025-09-09 17:46:45
PUMP,22363107.0,0.004659,104033.173764,-169.866056,5.0,20806.634752,1757440048147,2025-09-09 17:47:28
PUMP,22513060.0,0.004659,104753.26818,-147.05309,5.0,20950.653636,1757440089150,2025-09-09 17:48:09
PUMP,22726700.0,0.004659,105656.4283,-237.31897,5.0,21131.28566,1757440200196,2025-09-09 17:50:00
PUMP,22802511.0,0.004659,106031.67615,-214.59227,5.0,21206.33523,1757440214590,2025-09-09 17:50:14
PUMP,23010701.0,0.004659,106976.748949,-237.602971,5.0,21395.349789,1757440228530,2025-09-09 17:50:28
PUMP,23218171.0,0.004659,107918.058808,-261.028612,5.0,21583.611761,1757440233109,2025-09-09 17:50:33
PUMP,23426361.0,0.004659,108909.152289,-238.018631,5.0,21781.830457,1757440260904,2025-09-09 17:51:00
PUMP,23637821.0,0.004659,109892.229829,-238.230091,5.0,21978.445965,1757440265573,2025-09-09 17:51:05
PUMP,23718629.0,0.004659,110267.906221,-238.310899,5.0,22053.581244,1757440274823,2025-09-09 17:51:14
PUMP,23728627.0,0.004659,110338.11555,-214.59227,5.0,22067.62311,1757440284387,2025-09-09 17:51:24
PUMP,23941815.0,0.004658,111329.43975,-214.59227,5.0,22265.88795,1757440288779,2025-09-09 17:51:28
PUMP,24149285.0,0.004658,112270.025965,-238.741555,5.0,22454.005193,1757440293762,2025-09-09 17:51:33
PUMP,24154278.0,0.004658,112317.3927,-214.59227,5.0,22463.47854,1757440302792,2025-09-09 17:51:42
PUMP,24161112.0,0.004658,112373.331912,-190.431158,5.0,22474.666382,1757440312022,2025-09-09 17:51:52
PUMP,24169101.0,0.004658,112386.31965,-214.59227,5.0,22477.26393,1757440344683,2025-09-09 17:52:24
PUMP,24377291.0,0.004658,113378.780441,-190.214979,5.0,22675.756088,1757440349240,2025-09-09 17:52:29
PUMP,24584761.0,0.004658,114343.723411,-190.007509,5.0,22868.744682,1757440353848,2025-09-09 17:52:33
PUMP,24795982.0,0.004658,115276.520318,-239.388252,5.0,23055.304063,1757440381706,2025-09-09 17:53:01
PUMP,25003452.0,0.004658,116316.058704,-164.585366,5.0,23263.21174,1757440386361,2025-09-09 17:53:06
PUMP,25058415.0,0.004658,116496.571335,-239.650685,5.0,23299.314267,1757440400703,2025-09-09 17:53:20
PUMP,25413301.0,0.004658,118146.436349,-240.005571,5.0,23629.287269,1757440404979,2025-09-09 17:53:24
PUMP,25621491.0,0.004658,119114.311659,-240.213761,5.0,23822.862331,1757440409626,2025-09-09 17:53:29
PUMP,25828961.0,0.004658,120078.839689,-240.421231,5.0,24015.767937,1757440414861,2025-09-09 17:53:34
PUMP,26597551.0,0.004658,123652.014599,-241.189821,5.0,24730.402919,1757440424626,2025-09-09 17:53:44
PUMP,26602766.0,0.004658,123676.259134,-241.195036,5.0,24735.251826,1757440432634,2025-09-09 17:53:52
PUMP,26948978.0,0.004657,125258.849744,-268.490226,5.0,25051.769948,1757440437443,2025-09-09 17:53:57
PUMP,27364638.0,0.004657,127218.202062,-241.956908,5.0,25443.640412,1757440442832,2025-09-09 17:54:02
PUMP,27440449.0,0.004657,127543.206952,-269.473168,5.0,25508.64139,1757440456487,2025-09-09 17:54:16
PUMP,27837257.0,0.004657,129415.407793,-242.429527,5.0,25883.081558,1757440461535,2025-09-09 17:54:21
PUMP,28624692.0,0.004657,133047.568416,-271.841654,5.0,26609.513683,1757440465832,2025-09-09 17:54:25
PUMP,33276014.0,0.004656,154666.913072,-281.144298,5.0,30933.382614,1757440470018,2025-09-09 17:54:30
PUMP,37858307.0,0.004655,175965.410936,-290.308884,5.0,35193.082187,1757440479464,2025-09-09 17:54:39
PUMP,38106508.0,0.004655,177119.049184,-290.805286,5.0,35423.809836,1757440484067,2025-09-09 17:54:44
PUMP,38110551.0,0.004655,177175.951599,-252.702821,5.0,35435.190319,1757440488495,2025-09-09 17:54:48
PUMP,38118633.0,0.004655,177213.524817,-252.710903,5.0,35442.704963,1757440493281,2025-09-09 17:54:53
PUMP,38672048.0,0.004655,179786.351152,-253.264318,5.0,35957.27023,1757440497800,2025-09-09 17:54:57
PUMP,42964603.0,0.004654,199613.545538,-386.450682,5.0,39922.709107,1757440507448,2025-09-09 17:55:07
PUMP,40740851.0,0.004654,195393.121396,5744.678799,5.0,39078.624279,1757445950600,2025-09-09 19:25:50
PUMP,40315411.0,0.004654,192989.872457,5321.850776,5.0,38597.974491,1757446005941,2025-09-09 19:26:45
PUMP,39315411.0,0.004654,188242.187868,5229.160817,5.0,37648.437573,1757446010764,2025-09-09 19:26:50
PUMP,39026395.0,0.004654,186780.32647,5112.667347,5.0,37356.065294,1757446024584,2025-09-09 19:27:04
PUMP,38235213.0,0.004654,182955.494205,4970.783043,5.0,36591.098841,1757446033815,2025-09-09 19:27:13
PUMP,37444034.0,0.004654,179244.590758,4942.813592,5.0,35848.918151,1757446038389,2025-09-09 19:27:18
PUMP,32622981.0,0.004654,156133.587066,4273.785723,5.0,31226.717413,1757446075164,2025-09-09 19:27:55
PUMP,16802369.0,0.004654,80483.34751,2268.410074,5.0,16096.669502,1757446088922,2025-09-09 19:28:08
PUMP,16489151.0,0.004654,78950.054988,2193.14566,5.0,15790.010997,1757446093122,2025-09-09 19:28:13
PUMP,15580061.0,0.004654,74612.912129,2087.811868,5.0,14922.582425,1757446213790,2025-09-09 19:30:13
PUMP,15571174.0,0.004654,74570.352286,2086.620963,5.0,14914.070457,1757446228163,2025-09-09 19:30:28
PUMP,14568428.0,0.004654,69782.77012,1966.816047,5.0,13956.554024,1757446232489,2025-09-09 19:30:32
PUMP,2.0,0.004654,0.00958,0.000271,5.0,0.001916,1757446237481,2025-09-09 19:30:37
PUMP,-13424618.0,0.007449,100093.951808,-89.666605,5.0,20018.790361,1757801537831,2025-09-13 22:12:17
PUMP,-13627407.0,0.007449,101510.554743,4.305721,5.0,20302.110948,1757801567304,2025-09-13 22:12:47
PUMP,-26849238.0,0.007449,200322.164718,-317.885135,5.0,40064.432943,1757801572317,2025-09-13 22:12:52
PUMP,-40200372.0,0.007462,301100.78628,-1096.513037,5.0,60220.157256,1757801842376,2025-09-13 22:17:22
PUMP,-39970066.0,0.007462,292301.092658,5984.470514,5.0,58460.218531,1757802852533,2025-09-13 22:34:12
PUMP,-22970066.0,0.007462,167681.4818,3737.776624,5.0,33536.29636,1757802862416,2025-09-13 22:34:22
PUMP,-21980924.0,0.007462,160372.821504,3664.743365,5.0,32074.5643,1757803187668,2025-09-13 22:39:47
PUMP,-21601546.0,0.007462,157518.473432,3687.898202,5.0,31503.694686,1757803192289,2025-09-13 22:39:52
PUMP,-13071895.0,0.00765,99921.56538,78.43137,5.0,19984.313076,1757811777859,2025-09-14 01:02:57
PUMP,-25237345.0,0.007924,207425.738555,-7425.742805,5.0,41485.147711,1757846854248,2025-09-14 10:47:34
PUMP,-1.0,0.007924,0.007741,0.000183,5.0,0.001548,1757854393458,2025-09-14 12:53:13
PUMP,-12484395.0,0.00801,100012.488345,-11.642986,5.0,20002.497669,1757860558354,2025-09-14 14:35:58
PUMP,-16558708.0,0.008032,134108.976092,-1105.32621,5.0,26821.795218,1757863308963,2025-09-14 15:21:48
PUMP,-24830074.0,0.008054,201297.409918,-1295.695436,5.0,40259.481983,1757863313869,2025-09-14 15:21:53
PUMP,-26947975.0,0.008062,219437.360425,-2174.752793,5.0,43887.472085,1757863408874,2025-09-14 15:23:28
PUMP,-37100012.0,0.008086,301548.897536,-1547.188354,5.0,60309.779507,1757863474070,2025-09-14 15:24:34
PUMP,-37950345.0,0.008088,309485.063475,-2540.06701,5.0,61897.012695,1757863704921,2025-09-14 15:28:24
PUMP,-42060509.0,0.008095,343129.632422,-2625.146897,5.0,68625.926484,1757863709644,2025-09-14 15:28:29
PUMP,-42073052.0,0.008095,343358.177372,-2751.278252,5.0,68671.635474,1757863719855,2025-09-14 15:28:39
PUMP,-42076465.0,0.008095,343470.183795,-2835.41753,5.0,68694.036759,1757863724381,2025-09-14 15:28:44
PUMP,-49347409.0,0.008105,402674.85744,-2672.833415,5.0,80534.971488,1757863739358,2025-09-14 15:28:59
PUMP,-61579824.0,0.008119,502368.204192,-2366.187542,5.0,100473.640838,1757864294681,2025-09-14 15:38:14
PUMP,-73760091.0,0.008134,605422.826928,-5420.818208,5.0,121084.565385,1757864324281,2025-09-14 15:38:44
PUMP,-85940358.0,0.008145,705140.63739,-5138.6366,5.0,141028.127478,1757864454157,2025-09-14 15:40:54
PUMP,-98105808.0,0.008154,804860.048832,-4858.049042,5.0,160972.009766,1757864769444,2025-09-14 15:46:09
PUMP,-99282870.0,0.008155,820076.5062,-10350.935811,5.0,164015.30124,1757864834421,2025-09-14 15:47:14
PUMP,-102192936.0,0.008158,844011.458424,-10248.742875,5.0,168802.291684,1757864839464,2025-09-14 15:47:19
PUMP,-110212345.0,0.008166,910464.182045,-10461.148156,5.0,182092.836409,1757865570052,2025-09-14 15:59:30
PUMP,-122087419.0,0.008206,1043603.257612,-41677.681528,5.0,208720.651522,1757865754639,2025-09-14 16:02:34
PUMP,-133283119.0,0.008247,1178755.904436,-79503.895546,5.0,235751.180887,1757865769795,2025-09-14 16:02:49
PUMP,-144781336.0,0.008285,1264375.407288,-64849.758699,5.0,252875.081457,1757865799743,2025-09-14 16:03:19
PUMP,-156232154.0,0.008319,1366562.651038,-66834.039745,5.0,273312.530207,1757865804681,2025-09-14 16:03:24
PUMP,-167740958.0,0.008348,1462197.930886,-61875.584073,5.0,292439.586177,1757865894614,2025-09-14 16:04:54
PUMP,-179161698.0,0.008372,1564260.785238,-64206.596575,5.0,312852.157047,1757865959609,2025-09-14 16:05:59
PUMP,-190615139.0,0.008393,1663688.933192,-63747.137666,5.0,332737.786638,1757865964683,2025-09-14 16:06:04
PUMP,-201991703.0,0.008414,1772881.177231,-73155.476294,5.0,354576.235446,1757866040240,2025-09-14 16:07:20
PUMP,-213385117.0,0.008432,1869253.62492,-69831.329282,5.0,373850.724984,1757866049634,2025-09-14 16:07:29
PUMP,-224775935.0,0.008449,1970835.39808,-71697.159871,5.0,394167.079616,1757866099494,2025-09-14 16:08:19
PUMP,-236241195.0,0.008461,2059314.496815,-60412.326666,5.0,411862.899363,1757867148417,2025-09-14 16:25:48
PUMP,-247676300.0,0.008474,2169396.7117,-70514.210523,5.0,433879.34234,1757867243503,2025-09-14 16:27:23
PUMP,-259100954.0,0.008486,2267910.650362,-69089.445235,5.0,453582.130072,1757867253313,2025-09-14 16:27:33
PUMP,-270525608.0,0.008496,2366287.493176,-67637.42527,5.0,473257.498635,1757867258624,2025-09-14 16:27:38
PUMP,-281929416.0,0.008507,2473648.695984,-75129.83105,5.0,494729.739196,1757867292362,2025-09-14 16:28:12
PUMP,-293300805.0,0.008518,2579580.579975,-81200.189632,5.0,515916.115995,1757867424033,2025-09-14 16:30:24
PUMP,-304659278.0,0.008527,2672471.186616,-74374.267576,5.0,534494.237323,1757868862236,2025-09-14 16:54:22
PUMP,-286379723.0,0.008527,2392416.205942,49794.912267,5.0,478483.241188,1757869678019,2025-09-14 17:07:58
PUMP,-254768011.0,0.008527,2136994.076268,35636.243023,5.0,427398.815253,1757869697527,2025-09-14 17:08:17
PUMP,-235719032.0,0.008527,1981218.46396,28964.501089,5.0,396243.692792,1757869702440,2025-09-14 17:08:22
PUMP,-214563922.0,0.008527,1810704.937758,19069.846457,5.0,362140.987551,1757869722771,2025-09-14 17:08:42
PUMP,-214220085.0,0.008527,1808874.39774,17968.186752,5.0,361774.879548,1757869727579,2025-09-14 17:08:47
PUMP,-108387577.0,0.008527,913924.049264,10391.900289,5.0,182784.809852,1757869752983,2025-09-14 17:09:12
PUMP,-102894182.0,0.008527,870484.77972,6984.171708,5.0,174096.955944,1757869758905,2025-09-14 17:09:18
PUMP,-102747731.0,0.008527,871814.497535,4405.537744,5.0,174362.899507,1757869797604,2025-09-14 17:09:57
PUMP,-100393767.0,0.008527,853547.807034,2597.912249,5.0,170709.561406,1757869840499,2025-09-14 17:10:40
PUMP,-95034619.0,0.008527,807889.296119,2554.266973,5.0,161577.859223,1757869848286,2025-09-14 17:10:48
PUMP,-94458830.0,0.008527,803088.97266,2444.33253,5.0,160617.794532,1757869852634,2025-09-14 17:10:52
PUMP,-71478030.0,0.008527,607634.73303,1921.131172,5.0,121526.946606,1757869857744,2025-09-14 17:10:57
PUMP,-70668043.0,0.008527,600678.3655,1970.029007,5.0,120135.6731,1757869862803,2025-09-14 17:11:02
PUMP,-63070865.0,0.008527,536228.49423,1632.099028,5.0,107245.698846,1757869892442,2025-09-14 17:11:32
PUMP,-43063301.0,0.008527,366081.121801,1157.422046,5.0,73216.22436,1757869897415,2025-09-14 17:11:37
PUMP,-33408127.0,0.008527,283969.0795,931.325859,5.0,56793.8159,1757869902368,2025-09-14 17:11:42
PUMP,-31769175.0,0.008527,270355.67925,567.944673,5.0,54071.13585,1757869906895,2025-09-14 17:11:46
PUMP,-31706897.0,0.008527,269603.745191,788.779594,5.0,53920.749038,1757869912465,2025-09-14 17:11:52
PUMP,-31650958.0,0.008527,269223.048748,692.435112,5.0,53844.609749,1757869942296,2025-09-14 17:12:22
PUMP,-30917523.0,0.008527,263448.213483,212.626744,5.0,52689.642696,1757870187430,2025-09-14 17:16:27
PUMP,-7209412.0,0.008527,61431.399652,49.580721,5.0,12286.27993,1757870192385,2025-09-14 17:16:32
PUMP,-3392148.0,0.008527,28904.493108,23.328547,5.0,5780.898621,1757870197444,2025-09-14 17:16:37
PUMP,-1.0,0.008527,0.008515,1.2e-05,5.0,0.001703,1757870202345,2025-09-14 17:16:42
PUMP,12043838.0,0.008315,100084.29378,-64.406209,5.0,20016.858756,1757879316549,2025-09-14 19:48:36
PUMP,12644999.0,0.008314,104991.426697,-146.909592,5.0,20998.285339,1757879436557,2025-09-14 19:50:36
PUMP,20549428.0,0.008308,170806.845536,61.748547,5.0,34161.369107,1757879457452,2025-09-14 19:50:57
PUMP,24092030.0,0.008307,200012.03306,-136.660529,5.0,40002.406612,1757879477407,2025-09-14 19:51:17
PUMP,36169324.0,0.008298,299047.970832,-1100.717077,5.0,59809.594166,1757879532098,2025-09-14 19:52:12
PUMP,34364820.0,0.008298,286705.69326,1531.559698,5.0,57341.138652,1757880143136,2025-09-14 20:02:23
PUMP,34309124.0,0.008298,286343.948904,1632.00483,5.0,57268.78978,1757880153403,2025-09-14 20:02:33
PUMP,3564408.0,0.008298,29759.242392,180.243788,5.0,5951.848478,1757880158564,2025-09-14 20:02:38
PUMP,1.0,0.008298,0.008348,5e-05,5.0,0.001669,1757880163667,2025-09-14 20:02:43
PUMP,10812320.0,0.00826,89385.44944,75.686202,5.0,17877.089888,1757880993650,2025-09-14 20:16:33
PUMP,10993173.0,0.00826,90814.602153,10.993135,5.0,18162.92043,1757880998642,2025-09-14 20:16:38
PUMP,12106538.0,0.00826,100012.110418,12.1065,5.0,20002.422083,1757881003803,2025-09-14 20:16:43
PUMP,24376476.0,0.008204,198083.243976,-1916.754642,5.0,39616.648795,1757881304191,2025-09-14 20:21:44
PUMP,29810584.0,0.008189,242121.563248,-2003.39233,5.0,48424.312649,1757881403473,2025-09-14 20:23:23
PUMP,30436161.0,0.008187,247263.371964,-1941.268854,5.0,49452.674392,1757881408402,2025-09-14 20:23:28
PUMP,32913084.0,0.008182,267254.24208,-2063.013498,5.0,53450.848416,1757881428359,2025-09-14 20:23:48
PUMP,34755054.0,0.008179,282211.03848,-2063.013498,5.0,56442.207696,1757881433389,2025-09-14 20:23:53
PUMP,36691746.0,0.008176,297203.1426,-2796.848418,5.0,59440.62852,1757881488972,2025-09-14 20:24:48
PUMP,43034168.0,0.008163,348146.41912,-3152.381209,5.0,69629.283824,1757881518504,2025-09-14 20:25:18
PUMP,49054213.0,0.008154,396652.366318,-3342.578016,5.0,79330.473263,1757881523793,2025-09-14 20:25:23
PUMP,61523040.0,0.008126,493107.1656,-6884.570049,5.0,98621.43312,1757881848331,2025-09-14 20:30:48
PUMP,74023040.0,0.008105,592184.32,-7807.415649,5.0,118436.864,1757881873289,2025-09-14 20:31:13
PUMP,86585854.0,0.008084,689136.811986,-10854.923103,5.0,137827.362397,1757881943387,2025-09-14 20:32:23
PUMP,88914410.0,0.008079,702512.75341,-15874.574079,5.0,140502.550682,1757882233339,2025-09-14 20:37:13
PUMP,92598690.0,0.008072,731066.65755,-16426.481939,5.0,146213.33151,1757882238540,2025-09-14 20:37:18
PUMP,92632128.0,0.008072,732071.707584,-15685.592105,5.0,146414.341516,1757882243075,2025-09-14 20:37:23
PUMP,100221097.0,0.008059,791646.445203,-16063.709586,5.0,158329.28904,1757882248356,2025-09-14 20:37:28
PUMP,105521043.0,0.008051,833721.760743,-15857.967446,5.0,166744.352148,1757882258305,2025-09-14 20:37:38
PUMP,109075040.0,0.008046,861801.89104,-15854.413449,5.0,172360.378208,1757882263072,2025-09-14 20:37:43
PUMP,111902308.0,0.008042,883356.819352,-16634.902337,5.0,176671.36387,1757882268433,2025-09-14 20:37:48
PUMP,124511058.0,0.008033,989738.400042,-10571.37858,5.0,197947.680008,1757882948283,2025-09-14 20:49:08
PUMP,137127762.0,0.008024,1086737.51385,-13626.097342,5.0,217347.50277,1757884087140,2025-09-14 21:08:07
PUMP,149757213.0,0.008015,1184879.069256,-15498.433375,5.0,236975.813851,1757884196939,2025-09-14 21:09:56
PUMP,162396242.0,0.008007,1284879.066704,-15498.433375,5.0,256975.81334,1757884301988,2025-09-14 21:11:41
PUMP,175135095.0,0.007995,1374635.360655,-25742.135474,5.0,274927.072131,1757884647083,2025-09-14 21:17:27
PUMP,174725162.0,0.007995,1402868.325698,5768.647463,5.0,280573.665139,1757886063428,2025-09-14 21:41:03
PUMP,174403628.0,0.007995,1399937.921956,5409.224586,5.0,279987.584391,1757886068349,2025-09-14 21:41:08
PUMP,173633031.0,0.007995,1393578.706806,5211.691066,5.0,278715.741361,1757886073304,2025-09-14 21:41:13
PUMP,162588682.0,0.007995,1304936.761732,4880.188848,5.0,260987.352346,1757886083426,2025-09-14 21:41:23
PUMP,162220450.0,0.007995,1302630.2135,5518.017966,5.0,260526.0427,1757886088568,2025-09-14 21:41:28
PUMP,109247953.0,0.007995,876496.326919,2951.393631,5.0,175299.265383,1757886093106,2025-09-14 21:41:33
PUMP,108897801.0,0.007995,873687.057423,2941.934085,5.0,174737.411484,1757886128526,2025-09-14 21:42:08
PUMP,101008178.0,0.007995,810994.661162,3334.840644,5.0,162198.932232,1757886133577,2025-09-14 21:42:13
PUMP,69103877.0,0.007995,554904.13231,2350.606475,5.0,110980.826462,1757886138308,2025-09-14 21:42:18
PUMP,62929931.0,0.007995,505264.415999,2077.666381,5.0,101052.883199,1757886143380,2025-09-14 21:42:23
PUMP,13109596.0,0.007629,99960.6695,-57.596729,5.0,19992.1339,1758067995554,2025-09-17 00:13:15
PUMP,26220911.0,0.007624,199724.679087,-208.998395,5.0,39944.935817,1758068005574,2025-09-17 00:13:25
PUMP,39337385.0,0.007626,300026.235395,37.871416,5.0,60005.247079,1758068020512,2025-09-17 00:13:40
PUMP,38697196.0,0.007626,298355.38116,3249.122357,5.0,59671.076232,1758068443536,2025-09-17 00:20:43
PUMP,38689813.0,0.007626,298607.976734,3558.020965,5.0,59721.595346,1758068448642,2025-09-17 00:20:48
PUMP,30679532.0,0.007626,236753.948444,2790.694097,5.0,47350.789688,1758068468711,2025-09-17 00:21:08
PUMP,22440745.0,0.007626,173220.110655,2086.153003,5.0,34644.022131,1758068473745,2025-09-17 00:21:13
PUMP,22244342.0,0.007626,171659.587214,2023.40616,5.0,34331.917442,1758068478724,2025-09-17 00:21:18
PUMP,22189792.0,0.007626,171260.814656,2040.633935,5.0,34252.162931,1758068483717,2025-09-17 00:21:23
PUMP,22175038.0,0.007626,171169.118322,2061.452155,5.0,34233.823664,1758068493498,2025-09-17 00:21:33
PUMP,21669416.0,0.007626,167244.552688,1992.778736,5.0,33448.910537,1758068538768,2025-09-17 00:22:18
PUMP,3269344.0,0.007626,25160.871424,228.732245,5.0,5032.174284,1758068683603,2025-09-17 00:24:43
PUMP,132484.0,0.007626,1022.643996,12.316075,5.0,204.528799,1758068688973,2025-09-17 00:24:48
PUMP,6968641.0,0.007179,50013.936457,-19.954015,5.0,10002.787291,1758280077171,2025-09-19 11:07:57
PUMP,13935340.0,0.007179,100055.7412,0.951908,5.0,20011.14824,1758280083621,2025-09-19 11:08:03
PUMP,17417719.0,0.007179,125059.22242,14.149753,5.0,25011.844484,1758280097469,2025-09-19 11:08:17
PUMP,20900583.0,0.007175,149731.776612,-249.798844,5.0,29946.355322,1758280118089,2025-09-19 11:08:38
PUMP,24390740.0,0.007172,174540.13544,-405.981944,5.0,34908.027088,1758280127143,2025-09-19 11:08:47
PUMP,27884800.0,0.007168,199153.2416,-748.977093,5.0,39830.64832,1758280132297,2025-09-19 11:08:52
PUMP,31384730.0,0.007166,224243.89585,-661.860424,5.0,44848.77917,1758280137570,2025-09-19 11:08:57
PUMP,34885150.0,0.007162,248940.4304,-931.505491,5.0,49788.08608,1758280147383,2025-09-19 11:09:07
PUMP,38395892.0,0.007158,273532.334608,-1336.084323,5.0,54706.466921,1758280158440,2025-09-19 11:09:18
PUMP,41906634.0,0.007156,298668.580518,-1220.896647,5.0,59733.716103,1758280162343,2025-09-19 11:09:22
PUMP,45415898.0,0.007154,323815.35274,-1111.563169,5.0,64763.070548,1758280167260,2025-09-19 11:09:27
PUMP,48916318.0,0.007153,349262.51052,-657.404189,5.0,69852.502104,1758280277248,2025-09-19 11:11:17
PUMP,52417718.0,0.007152,374262.50652,-657.404189,5.0,74852.501304,1758280287147,2025-09-19 11:11:27
PUMP,55922063.0,0.007151,398892.075379,-1052.006353,5.0,79778.415075,1758280976890,2025-09-19 11:22:56
PUMP,59425426.0,0.007151,424238.116214,-728.171082,5.0,84847.623242,1758281286938,2025-09-19 11:28:06
PUMP,62928298.0,0.00715,449182.191124,-795.137132,5.0,89836.438224,1758281312444,2025-09-19 11:28:32
PUMP,63238638.0,0.00715,450765.011664,-1425.040792,5.0,90153.002332,1758281341807,2025-09-19 11:29:01
PUMP,66434609.0,0.007149,473612.327561,-1364.998125,5.0,94722.465512,1758281347607,2025-09-19 11:29:07
PUMP,69940920.0,0.007147,497629.6458,-2298.254044,5.0,99525.92916,1758281392029,2025-09-19 11:29:52
PUMP,76970302.0,0.007145,547951.579938,-2025.38907,5.0,109590.315987,1758281403152,2025-09-19 11:30:03
PUMP,80488455.0,0.007143,571950.96123,-3040.440572,5.0,114390.192246,1758281567385,2025-09-19 11:32:47
PUMP,83999197.0,0.007143,598578.277822,-1444.630652,5.0,119715.655564,1758281832818,2025-09-19 11:37:12
PUMP,87518341.0,0.007141,621730.294464,-3298.096979,5.0,124346.058892,1758281897405,2025-09-19 11:38:17
PUMP,91040956.0,0.00714,646208.705688,-3830.252255,5.0,129241.741137,1758281917539,2025-09-19 11:38:37
PUMP,94564067.0,0.007138,670837.491298,-4195.706714,5.0,134167.498259,1758281932258,2025-09-19 11:38:52
PUMP,98091155.0,0.007136,694779.650865,-5241.693829,5.0,138955.930173,1758281942529,2025-09-19 11:39:02
PUMP,101621231.0,0.007134,719376.694249,-5640.576065,5.0,143875.338849,1758281953377,2025-09-19 11:39:13
PUMP,105153302.0,0.007132,743959.61165,-6059.279777,5.0,148791.92233,1758282027259,2025-09-19 11:40:27
PUMP,105151068.0,0.007132,759821.617368,9818.660223,5.0,151964.323473,1758283761737,2025-09-19 12:09:21
PUMP,105149003.0,0.007132,759175.80166,9187.573383,5.0,151835.160332,1758283766665,2025-09-19 12:09:26
PUMP,105143214.0,0.007132,760185.43722,10238.4997,5.0,152037.087444,1758284249999,2025-09-19 12:17:29
PUMP,102072787.0,0.007132,737986.25001,9939.511637,5.0,147597.250002,1758284254627,2025-09-19 12:17:34
PUMP,102066602.0,0.007132,737839.465858,9836.842761,5.0,147567.893171,1758284260282,2025-09-19 12:17:40
PUMP,40764570.0,0.007132,294687.07653,3928.754926,5.0,58937.415306,1758284264067,2025-09-19 12:17:44
PUMP,40735301.0,0.007132,294516.22623,3966.669379,5.0,58903.245246,1758284269361,2025-09-19 12:17:49
PUMP,5017739.0,0.007132,36273.235231,483.593172,5.0,7254.647046,1758284284284,2025-09-19 12:18:04
PUMP,237714.0,0.00712,1692.52368,0.0,5.0,338.504736,1758286856632,2025-09-19 13:00:56
PUMP,4253694.0,0.00712,30277.793892,-8.507388,5.0,6055.558778,1758286861819,2025-09-19 13:01:01
PUMP,4466757.0,0.00712,31794.376326,-8.933514,5.0,6358.875265,1758286866994,2025-09-19 13:01:06
PUMP,4790459.0,0.00712,34098.487162,-9.580918,5.0,6819.697432,1758286871393,2025-09-19 13:01:11
PUMP,7280721.0,0.00712,51838.73352,0.0,5.0,10367.746704,1758286951246,2025-09-19 13:02:31
PUMP,14044943.0,0.00712,99999.99416,0.0,5.0,19999.998832,1758286966474,2025-09-19 13:02:46
PUMP,23593831.0,0.007111,167516.2001,-280.89886,5.0,33503.24002,1758287928680,2025-09-19 13:18:48
PUMP,28129450.0,0.007109,199634.70665,-365.28721,5.0,39926.94133,1758287932808,2025-09-19 13:18:52
PUMP,30291907.0,0.007108,214860.496351,-471.317639,5.0,42972.09927,1758288358682,2025-09-19 13:25:58
PUMP,30423065.0,0.007108,215760.37698,-501.34723,5.0,43152.075396,1758288369179,2025-09-19 13:26:09
PUMP,36164475.0,0.007105,256550.78565,-417.53546,5.0,51310.15713,1758288398037,2025-09-19 13:26:38
PUMP,42233822.0,0.007103,299522.265624,-477.725716,5.0,59904.453124,1758288422847,2025-09-19 13:27:02
PUMP,43757222.0,0.007102,310151.189536,-646.661004,5.0,62030.237907,1758288643187,2025-09-19 13:30:43
PUMP,45202372.0,0.007102,320394.412736,-646.661004,5.0,64078.882547,1758288652792,2025-09-19 13:30:52
PUMP,52719042.0,0.0071,373672.569696,-646.661004,5.0,74734.513939,1758288658134,2025-09-19 13:30:58
PUMP,52726230.0,0.0071,373618.06578,-752.113464,5.0,74723.613156,1758288662801,2025-09-19 13:31:02
PUMP,53649505.0,0.0071,380267.69144,-646.661004,5.0,76053.538288,1758288673925,2025-09-19 13:31:13
PUMP,53974212.0,0.007099,382515.240444,-700.635216,5.0,76503.048088,1758288687743,2025-09-19 13:31:27
PUMP,53995002.0,0.007099,382770.569178,-592.666002,5.0,76554.113835,1758288733317,2025-09-19 13:32:13
PUMP,56342174.0,0.007099,399296.987138,-703.003178,5.0,79859.397427,1758288738007,2025-09-19 13:32:18
PUMP,70526571.0,0.007089,497776.538118,-2223.451048,5.0,99555.307623,1758288788024,2025-09-19 13:33:08
PUMP,82531222.0,0.007082,581267.396546,-3245.33566,5.0,116253.479309,1758288832850,2025-09-19 13:33:52
PUMP,82669694.0,0.007082,581994.64576,-3492.929326,5.0,116398.929152,1758288872805,2025-09-19 13:34:32
PUMP,83075900.0,0.007082,584771.2601,-3576.005226,5.0,116954.25202,1758288877960,2025-09-19 13:34:37
PUMP,84731116.0,0.007081,596507.05664,-3492.929326,5.0,119301.411328,1758288882811,2025-09-19 13:34:42
PUMP,75703138.0,0.007081,541277.4367,5206.582431,5.0,108255.48734,1758289228032,2025-09-19 13:40:28
PUMP,45214852.0,0.007081,323240.976948,3064.495793,5.0,64648.195389,1758289243018,2025-09-19 13:40:43
PUMP,45213312.0,0.007081,323184.754176,3019.178106,5.0,64636.950835,1758289273693,2025-09-19 13:41:13
PUMP,11344969.0,0.007081,81116.52835,780.265119,5.0,16223.30567,1758289284535,2025-09-19 13:41:24
PUMP,2.0,0.007081,0.014306,0.000144,5.0,0.002861,1758289289276,2025-09-19 13:41:29
PUMP,5444623.0,0.00708,38580.598578,32.667736,5.0,7716.119715,1758290362775,2025-09-19 13:59:22
PUMP,14124295.0,0.00708,99985.884305,-14.124297,5.0,19997.176861,1758290368161,2025-09-19 13:59:28
PUMP,28288600.0,0.007069,200113.5564,113.554498,5.0,40022.71128,1758290378268,2025-09-19 13:59:38
PUMP,42493145.0,0.007059,299661.65854,-338.340162,5.0,59932.331708,1758290433901,2025-09-19 14:00:33
PUMP,56738159.0,0.007049,399096.210406,-903.786576,5.0,79819.242081,1758290456998,2025-09-19 14:00:56
PUMP,48324694.0,0.007049,344023.496586,3337.831158,5.0,68804.699317,1758290863354,2025-09-19 14:07:43
PUMP,45207277.0,0.007049,322147.055902,3438.959232,5.0,64429.41118,1758290868446,2025-09-19 14:07:48
PUMP,41764201.0,0.007049,297569.932125,3135.277068,5.0,59513.986425,1758291358593,2025-09-19 14:15:58
PUMP,41110494.0,0.007049,292830.048762,3003.981693,5.0,58566.009752,1758291373620,2025-09-19 14:16:13
PUMP,37533757.0,0.007049,267578.153653,2967.828788,5.0,53515.63073,1758291403782,2025-09-19 14:16:43
PUMP,36347526.0,0.007049,259157.86038,2910.379946,5.0,51831.572076,1758291408544,2025-09-19 14:16:48
PUMP,31682292.0,0.007049,225926.424252,2568.512685,5.0,45185.28485,1758291413633,2025-09-19 14:16:53
PUMP,31182292.0,0.007049,222205.012792,2372.065764,5.0,44441.002558,1758291418683,2025-09-19 14:16:58
PUMP,27425115.0,0.007049,195568.495065,2223.379426,5.0,39113.699013,1758292124805,2025-09-19 14:28:44
PUMP,25402253.0,0.007049,181168.868396,2084.7864,5.0,36233.773679,1758292129077,2025-09-19 14:28:49
PUMP,24609734.0,0.007049,175393.574218,1896.694965,5.0,35078.714843,1758292135164,2025-09-19 14:28:55
PUMP,24585200.0,0.007049,175267.8908,1943.974508,5.0,35053.57816,1758292139371,2025-09-19 14:28:59
PUMP,18892295.0,0.007049,134683.171055,1493.831246,5.0,26936.634211,1758292144240,2025-09-19 14:29:04
PUMP,10771679.0,0.007049,76791.299591,851.726627,5.0,15358.259918,1758292225548,2025-09-19 14:30:25
PUMP,10758458.0,0.007049,76697.047082,850.681232,5.0,15339.409416,1758292230346,2025-09-19 14:30:30
PUMP,10589729.0,0.007049,75483.588312,826.749946,5.0,15096.717662,1758292235802,2025-09-19 14:30:35
PUMP,9396230.0,0.007049,67013.91236,771.157304,5.0,13402.782472,1758292240451,2025-09-19 14:30:40
PUMP,8644141.0,0.007049,61632.72533,692.144382,5.0,12326.545066,1758292245309,2025-09-19 14:30:45
PUMP,2989413.0,0.007049,21314.51469,239.365081,5.0,4262.902938,1758292250322,2025-09-19 14:30:50
PUMP,1.0,0.007049,0.007135,8.6e-05,5.0,0.001427,1758292256966,2025-09-19 14:30:56
PUMP,28571429.0,0.007,200142.860145,142.857096,5.0,40028.572029,1758293531190,2025-09-19 14:52:11
PUMP,42918631.0,0.006989,299142.85807,-855.282513,5.0,59828.571614,1758294332682,2025-09-19 15:05:32
PUMP,57307120.0,0.006979,398284.484,-1713.655133,5.0,79656.8968,1758294373538,2025-09-19 15:06:13
PUMP,67232298.0,0.006972,466323.218928,-2456.403745,5.0,93264.643785,1758294483553,2025-09-19 15:08:03
PUMP,4504836.0,0.00693,31182.474792,-36.038688,5.0,6236.494958,1758334167159,2025-09-20 02:09:27
PUMP,11115311.0,0.006924,76940.182742,-22.817738,5.0,15388.036548,1758358116096,2025-09-20 08:48:36
PUMP,18955703.0,0.006922,131192.420463,-26.092657,5.0,26238.484092,1758358131184,2025-09-20 08:48:51
PUMP,33448456.0,0.006911,230459.86184,-725.049629,5.0,46091.972368,1758358186368,2025-09-20 08:49:46
PUMP,39789461.0,0.006906,274149.38629,-661.639579,5.0,54829.877258,1758358201196,2025-09-20 08:50:01
PUMP,47983339.0,0.006902,330413.272354,-771.634155,5.0,66082.65447,1758358211481,2025-09-20 08:50:11
PUMP,54337697.0,0.006897,372919.614511,-1856.187878,5.0,74583.922902,1758358847905,2025-09-20 09:00:47
PUMP,62560598.0,0.006892,428978.020486,-2206.882763,5.0,85795.604097,1758358857721,2025-09-20 09:00:57
PUMP,62616346.0,0.006892,430111.680674,-1456.211335,5.0,86022.336134,1758362087482,2025-09-20 09:54:47
PUMP,77116638.0,0.006888,529868.419698,-1316.478351,5.0,105973.683939,1758362092198,2025-09-20 09:54:52
PUMP,77576215.0,0.006887,532483.13976,-1854.456509,5.0,106496.627952,1758362222180,2025-09-20 09:57:02
PUMP,77630226.0,0.006887,532853.871264,-1854.240465,5.0,106570.774252,1758362247119,2025-09-20 09:57:27
PUMP,77809911.0,0.006887,533620.369638,-2320.381191,5.0,106724.073927,1758362252164,2025-09-20 09:57:32
PUMP,80723662.0,0.006886,553764.32132,-2164.761369,5.0,110752.864264,1758362262160,2025-09-20 09:57:42
PUMP,88074473.0,0.006884,604102.810307,-2252.835842,5.0,120820.562061,1758362267297,2025-09-20 09:57:47
PUMP,88146020.0,0.006884,604681.6972,-2164.761369,5.0,120936.33944,1758362272157,2025-09-20 09:57:52
PUMP,91693897.0,0.006883,628928.439523,-2256.455266,5.0,125785.687904,1758362277529,2025-09-20 09:57:57
PUMP,94764410.0,0.006882,649136.2085,-3081.700339,5.0,129827.2417,1758362597877,2025-09-20 10:03:17
PUMP,95831172.0,0.006882,656539.359372,-2985.869167,5.0,131307.871874,1758362607752,2025-09-20 10:03:27
PUMP,97722943.0,0.006881,669206.713664,-3277.146225,5.0,133841.342732,1758362612782,2025-09-20 10:03:32
PUMP,99378812.0,0.006881,680446.725764,-3379.836775,5.0,136089.345152,1758362622554,2025-09-20 10:03:42
PUMP,99469417.0,0.00688,681365.50645,-3081.700339,5.0,136273.10129,1758362633058,2025-09-20 10:03:53
PUMP,102264821.0,0.00688,700514.02385,-3081.700339,5.0,140102.80477,1758362637762,2025-09-20 10:03:57
PUMP,106292437.0,0.006878,729059.825383,-2125.068406,5.0,145811.965076,1758363583281,2025-09-20 10:19:43
PUMP,116747820.0,0.006874,797621.10624,-4974.053439,5.0,159524.221248,1758364098741,2025-09-20 10:28:18
PUMP,120933725.0,0.006873,826340.142925,-4844.747904,5.0,165268.028585,1758364103090,2025-09-20 10:28:23
PUMP,132848009.0,0.006868,905890.573371,-6549.734338,5.0,181178.114674,1758364134171,2025-09-20 10:28:54
PUMP,135596481.0,0.006867,924903.596901,-6281.289848,5.0,184980.71938,1758364178055,2025-09-20 10:29:38
PUMP,150280768.0,0.006861,1022660.62624,-8524.254979,5.0,204532.125248,1758364372892,2025-09-20 10:32:52
PUMP,150422468.0,0.006861,1019864.33304,-12281.274179,5.0,203972.866608,1758365034374,2025-09-20 10:43:54
PUMP,151167909.0,0.006861,1024918.42302,-12281.274179,5.0,204983.684604,1758365039273,2025-09-20 10:43:59
PUMP,151174457.0,0.006861,1024962.81846,-12281.274179,5.0,204992.563692,1758365069043,2025-09-20 10:44:29
PUMP,151446105.0,0.006861,1026956.038005,-12129.828074,5.0,205391.207601,1758365414196,2025-09-20 10:50:14
PUMP,151448599.0,0.006861,1026972.949819,-12129.82558,5.0,205394.589963,1758365423976,2025-09-20 10:50:23
PUMP,154090023.0,0.006859,1044422.175894,-12589.454225,5.0,208884.435178,1758365434213,2025-09-20 10:50:34
PUMP,154844405.0,0.006859,1049535.37709,-12590.962989,5.0,209907.075418,1758365439184,2025-09-20 10:50:39
PUMP,179801078.0,0.006847,1217253.29806,-13931.574479,5.0,243450.659612,1758365444324,2025-09-20 10:50:44
PUMP,189319624.0,0.006843,1282451.132976,-13240.925805,5.0,256490.226595,1758367203493,2025-09-20 11:20:03
PUMP,189401227.0,0.006843,1283193.312925,-13051.769387,5.0,256638.662585,1758367208456,2025-09-20 11:20:08
PUMP,194556869.0,0.006842,1317344.559999,-13840.308147,5.0,263468.911999,1758367213509,2025-09-20 11:20:13
PUMP,195144957.0,0.006841,1319375.054277,-15785.288749,5.0,263875.010855,1758367248524,2025-09-20 11:20:48
PUMP,195257277.0,0.006841,1321501.250736,-14418.37549,5.0,264300.250147,1758367308293,2025-09-20 11:21:48
PUMP,201477085.0,0.006839,1361783.617515,-16181.910791,5.0,272356.723503,1758367333442,2025-09-20 11:22:13
PUMP,203015914.0,0.006838,1371981.546812,-16386.465534,5.0,274396.309362,1758367363493,2025-09-20 11:22:43
PUMP,209349768.0,0.006836,1414995.081912,-16189.783474,5.0,282999.016382,1758367367913,2025-09-20 11:22:47
PUMP,224142667.0,0.006829,1507583.578242,-23155.989706,5.0,301516.715648,1758367513841,2025-09-20 11:25:13
PUMP,238935566.0,0.006823,1607080.616916,-23210.133368,5.0,321416.123383,1758367518848,2025-09-20 11:25:18
PUMP,253728465.0,0.006817,1705562.74173,-24247.245325,5.0,341112.548346,1758367528469,2025-09-20 11:25:28
PUMP,257426689.0,0.006816,1728877.643324,-25772.485423,5.0,345775.528664,1758367563688,2025-09-20 11:26:03
PUMP,264823137.0,0.006813,1778552.188092,-25779.881871,5.0,355710.437618,1758367568298,2025-09-20 11:26:08
PUMP,268521361.0,0.006812,1803657.981837,-25515.058734,5.0,360731.596367,1758367573451,2025-09-20 11:26:13
PUMP,272219585.0,0.00681,1827954.513275,-26059.497904,5.0,365590.902655,1758367593749,2025-09-20 11:26:33
PUMP,275917809.0,0.006809,1853339.923053,-25514.486694,5.0,370667.98461,1758367613626,2025-09-20 11:26:53
PUMP,283314257.0,0.006807,1902455.235755,-26078.544023,5.0,380491.047151,1758367618723,2025-09-20 11:26:58
PUMP,287012481.0,0.006805,1923270.635181,-30048.641601,5.0,384654.127036,1758367668386,2025-09-20 11:27:48
PUMP,294408929.0,0.006803,1971951.006442,-30935.566612,5.0,394390.201288,1758367678383,2025-09-20 11:27:58
PUMP,298107153.0,0.006801,1995231.175029,-32427.6465,5.0,399046.235005,1758367683385,2025-09-20 11:28:03
PUMP,297892145.0,0.006801,2050391.634035,24195.249296,5.0,410078.326807,1758369756977,2025-09-20 12:02:36
PUMP,262354106.0,0.006801,1808144.498552,23669.983125,5.0,361628.89971,1758370364453,2025-09-20 12:12:44
PUMP,246372805.0,0.006801,1698740.490475,22967.244463,5.0,339748.098095,1758370409403,2025-09-20 12:13:29
PUMP,246370301.0,0.006801,1699462.336298,23706.12194,5.0,339892.467259,1758370414256,2025-09-20 12:13:34
PUMP,246198514.0,0.006801,1696061.562946,21473.80571,5.0,339212.312589,1758370449615,2025-09-20 12:14:09
PUMP,238703993.0,0.006801,1644670.51177,21058.826286,5.0,328934.102354,1758370465404,2025-09-20 12:14:25
PUMP,232974229.0,0.006801,1607289.205871,22650.105929,5.0,321457.841174,1758370469642,2025-09-20 12:14:29
PUMP,232179567.0,0.006801,1601806.832733,22572.847693,5.0,320361.366546,1758370484875,2025-09-20 12:14:44
PUMP,230287140.0,0.006801,1588750.97886,22388.863094,5.0,317750.195772,1758370489991,2025-09-20 12:14:49
PUMP,230023564.0,0.006801,1587162.5916,22593.261404,5.0,317432.51832,1758370494952,2025-09-20 12:14:54
PUMP,230010516.0,0.006801,1586842.549884,22361.969295,5.0,317368.509976,1758370499834,2025-09-20 12:14:59
PUMP,229659429.0,0.006801,1584420.400671,22327.836088,5.0,316884.080134,1758370504990,2025-09-20 12:15:04
PUMP,229589518.0,0.006801,1583708.495164,22091.449718,5.0,316741.699032,1758370509909,2025-09-20 12:15:09
PUMP,229466498.0,0.006801,1581942.037212,21161.746557,5.0,316388.407442,1758370514535,2025-09-20 12:15:14
PUMP,229456599.0,0.006801,1583021.076501,22308.116652,5.0,316604.2153,1758370519634,2025-09-20 12:15:19
PUMP,229325979.0,0.006801,1582119.929121,22295.41758,5.0,316423.985824,1758370525603,2025-09-20 12:15:25
PUMP,229321262.0,0.006801,1582087.386538,22294.958987,5.0,316417.477307,1758370529650,2025-09-20 12:15:29
PUMP,229198242.0,0.006801,1581009.473316,22053.800556,5.0,316201.894663,1758370544687,2025-09-20 12:15:44
PUMP,229188343.0,0.006801,1580712.001671,21823.659717,5.0,316142.400334,1758370549779,2025-09-20 12:15:49
PUMP,229065323.0,0.006801,1580092.598054,22041.010891,5.0,316018.51961,1758370554604,2025-09-20 12:15:54
PUMP,229060607.0,0.006801,1580060.067086,22040.557111,5.0,316012.013417,1758370559440,2025-09-20 12:15:59
PUMP,228937587.0,0.006801,1579211.475126,22028.719942,5.0,315842.295025,1758370574604,2025-09-20 12:16:14
PUMP,228927689.0,0.006801,1579372.126411,22256.695231,5.0,315874.425282,1758370579951,2025-09-20 12:16:19
PUMP,228804669.0,0.006801,1578294.606762,22015.930373,5.0,315658.921352,1758370584645,2025-09-20 12:16:24
PUMP,228799952.0,0.006801,1578033.268944,21786.676545,5.0,315606.653788,1758370589648,2025-09-20 12:16:29
PUMP,228676922.0,0.006801,1577413.407956,22003.638365,5.0,315482.681591,1758370604548,2025-09-20 12:16:44
PUMP,219524387.0,0.006801,1514718.2703,21562.016419,5.0,302943.65406,1758370609497,2025-09-20 12:16:49
PUMP,213205722.0,0.006801,1470906.276078,20728.181896,5.0,294181.255215,1758370614495,2025-09-20 12:16:54
PUMP,197712567.0,0.006801,1364018.999733,19221.914007,5.0,272803.799946,1758370619595,2025-09-20 12:16:59
PUMP,182072316.0,0.006801,1256116.908084,17701.34522,5.0,251223.381616,1758370629654,2025-09-20 12:17:09
PUMP,181286636.0,0.006801,1250696.501764,17624.960228,5.0,250139.300352,1758370633984,2025-09-20 12:17:13
PUMP,163922607.0,0.006801,1130902.065693,15936.803149,5.0,226180.413138,1758370639352,2025-09-20 12:17:19
PUMP,159022816.0,0.006801,1097257.4304,15619.460896,5.0,219451.48608,1758370644608,2025-09-20 12:17:24
PUMP,155788267.0,0.006801,1074783.254033,15145.970348,5.0,214956.650806,1758370649804,2025-09-20 12:17:29
PUMP,132164612.0,0.006801,911803.658188,12849.24297,5.0,182360.731637,1758370653981,2025-09-20 12:17:33
PUMP,71388224.0,0.006801,492507.357376,6940.470839,5.0,98501.471475,1758370664535,2025-09-20 12:17:44
PUMP,46251185.0,0.006801,319086.925315,4496.609996,5.0,63817.385063,1758370669464,2025-09-20 12:17:49
PUMP,11052654.0,0.006801,76263.3126,1085.608382,5.0,15252.66252,1758370674308,2025-09-20 12:17:54
PUMP,7488768.0,0.006801,51672.4992,735.558114,5.0,10334.49984,1758370679554,2025-09-20 12:17:59
PUMP,6672965.0,0.006801,46036.785535,648.755747,5.0,9207.357107,1758370689301,2025-09-20 12:18:09
PUMP,6549945.0,0.006801,45155.32083,604.045832,5.0,9031.064166,1758370694198,2025-09-20 12:18:14
PUMP,5393117.0,0.006801,37185.541715,502.754523,5.0,7437.108343,1758371419392,2025-09-20 12:30:19
PUMP,1036148.0,0.006801,7157.710384,110.061208,5.0,1431.542076,1758371424547,2025-09-20 12:30:24
ENA,123685.0,0.8085,99958.50645,-40.81605,10.0,9995.850645,1757500821340,2025-09-10 10:40:21
ENA,127068.0,0.808496,102705.25236,-28.79823,10.0,10270.525236,1757500904455,2025-09-10 10:41:44
ENA,141391.0,0.808486,114284.93139,-27.8324,10.0,11428.493139,1757500909308,2025-09-10 10:41:49
ENA,145168.0,0.808484,117324.7776,-41.31299,10.0,11732.47776,1757500914136,2025-09-10 10:41:54
ENA,146167.0,0.808484,118148.24777,-25.43442,10.0,11814.824777,1757500923902,2025-09-10 10:42:03
ENA,149783.0,0.808481,121086.07503,-10.78156,10.0,12108.607503,1757500928862,2025-09-10 10:42:08
ENA,154262.0,0.808479,124666.8353,-50.84489,10.0,12466.68353,1757500963023,2025-09-10 10:42:43
ENA,186158.0,0.808465,150424.9719,-77.43469,10.0,15042.49719,1757500972936,2025-09-10 10:42:52
ENA,247386.0,0.808449,199877.99256,-121.12923,10.0,19987.799256,1757500978077,2025-09-10 10:42:58
ENA,248168.0,0.808449,200591.71272,-39.49967,10.0,20059.171272,1757501041107,2025-09-10 10:44:01
ENA,249126.0,0.808448,201366.05454,-39.50925,10.0,20136.605454,1757501046172,2025-09-10 10:44:06
ENA,250776.0,0.808447,202724.81064,-14.44815,10.0,20272.481064,1757501055801,2025-09-10 10:44:15
ENA,255165.0,0.808445,206249.8695,-37.01799,10.0,20624.98695,1757501075427,2025-09-10 10:44:35
ENA,256937.0,0.808444,207682.1771,-37.01799,10.0,20768.21771,1757501085140,2025-09-10 10:44:45
ENA,257668.0,0.808443,208296.23452,-13.82787,10.0,20829.623452,1757501168207,2025-09-10 10:46:08
ENA,259248.0,0.808442,209573.49072,-13.68567,10.0,20957.349072,1757501173134,2025-09-10 10:46:13
ENA,261732.0,0.808441,211557.9756,-37.01799,10.0,21155.79756,1757501192363,2025-09-10 10:46:32
ENA,265667.0,0.808439,214751.91945,-23.73464,10.0,21475.191945,1757501197249,2025-09-10 10:46:37
ENA,266667.0,0.808438,215565.60279,-18.3513,10.0,21556.560279,1757501201956,2025-09-10 10:46:41
ENA,268892.0,0.808437,217340.02576,-42.39583,10.0,21734.002576,1757501207275,2025-09-10 10:46:47
ENA,314031.0,0.808417,253837.53792,-30.73737,10.0,25383.753792,1757501315094,2025-09-10 10:48:35
ENA,318754.0,0.808416,257655.23328,-30.64291,10.0,25765.523328,1757501344648,2025-09-10 10:49:04
ENA,321373.0,0.808415,259727.23114,-75.58275,10.0,25972.723114,1757501354098,2025-09-10 10:49:14
ENA,321948.0,0.808414,260227.34892,-40.23747,10.0,26022.734892,1757501373810,2025-09-10 10:49:33
ENA,326308.0,0.808413,263702.54712,-89.22727,10.0,26370.254712,1757501379379,2025-09-10 10:49:39
ENA,328013.0,0.808412,265100.1066,-69.81929,10.0,26510.01066,1757501383462,2025-09-10 10:49:43
ENA,328837.0,0.808412,265772.64014,-63.32495,10.0,26577.264014,1757501403649,2025-09-10 10:50:03
ENA,331608.0,0.808411,267945.89616,-129.86823,10.0,26794.589616,1757501407864,2025-09-10 10:50:07
ENA,334053.0,0.80841,269961.59142,-90.46647,10.0,26996.159142,1757501412835,2025-09-10 10:50:12
ENA,338370.0,0.808409,273453.7155,-87.77349,10.0,27345.37155,1757501427234,2025-09-10 10:50:27
ENA,339203.0,0.808409,274164.21678,-50.58611,10.0,27416.421678,1757501432192,2025-09-10 10:50:32
ENA,342677.0,0.808408,276975.53879,-47.2983,10.0,27697.553879,1757501437320,2025-09-10 10:50:37
ENA,345047.0,0.808407,278853.18352,-85.32457,10.0,27885.318352,1757501442276,2025-09-10 10:50:42
ENA,345942.0,0.808407,279614.54034,-47.39625,10.0,27961.454034,1757501462207,2025-09-10 10:51:02
ENA,349537.0,0.808405,282520.27099,-47.5041,10.0,28252.027099,1757501466455,2025-09-10 10:51:06
ENA,349673.0,0.808405,282630.19571,-47.50818,10.0,28263.019571,1757501471361,2025-09-10 10:51:11
ENA,351926.0,0.808405,284384.36208,-114.44171,10.0,28438.436208,1757501476364,2025-09-10 10:51:16
ENA,352054.0,0.808405,284491.31686,-110.94933,10.0,28449.131686,1757501481318,2025-09-10 10:51:21
ENA,367210.0,0.8084,296746.0731,-106.78789,10.0,29674.60731,1757501490853,2025-09-10 10:51:30
ENA,371102.0,0.808399,299891.23722,-107.52737,10.0,29989.123722,1757501495734,2025-09-10 10:51:35
ENA,385900.0,0.808385,311807.2,-148.93309,10.0,31180.72,1757501747580,2025-09-10 10:55:47
ENA,469777.0,0.808334,379532.8383,-204.29849,10.0,37953.28383,1757501752390,2025-09-10 10:55:52
ENA,473339.0,0.808333,382363.2442,-252.34479,10.0,38236.32442,1757501776883,2025-09-10 10:56:16
ENA,478316.0,0.80833,386335.8332,-301.66949,10.0,38633.58332,1757501781767,2025-09-10 10:56:21
ENA,483575.0,0.808328,390839.82225,-47.47834,10.0,39083.982225,1757501796794,2025-09-10 10:56:36
ENA,483972.0,0.808327,391165.52928,-42.58701,10.0,39116.552928,1757501806138,2025-09-10 10:56:46
ENA,488116.0,0.808326,394446.5396,-110.34309,10.0,39444.65396,1757501825873,2025-09-10 10:57:05
ENA,491235.0,0.808324,396981.74055,-95.60604,10.0,39698.174055,1757501830622,2025-09-10 10:57:10
ENA,494849.0,0.808322,399704.38277,-293.43722,10.0,39970.438277,1757501835395,2025-09-10 10:57:15
ENA,502161.0,0.808274,404229.56178,-1654.41821,10.0,40422.956178,1757503712224,2025-09-10 11:28:32
ENA,506521.0,0.808246,407739.27458,-1654.50541,10.0,40773.927458,1757503717129,2025-09-10 11:28:37
ENA,512363.0,0.808209,412441.96774,-1654.62225,10.0,41244.196774,1757503722398,2025-09-10 11:28:42
ENA,513320.0,0.808203,413222.6,-1644.37499,10.0,41322.26,1757503804601,2025-09-10 11:30:04
ENA,519379.0,0.808166,418120.87016,-1623.59983,10.0,41812.087016,1757503814293,2025-09-10 11:30:14
ENA,619072.0,0.807656,498074.3776,-1922.95739,10.0,49807.43776,1757503858456,2025-09-10 11:30:58
ENA,1.0,0.807656,0.82358,0.015924,10.0,0.082358,1757507712978,2025-09-10 12:35:12
ENA,123763.0,0.807999,99963.3751,-37.128556,10.0,9996.33751,1757515167776,2025-09-10 14:39:27
ENA,139133.0,0.807889,112281.72233,-122.371326,10.0,11228.172233,1757515543116,2025-09-10 14:45:43
ENA,143186.0,0.807864,115552.53386,-122.330796,10.0,11555.253386,1757515547621,2025-09-10 14:45:47
ENA,143439.0,0.807862,115768.18251,-110.853146,10.0,11576.818251,1757515573091,2025-09-10 14:46:13
ENA,152201.0,0.807813,122788.15675,-161.812906,10.0,12278.815675,1757515577506,2025-09-10 14:46:17
ENA,152230.0,0.807812,122866.3553,-107.017356,10.0,12286.63553,1757515582170,2025-09-10 14:46:22
ENA,155361.0,0.807796,125376.327,-123.762656,10.0,12537.6327,1757515633685,2025-09-10 14:47:13
ENA,247678.0,0.807499,199730.01598,-269.892676,10.0,19973.001598,1757515640607,2025-09-10 14:47:20
ENA,252304.0,0.807472,203354.50096,-373.963696,10.0,20335.450096,1757516262790,2025-09-10 14:57:42
ENA,383048.0,0.80694,308353.64,-743.187656,10.0,30835.364,1757516268235,2025-09-10 14:57:48
ENA,400337.0,0.806856,322187.21423,-827.258426,10.0,32218.721423,1757516272484,2025-09-10 14:57:52
ENA,495970.0,0.806498,399136.8172,-862.220456,10.0,39913.68172,1757516281788,2025-09-10 14:58:01
ENA,607101.0,0.806041,488078.84895,-1269.512706,10.0,48807.884895,1757518326280,2025-09-10 15:32:06
ENA,620348.0,0.805997,498759.792,-1239.157656,10.0,49875.9792,1757518330896,2025-09-10 15:32:10
ENA,745191.0,0.80516,597181.16358,-2817.029076,10.0,59718.116358,1757518878614,2025-09-10 15:41:18
ENA,870219.0,0.804391,696088.1781,-3908.729526,10.0,69608.81781,1757518896973,2025-09-10 15:41:36
ENA,873646.0,0.80437,698261.5655,-4473.515126,10.0,69826.15655,1757519183417,2025-09-10 15:46:23
ENA,883893.0,0.804308,706230.507,-4691.926626,10.0,70623.0507,1757519187891,2025-09-10 15:46:27
ENA,888390.0,0.804281,709788.0744,-4727.462226,10.0,70978.80744,1757519202650,2025-09-10 15:46:42
ENA,892344.0,0.804257,712947.16224,-4727.620386,10.0,71294.716224,1757519207113,2025-09-10 15:46:47
ENA,941662.0,0.803982,752435.0211,-4644.843526,10.0,75243.50211,1757519230530,2025-09-10 15:47:10
ENA,945059.0,0.803964,754988.73392,-4805.333706,10.0,75498.873392,1757519235587,2025-09-10 15:47:15
ENA,995375.0,0.803713,795025.92,-4970.631626,10.0,79502.592,1757519245375,2025-09-10 15:47:25
ENA,1120688.0,0.803074,894084.8864,-5911.439226,10.0,89408.48864,1757519336870,2025-09-10 15:48:56
ENA,1145433.0,0.802943,912910.101,-6807.989626,10.0,91291.0101,1757519479133,2025-09-10 15:51:19
ENA,1194029.0,0.802701,951545.59068,-6903.511946,10.0,95154.559068,1757519483973,2025-09-10 15:51:23
ENA,1213504.0,0.80261,966907.85216,-7062.825466,10.0,96690.785216,1757519489805,2025-09-10 15:51:29
ENA,1246158.0,0.802463,992876.3865,-7119.529126,10.0,99287.63865,1757519497844,2025-09-10 15:51:37
ENA,1341228.0,0.802005,1068019.8564,-7651.779226,10.0,106801.98564,1757519804701,2025-09-10 15:56:44
ENA,1371786.0,0.801871,1091310.63444,-8685.169186,10.0,109131.063444,1757519809399,2025-09-10 15:56:49
ENA,1497730.0,0.801209,1188658.4372,-11336.902426,10.0,118865.84372,1757519863850,2025-09-10 15:57:43
ENA,1563933.0,0.80084,1240073.75436,-12387.462766,10.0,124007.375436,1757519873582,2025-09-10 15:57:53
ENA,1566689.0,0.800826,1241413.02982,-13232.317306,10.0,124141.302982,1757519878349,2025-09-10 15:57:58
ENA,1566941.0,0.800824,1241988.77542,-12856.281706,10.0,124198.877542,1757520169879,2025-09-10 16:02:49
ENA,1571057.0,0.800802,1245015.54079,-13091.446336,10.0,124501.554079,1757520174100,2025-09-10 16:02:54
ENA,1623912.0,0.800532,1286187.02136,-13807.553266,10.0,128618.702136,1757520183840,2025-09-10 16:03:03
ENA,1630331.0,0.800487,1286249.64245,-18809.523176,10.0,128624.964245,1757520507600,2025-09-10 16:08:27
ENA,1671156.0,0.800206,1318207.8528,-19062.237826,10.0,131820.78528,1757520512078,2025-09-10 16:08:32
ENA,1709097.0,0.799957,1348050.25875,-19155.280876,10.0,134805.025875,1757520516609,2025-09-10 16:08:36
ENA,1750654.0,0.799697,1380565.7444,-19428.268226,10.0,138056.57444,1757520521595,2025-09-10 16:08:41
ENA,1868562.0,0.798896,1470782.52144,-22005.087186,10.0,147078.252144,1757520540755,2025-09-10 16:09:00
ENA,1877718.0,0.798838,1476487.21776,-23506.162866,10.0,147648.721776,1757520721196,2025-09-10 16:12:01
ENA,1882516.0,0.798812,1484457.9918,-19319.763346,10.0,148445.79918,1757525126460,2025-09-10 17:25:26
ENA,1891996.0,0.798762,1492046.96556,-19208.044786,10.0,149204.696556,1757525136405,2025-09-10 17:25:36
ENA,1892275.0,0.79876,1492285.9105,-19189.158306,10.0,149228.59105,1757525141332,2025-09-10 17:25:41
ENA,1896435.0,0.798738,1495490.7123,-19265.514906,10.0,149549.07123,1757525148776,2025-09-10 17:25:48
ENA,1964095.0,0.798394,1548551.42085,-19570.954756,10.0,154855.142085,1757525150570,2025-09-10 17:25:50
ENA,2004502.0,0.798199,1579507.48596,-20485.506826,10.0,157950.748596,1757525157350,2025-09-10 17:25:57
ENA,2047278.0,0.797795,1594829.562,-38480.374186,10.0,159482.9562,1757540367014,2025-09-10 21:39:27
ENA,2056867.0,0.797708,1602093.7063,-38686.060886,10.0,160209.37063,1757540377039,2025-09-10 21:39:37
ENA,2060201.0,0.797677,1604772.96694,-38603.986246,10.0,160477.296694,1757540382116,2025-09-10 21:39:42
ENA,2061542.0,0.797665,1605941.218,-38480.374186,10.0,160594.1218,1757540392190,2025-09-10 21:39:52
ENA,2061774.0,0.797663,1606163.18148,-38439.138706,10.0,160616.318148,1757540397016,2025-09-10 21:39:57
ENA,2069516.0,0.797593,1612152.964,-38480.374186,10.0,161215.2964,1757540406880,2025-09-10 21:40:06
ENA,2071693.0,0.797574,1614035.29937,-38293.921816,10.0,161403.529937,1757540412052,2025-09-10 21:40:12
ENA,2093079.0,0.797384,1630696.91811,-38291.997076,10.0,163069.691811,1757540417085,2025-09-10 21:40:17
ENA,2101150.0,0.797313,1637090.011,-38186.213186,10.0,163709.0011,1757540465863,2025-09-10 21:41:05
ENA,2126602.0,0.797094,1656516.6279,-38586.704286,10.0,165651.66279,1757540471793,2025-09-10 21:41:11
ENA,2128633.0,0.797077,1658268.96599,-38416.515196,10.0,165826.896599,1757540476764,2025-09-10 21:41:16
ENA,2130079.0,0.797065,1659501.94732,-38309.967866,10.0,165950.194732,1757540481646,2025-09-10 21:41:21
ENA,2132871.0,0.797041,1661293.2219,-38693.661286,10.0,166129.32219,1757540496673,2025-09-10 21:41:36
ENA,2133452.0,0.797036,1660252.3464,-40186.554786,10.0,166025.23464,1757540611304,2025-09-10 21:43:31
ENA,2142620.0,0.796954,1666979.7862,-40591.818986,10.0,166697.97862,1757540616571,2025-09-10 21:43:36
ENA,2150362.0,0.796886,1673132.16134,-40462.719846,10.0,167313.216134,1757540796534,2025-09-10 21:46:36
ENA,2153846.0,0.796856,1675799.8803,-40505.552886,10.0,167579.98803,1757540806708,2025-09-10 21:46:46
ENA,2261405.0,0.795959,1759146.9495,-40839.385686,10.0,175914.69495,1757540812149,2025-09-10 21:46:52
ENA,2390105.0,0.794938,1855414.61045,-44571.624736,10.0,185541.461045,1757547588268,2025-09-10 23:39:48
ENA,2454679.0,0.794394,1899921.546,-50062.280236,10.0,189992.1546,1757549899544,2025-09-11 00:18:19
ENA,2457229.0,0.794373,1902239.25806,-49718.268176,10.0,190223.925806,1757549923618,2025-09-11 00:18:43
ENA,2484324.0,0.794151,1922245.695,-50683.361236,10.0,192224.5695,1757549928553,2025-09-11 00:18:48
ENA,2485191.0,0.794144,1923289.3149,-50310.799336,10.0,192328.93149,1757549932984,2025-09-11 00:18:52
ENA,2487024.0,0.794129,1924956.576,-50062.280236,10.0,192495.6576,1757549947761,2025-09-11 00:19:07
ENA,2488182.0,0.79412,1925753.34072,-50161.807516,10.0,192575.334072,1757549952799,2025-09-11 00:19:12
ENA,2616165.0,0.793496,2044166.6844,-31751.778736,10.0,204416.66844,1757585690586,2025-09-11 10:14:50
ENA,2616398.0,0.793495,2043720.80576,-32379.630376,10.0,204372.080576,1757586200466,2025-09-11 10:23:20
ENA,2744205.0,0.792913,2142592.93785,-33324.765286,10.0,214259.293785,1757586229798,2025-09-11 10:23:49
ENA,2758746.0,0.79284,2148456.20988,-38788.932256,10.0,214845.620988,1757586407793,2025-09-11 10:26:47
ENA,2872574.0,0.792291,2236586.1164,-39331.037736,10.0,223658.61164,1757586412874,2025-09-11 10:26:52
ENA,2881793.0,0.79224,2236329.00386,-46743.008396,10.0,223632.900386,1757586501729,2025-09-11 10:28:21
ENA,2910468.0,0.792081,2259221.68032,-46104.999436,10.0,225922.168032,1757586511667,2025-09-11 10:28:31
ENA,2979356.0,0.791711,2313469.934,-45320.722556,10.0,231346.9934,1757586526424,2025-09-11 10:28:46
ENA,2984863.0,0.791682,2316522.32567,-46542.313586,10.0,231652.232567,1757586531211,2025-09-11 10:28:51
ENA,2987863.0,0.791667,2318731.08115,-46661.858106,10.0,231873.108115,1757586536053,2025-09-11 10:28:56
ENA,3001423.0,0.791596,2328984.19108,-46932.664176,10.0,232898.419108,1757586546151,2025-09-11 10:29:06
ENA,3007539.0,0.791561,2327805.11061,-52845.528646,10.0,232780.511061,1757590346564,2025-09-11 11:32:26
ENA,3032519.0,0.791416,2345744.42207,-54240.737186,10.0,234574.442207,1757590391228,2025-09-11 11:33:11
ENA,3074047.0,0.791167,2376730.17852,-55356.124736,10.0,237673.017852,1757591009464,2025-09-11 11:43:29
ENA,3085072.0,0.791102,2385007.46176,-55601.166496,10.0,238500.746176,1757591019063,2025-09-11 11:43:39
ENA,3099200.0,0.79102,2396115.488,-55414.084256,10.0,239611.5488,1757591029031,2025-09-11 11:43:49
ENA,3104746.0,0.790987,2399968.658,-55847.972256,10.0,239996.8658,1757591199370,2025-09-11 11:46:39
ENA,3161885.0,0.790662,2442903.96985,-57081.107406,10.0,244290.396985,1757591203350,2025-09-11 11:46:43
ENA,3166775.0,0.790634,2444845.30325,-58914.854006,10.0,244484.530325,1757591367921,2025-09-11 11:49:27
ENA,3173536.0,0.790594,2449620.70304,-59358.946216,10.0,244962.070304,1757591372807,2025-09-11 11:49:32
ENA,3183870.0,0.790534,2457438.2208,-59519.276456,10.0,245743.82208,1757591377495,2025-09-11 11:49:37
ENA,3184535.0,0.79053,2458301.79325,-59169.084006,10.0,245830.179325,1757591382786,2025-09-11 11:49:42
ENA,3194881.0,0.79047,2465170.1796,-60287.809656,10.0,246517.01796,1757591387924,2025-09-11 11:49:47
ENA,3195789.0,0.790464,2466733.65543,-59425.309826,10.0,246673.365543,1757591392794,2025-09-11 11:49:52
ENA,3195811.0,0.790464,2466782.59468,-59393.354576,10.0,246678.259468,1757591397669,2025-09-11 11:49:57
ENA,3197088.0,0.790457,2467608.43104,-59553.362216,10.0,246760.843104,1757591402781,2025-09-11 11:50:02
ENA,3205026.0,0.790411,2473607.01654,-59682.912716,10.0,247360.701654,1757591407765,2025-09-11 11:50:07
ENA,3205969.0,0.790406,2474366.8742,-59651.051056,10.0,247436.68742,1757591412717,2025-09-11 11:50:12
ENA,3273453.0,0.790026,2526451.0254,-59664.547856,10.0,252645.10254,1757591417756,2025-09-11 11:50:17
ENA,3291418.0,0.789928,2539888.52806,-60096.025196,10.0,253988.852806,1757591422620,2025-09-11 11:50:22
ENA,3422022.0,0.788898,2609223.33456,-90403.839506,10.0,260922.333456,1757591791441,2025-09-11 11:56:31
ENA,3553172.0,0.78801,2716044.6768,-83892.601546,10.0,271604.46768,1757591796477,2025-09-11 11:56:36
ENA,3683993.0,0.787248,2821201.8394,-79017.573496,10.0,282120.18394,1757591801395,2025-09-11 11:56:41
ENA,3814814.0,0.786537,2922300.11656,-78194.151906,10.0,292230.011656,1757591806481,2025-09-11 11:56:46
ENA,3831349.0,0.786444,2930560.53661,-82583.006856,10.0,293056.053661,1757592225600,2025-09-11 12:03:45
ENA,3945532.0,0.785823,3016319.75868,-84173.779786,10.0,301631.975868,1757592230671,2025-09-11 12:03:50
ENA,4076422.0,0.785123,3103787.7108,-96705.787666,10.0,310378.77108,1757593832925,2025-09-11 12:30:32
ENA,4205955.0,0.784383,3199007.31345,-100075.978696,10.0,319900.731345,1757599435556,2025-09-11 14:03:55
ENA,4337533.0,0.783641,3295874.45005,-103195.851866,10.0,329587.445005,1757599446547,2025-09-11 14:04:06
ENA,4380152.0,0.783411,3329484.93976,-101975.802156,10.0,332948.493976,1757599465852,2025-09-11 14:04:25
ENA,4469111.0,0.782945,3399608.04659,-99461.535326,10.0,339960.804659,1757599470901,2025-09-11 14:04:30
ENA,4600863.0,0.782259,3492055.017,-107014.332916,10.0,349205.5017,1757599520617,2025-09-11 14:05:20
ENA,4732963.0,0.781547,3577978.03911,-121056.060796,10.0,357797.803911,1757599572118,2025-09-11 14:06:12
ENA,4865413.0,0.780824,3676062.79215,-122971.057756,10.0,367606.279215,1757599581164,2025-09-11 14:06:21
ENA,4998038.0,0.780112,3775517.9052,-123515.194706,10.0,377551.79052,1757599642222,2025-09-11 14:07:22
ENA,5130840.0,0.77941,3874451.2092,-124581.796706,10.0,387445.12092,1757599711832,2025-09-11 14:08:31
ENA,5263642.0,0.778744,3975312.98408,-123719.927826,10.0,397531.298408,1757599756875,2025-09-11 14:09:16
ENA,5396444.0,0.778111,4068487.06048,-130545.757426,10.0,406848.706048,1757599781722,2025-09-11 14:09:41
ENA,5512883.0,0.777559,4145908.53132,-140683.401136,10.0,414590.853132,1757599797207,2025-09-11 14:09:57
ENA,5529422.0,0.777482,4163267.70646,-135761.553996,10.0,416326.770646,1757599817926,2025-09-11 14:10:17
ENA,5662755.0,0.776835,4264394.2803,-134634.730156,10.0,426439.42803,1757600200678,2025-09-11 14:16:40
ENA,5679071.0,0.776758,4259360.04071,-151907.111866,10.0,425936.004071,1757600654594,2025-09-11 14:24:14
ENA,5679106.0,0.776758,4260238.15696,-151055.248066,10.0,426023.815696,1757600659895,2025-09-11 14:24:19
ENA,5680146.0,0.776753,4260507.11022,-151566.367606,10.0,426050.711022,1757600665370,2025-09-11 14:24:25
ENA,5683550.0,0.776737,4263628.7035,-150998.012606,10.0,426362.87035,1757600684669,2025-09-11 14:24:44
ENA,5796075.0,0.776219,4345897.035,-153131.307856,10.0,434589.7035,1757600690899,2025-09-11 14:24:50
ENA,5863557.0,0.775975,4425812.8236,-124164.429256,10.0,442581.28236,1757603369946,2025-09-11 15:09:29
ENA,5902112.0,0.775838,4456212.60224,-122873.675616,10.0,445621.260224,1757603403921,2025-09-11 15:10:03
ENA,5905592.0,0.775826,4458308.56856,-123405.109296,10.0,445830.856856,1757603469067,2025-09-11 15:11:09
ENA,5908087.0,0.775817,4460251.19978,-123346.203076,10.0,446025.119978,1757603474427,2025-09-11 15:11:14
ENA,5928525.0,0.775745,4475680.6635,-123347.429356,10.0,447568.06635,1757603479345,2025-09-11 15:11:19
ENA,5632099.0,0.775745,4394839.49168,25762.609531,10.0,439483.949168,1757635041002,2025-09-11 23:57:21
ENA,5601878.0,0.775745,4379884.33308,34251.263346,10.0,437988.433308,1757637149741,2025-09-12 00:32:29
ENA,5496801.0,0.775745,4296904.30971,32784.276519,10.0,429690.430971,1757637338652,2025-09-12 00:35:38
ENA,5350495.0,0.775745,4186227.288,35603.513013,10.0,418622.7288,1757637343611,2025-09-12 00:35:43
ENA,5247074.0,0.775745,4108406.47126,38011.09785,10.0,410840.647126,1757637393553,2025-09-12 00:36:33
ENA,5229941.0,0.775745,4095043.803,37939.281587,10.0,409504.3803,1757637398367,2025-09-12 00:36:38
ENA,5229354.0,0.775745,4094531.88846,37882.729805,10.0,409453.188846,1757637403424,2025-09-12 00:36:43
ENA,5217208.0,0.775745,4085073.864,37846.91327,10.0,408507.3864,1757637408522,2025-09-12 00:36:48
ENA,5217119.0,0.775745,4084952.00581,37794.096453,10.0,408495.200581,1757637413213,2025-09-12 00:36:53
ENA,5200986.0,0.775745,4072320.02814,37677.225026,10.0,407232.002814,1757637418474,2025-09-12 00:36:58
ENA,5183981.0,0.775745,4059005.28319,37554.036614,10.0,405900.528319,1757637423542,2025-09-12 00:37:03
ENA,5125607.0,0.775745,4013299.02493,37131.160977,10.0,401329.902493,1757637428458,2025-09-12 00:37:08
ENA,5068891.0,0.775745,3968890.96409,36720.296303,10.0,396889.096409,1757637433381,2025-09-12 00:37:13
ENA,5009123.0,0.775745,3926501.24601,40695.350423,10.0,392650.124601,1757637663116,2025-09-12 00:41:03
ENA,5002552.0,0.775745,3921400.46176,40691.991519,10.0,392140.046176,1757637668149,2025-09-12 00:41:08
ENA,4997495.0,0.775745,3918036.08,41250.556035,10.0,391803.608,1757637673300,2025-09-12 00:41:13
ENA,4995131.0,0.775745,3916182.704,41231.042999,10.0,391618.2704,1757637678007,2025-09-12 00:41:18
ENA,4994895.0,0.775745,3915947.73105,41179.146048,10.0,391594.773105,1757637683024,2025-09-12 00:41:23
ENA,4934707.0,0.775745,3868760.94093,40682.941335,10.0,386876.094093,1757637687765,2025-09-12 00:41:27
ENA,4787287.0,0.775745,3753185.13513,39467.574504,10.0,375318.513513,1757637697887,2025-09-12 00:41:37
ENA,4738292.0,0.775745,3716289.79852,40579.901083,10.0,371628.979852,1757637722999,2025-09-12 00:42:02
ENA,4736971.0,0.775745,3717859.05906,43173.921764,10.0,371785.905906,1757637792833,2025-09-12 00:43:12
ENA,4736852.0,0.775745,3717434.08108,42841.25753,10.0,371743.408108,1757637797756,2025-09-12 00:43:17
ENA,4732997.0,0.775745,3715402.645,43800.321332,10.0,371540.2645,1757637807810,2025-09-12 00:43:27
ENA,4732374.0,0.775745,3714440.3526,43321.318537,10.0,371444.03526,1757637812860,2025-09-12 00:43:32
ENA,4719919.0,0.775745,3705089.21581,43632.095108,10.0,370508.921581,1757637817866,2025-09-12 00:43:37
ENA,4697968.0,0.775745,3687200.1848,42771.459133,10.0,368720.01848,1757637822749,2025-09-12 00:43:42
ENA,4693663.0,0.775745,3683727.53229,42638.392092,10.0,368372.753229,1757637847894,2025-09-12 00:44:07
ENA,4688034.0,0.775745,3680106.69,43384.222649,10.0,368010.669,1757637852796,2025-09-12 00:44:12
ENA,4687907.0,0.775745,3679678.84151,43054.893871,10.0,367967.884151,1757637857817,2025-09-12 00:44:17
ENA,4505683.0,0.775745,3537141.38232,41876.928854,10.0,353714.138232,1757637863533,2025-09-12 00:44:23
ENA,4224079.0,0.775745,3317000.27554,40188.929218,10.0,331700.027554,1757637872700,2025-09-12 00:44:32
ENA,4221551.0,0.775745,3320629.80109,45779.540033,10.0,332062.980109,1757637877931,2025-09-12 00:44:37
ENA,3941355.0,0.775745,3102004.0392,44514.635278,10.0,310200.40392,1757637883940,2025-09-12 00:44:43
ENA,3938415.0,0.775745,3100635.3612,45426.649794,10.0,310063.53612,1757637896164,2025-09-12 00:44:56
ENA,3901351.0,0.775745,3074225.57449,47769.103697,10.0,307422.557449,1757638195735,2025-09-12 00:49:55
ENA,3897719.0,0.775745,3070856.89134,47217.929125,10.0,307085.689134,1757638210555,2025-09-12 00:50:10
ENA,3890341.0,0.775745,3065549.80459,47634.294545,10.0,306554.980459,1757638215765,2025-09-12 00:50:15
ENA,3876490.0,0.775745,3054596.5902,47425.934586,10.0,305459.65902,1757638225765,2025-09-12 00:50:25
ENA,3866921.0,0.775745,3047133.748,47386.203502,10.0,304713.3748,1757638230713,2025-09-12 00:50:30
ENA,3554194.0,0.775745,2804223.52406,47072.621817,10.0,280422.352406,1757638235681,2025-09-12 00:50:35
ENA,3536351.0,0.775745,2789084.67019,45775.399428,10.0,278908.467019,1757638240639,2025-09-12 00:50:40
ENA,3451210.0,0.775745,2723004.69,45743.188433,10.0,272300.469,1757638245631,2025-09-12 00:50:45
ENA,3450951.0,0.775745,2719073.31192,42012.728505,10.0,271907.331192,1757638264968,2025-09-12 00:51:04
ENA,3428290.0,0.775745,2686030.9321,26549.523209,10.0,268603.09321,1757660882649,2025-09-12 07:08:02
ENA,3404048.0,0.775745,2667037.56752,26361.787186,10.0,266703.756752,1757660887799,2025-09-12 07:08:07
ENA,3404034.0,0.775745,2666822.35662,26157.436727,10.0,266682.235662,1757660897548,2025-09-12 07:08:17
ENA,3402947.0,0.775745,2666174.94503,26353.260772,10.0,266617.494503,1757660907652,2025-09-12 07:08:27
ENA,3400281.0,0.775745,2664086.16069,26332.614614,10.0,266408.616069,1757660912458,2025-09-12 07:08:32
ENA,3289342.0,0.775745,2577166.56358,25473.475651,10.0,257716.656358,1757660917566,2025-09-12 07:08:37
ENA,3289309.0,0.775745,2577140.70841,25473.220092,10.0,257714.070841,1757660927675,2025-09-12 07:08:47
ENA,3281640.0,0.775745,2570475.7956,24757.501465,10.0,257047.57956,1757660972058,2025-09-12 07:09:32
ENA,3281607.0,0.775745,2571139.0845,25446.389977,10.0,257113.90845,1757660987588,2025-09-12 07:09:47
ENA,3281564.0,0.775745,2571072.57836,25413.240906,10.0,257107.257836,1757660992525,2025-09-12 07:09:52
ENA,3281480.0,0.775745,2570875.506,25281.33119,10.0,257087.5506,1757660997355,2025-09-12 07:09:57
ENA,3281436.0,0.775745,2570709.77676,25149.734765,10.0,257070.977676,1757661002038,2025-09-12 07:10:02
ENA,3302634.0,0.775734,2556734.1111,-5233.182895,10.0,255673.41111,1757662308569,2025-09-12 07:31:48
ENA,3305029.0,0.775733,2558125.49629,-5695.527705,10.0,255812.549629,1757662313838,2025-09-12 07:31:53
ENA,3311680.0,0.775729,2563107.8528,-5861.045195,10.0,256310.78528,1757662318566,2025-09-12 07:31:58
ENA,3313012.0,0.775729,2564105.6374,-5894.228595,10.0,256410.56374,1757662343608,2025-09-12 07:32:23
ENA,3319750.0,0.775725,2568988.5375,-6226.540495,10.0,256898.85375,1757662348627,2025-09-12 07:32:28
ENA,3337544.0,0.775716,2582791.79984,-6195.834155,10.0,258279.179984,1757662353568,2025-09-12 07:32:33
ENA,3340576.0,0.775714,2585338.57792,-5995.824075,10.0,258533.857792,1757662358631,2025-09-12 07:32:38
ENA,3343171.0,0.775713,2587346.90032,-5996.031675,10.0,258734.690032,1757662363680,2025-09-12 07:32:43
ENA,3376558.0,0.775696,2612679.28366,-6505.186335,10.0,261267.928366,1757662368674,2025-09-12 07:32:48
ENA,3410634.0,0.775679,2640103.56672,-5455.727275,10.0,264010.356672,1757662374025,2025-09-12 07:32:54
ENA,3413118.0,0.775677,2638749.78816,-8729.637835,10.0,263874.978816,1757662428658,2025-09-12 07:33:48
ENA,3414318.0,0.775676,2639848.24806,-8558.777935,10.0,263984.824806,1757662458603,2025-09-12 07:34:18
ENA,3540000.0,0.775581,2736667.8,-8891.411995,10.0,273666.78,1757662478688,2025-09-12 07:34:38
ENA,3550205.0,0.775571,2740261.2313,-13176.240695,10.0,274026.12313,1757662538496,2025-09-12 07:35:38
ENA,3552719.0,0.775568,2742201.68734,-13176.592655,10.0,274220.168734,1757662543530,2025-09-12 07:35:43
ENA,3598608.0,0.775523,2777657.55696,-13147.031035,10.0,277765.755696,1757662548982,2025-09-12 07:35:48
ENA,3601481.0,0.77552,2780055.21352,-12967.330475,10.0,278005.521352,1757662553590,2025-09-12 07:35:53
ENA,3646273.0,0.775477,2815396.77149,-12205.196505,10.0,281539.677149,1757662808399,2025-09-12 07:40:08
ENA,3664512.0,0.77546,2829039.90912,-12642.566875,10.0,282903.990912,1757662853348,2025-09-12 07:40:53
ENA,3671873.0,0.775453,2835346.89314,-12018.274855,10.0,283534.689314,1757662868385,2025-09-12 07:41:08
ENA,3673523.0,0.775451,2835518.93324,-13120.034755,10.0,283551.893324,1757662883245,2025-09-12 07:41:23
ENA,3689347.0,0.775436,2847770.05583,-13085.040165,10.0,284777.005583,1757663892633,2025-09-12 07:58:12
ENA,3689847.0,0.775436,2848598.78247,-12642.313525,10.0,284859.878247,1757663897975,2025-09-12 07:58:17
ENA,3693648.0,0.775432,2851607.06544,-12568.402555,10.0,285160.706544,1757663922985,2025-09-12 07:58:42
ENA,3693987.0,0.775432,2851351.62543,-13085.550565,10.0,285135.162543,1757663942890,2025-09-12 07:59:02
ENA,3697510.0,0.775429,2853331.4919,-13825.440095,10.0,285333.14919,1757663947944,2025-09-12 07:59:07
ENA,3697529.0,0.775429,2854011.70923,-13159.890765,10.0,285401.170923,1757663952939,2025-09-12 07:59:12
ENA,3701207.0,0.775425,2856665.58674,-13345.429255,10.0,285666.558674,1757663957919,2025-09-12 07:59:17
ENA,3702247.0,0.775424,2857838.50424,-12975.391755,10.0,285783.850424,1757663962980,2025-09-12 07:59:22
ENA,3702395.0,0.775424,2857693.58075,-13234.571245,10.0,285769.358075,1757663982492,2025-09-12 07:59:42
ENA,3704787.0,0.775422,2859391.65447,-13383.121525,10.0,285939.165447,1757663988083,2025-09-12 07:59:48
ENA,3791101.0,0.775344,2925858.01877,-13551.165225,10.0,292585.801877,1757663992942,2025-09-12 07:59:52
ENA,3791259.0,0.775344,2926776.12282,-12755.037175,10.0,292677.612282,1757664012512,2025-09-12 08:00:12
ENA,3799066.0,0.775337,2932119.1388,-13439.025195,10.0,293211.91388,1757664017434,2025-09-12 08:00:17
ENA,3928936.0,0.775161,3023080.51584,-22477.548155,10.0,302308.051584,1757664242012,2025-09-12 08:04:02
ENA,3929418.0,0.77516,3025612.56582,-20316.638175,10.0,302561.256582,1757664272301,2025-09-12 08:04:32
ENA,3933837.0,0.775154,3029211.84348,-20119.990515,10.0,302921.184348,1757664278361,2025-09-12 08:04:38
ENA,4020487.0,0.775043,3095011.09747,-21041.236525,10.0,309501.109747,1757664291986,2025-09-12 08:04:51
ENA,4022548.0,0.77504,3096476.99944,-21162.304555,10.0,309647.699944,1757664297042,2025-09-12 08:04:57
ENA,4027211.0,0.775035,3100106.75569,-21123.058305,10.0,310010.675569,1757664302088,2025-09-12 08:05:02
ENA,4046388.0,0.775011,3114909.4824,-21086.621595,10.0,311490.94824,1757664307093,2025-09-12 08:05:07
ENA,4046797.0,0.77501,3115224.3306,-21086.703395,10.0,311522.43306,1757664312242,2025-09-12 08:05:12
ENA,4047297.0,0.77501,3116054.43327,-20641.600725,10.0,311605.443327,1757664317118,2025-09-12 08:05:17
ENA,4058806.0,0.774995,3124103.56626,-21454.397735,10.0,312410.356626,1757664322151,2025-09-12 08:05:22
ENA,4059984.0,0.774994,3123142.692,-23321.153995,10.0,312314.2692,1757664411970,2025-09-12 08:06:51
ENA,4060003.0,0.774994,3121249.10634,-25229.350655,10.0,312124.910634,1757664492071,2025-09-12 08:08:12
ENA,4060503.0,0.774993,3122080.15167,-24782.805325,10.0,312208.015167,1757664497003,2025-09-12 08:08:17
ENA,4074771.0,0.774972,3132846.93564,-24988.113355,10.0,313284.693564,1757664502117,2025-09-12 08:08:22
ENA,4078874.0,0.774966,3135715.96498,-25274.291015,10.0,313571.596498,1757664512070,2025-09-12 08:08:32
ENA,4079262.0,0.774965,3136055.04036,-25233.587635,10.0,313605.504036,1757664517279,2025-09-12 08:08:37
ENA,4113799.0,0.774915,3162606.39522,-25241.185775,10.0,316260.639522,1757664521921,2025-09-12 08:08:41
ENA,4123634.0,0.774901,3170043.6375,-25367.058495,10.0,317004.36375,1757664526931,2025-09-12 08:08:46
ENA,4146929.0,0.774868,3187951.66875,-25372.882245,10.0,318795.166875,1757664531927,2025-09-12 08:08:51
ENA,4188845.0,0.774809,3220258.37065,-25299.584345,10.0,322025.837065,1757664542052,2025-09-12 08:09:02
ENA,4319053.0,0.774604,3313361.50895,-32196.190045,10.0,331336.150895,1757664991984,2025-09-12 08:16:31
ENA,4319553.0,0.774603,3308993.57565,-36947.123345,10.0,330899.357565,1757665097164,2025-09-12 08:18:17
ENA,4580149.0,0.774113,3506653.67738,-38903.557615,10.0,350665.367738,1757669286805,2025-09-12 09:28:06
ENA,4580223.0,0.774113,3503824.79277,-41789.052225,10.0,350382.479277,1757669756610,2025-09-12 09:35:56
ENA,4586223.0,0.774101,3507635.07486,-42568.770135,10.0,350763.507486,1757669871072,2025-09-12 09:37:51
ENA,4586972.0,0.7741,3508253.79476,-42523.035235,10.0,350825.379476,1757669876070,2025-09-12 09:37:56
ENA,4587472.0,0.774099,3510058.32608,-41101.003915,10.0,351005.832608,1757669896104,2025-09-12 09:38:16
ENA,4665201.0,0.773947,3568832.11299,-41789.902005,10.0,356883.211299,1757669901055,2025-09-12 09:38:21
ENA,4665964.0,0.773946,3569182.50216,-42023.207835,10.0,356918.250216,1757669906148,2025-09-12 09:38:26
ENA,4666284.0,0.773945,3569053.98024,-42396.529755,10.0,356905.398024,1757669936106,2025-09-12 09:38:56
ENA,4676100.0,0.773926,3576655.368,-42304.381995,10.0,357665.5368,1757669956072,2025-09-12 09:39:16
ENA,4677100.0,0.773925,3576999.309,-42725.440995,10.0,357699.9309,1757669961263,2025-09-12 09:39:21
ENA,4677849.0,0.773923,3577385.02275,-42912.712245,10.0,357738.502275,1757669966024,2025-09-12 09:39:26
ENA,4690531.0,0.773899,3587693.35128,-42306.113715,10.0,358769.335128,1757669981158,2025-09-12 09:39:41
ENA,4841585.0,0.773621,3702989.45555,-42566.319445,10.0,370298.945555,1757669986132,2025-09-12 09:39:46
ENA,4972475.0,0.773368,3796484.6625,-49071.072495,10.0,379648.46625,1757670140947,2025-09-12 09:42:20
ENA,5006826.0,0.773287,3810895.54164,-60818.303195,10.0,381089.554164,1757671560471,2025-09-12 10:06:00
ENA,5021072.0,0.773253,3824650.96384,-57911.209995,10.0,382465.096384,1757671565450,2025-09-12 10:06:05
ENA,5022098.0,0.773251,3824277.40602,-59066.066815,10.0,382427.740602,1757671576518,2025-09-12 10:06:16
ENA,5022862.0,0.773249,3824658.2699,-59266.988935,10.0,382465.82699,1757671585257,2025-09-12 10:06:25
ENA,5103794.0,0.773063,3883732.0443,-61822.932535,10.0,388373.20443,1757671600388,2025-09-12 10:06:40
ENA,5235286.0,0.772747,3984104.99886,-61449.643975,10.0,398410.499886,1757672065790,2025-09-12 10:14:25
ENA,5367212.0,0.772385,4082086.75872,-63467.792115,10.0,408208.675872,1757675986734,2025-09-12 11:19:46
ENA,5499487.0,0.77199,4154312.4798,-91241.971035,10.0,415431.24798,1757676815489,2025-09-12 11:33:35
ENA,5633617.0,0.771361,4200086.81818,-145466.912855,10.0,420008.681818,1757691558182,2025-09-12 15:39:18
ENA,5767751.0,0.770763,4300838.88817,-144733.579945,10.0,430083.888817,1757691562901,2025-09-12 15:39:22
ENA,5744495.0,0.770763,4451983.625,24336.034943,10.0,445198.3625,1757701361711,2025-09-12 18:22:41
ENA,5704406.0,0.770763,4420914.65,24166.20152,10.0,442091.465,1757701366870,2025-09-12 18:22:46
ENA,5663484.0,0.770763,4389200.1,23992.83917,10.0,438920.01,1757701372206,2025-09-12 18:22:52
ENA,5631488.0,0.770763,4364346.88512,23800.976126,10.0,436434.688512,1757701376809,2025-09-12 18:22:56
ENA,5590044.0,0.770763,4332228.19956,23625.816802,10.0,433222.819956,1757701381819,2025-09-12 18:23:01
ENA,5479364.0,0.770763,4246452.30636,23158.037768,10.0,424645.230636,1757701387482,2025-09-12 18:23:07
ENA,5358720.0,0.770763,4154347.68,24041.413983,10.0,415434.768,1757701459850,2025-09-12 18:24:19
ENA,5357591.0,0.770763,4153525.99866,24089.924738,10.0,415352.599866,1757701465099,2025-09-12 18:24:25
ENA,5224677.0,0.770763,4050744.32487,23753.522776,10.0,405074.432487,1757701470178,2025-09-12 18:24:30
ENA,5190977.0,0.770763,4025602.6635,24586.594398,10.0,402560.26635,1757701510231,2025-09-12 18:25:10
ENA,5101390.0,0.770763,3964953.3497,32987.678362,10.0,396495.33497,1757701550087,2025-09-12 18:25:50
ENA,4931429.0,0.770763,3833051.81883,32085.89805,10.0,383305.181883,1757701555471,2025-09-12 18:25:55
ENA,4906446.0,0.770763,3820060.72668,38350.792674,10.0,382006.072668,1757704708880,2025-09-12 19:18:28
ENA,4905365.0,0.770763,3821279.335,40402.596437,10.0,382127.9335,1757704713561,2025-09-12 19:18:33
ENA,4895111.0,0.770763,3811039.71794,38066.389233,10.0,381103.971794,1757704719195,2025-09-12 19:18:39
ENA,4893984.0,0.770763,3810162.30336,38057.62522,10.0,381016.230336,1757704723150,2025-09-12 19:18:43
ENA,4893934.0,0.770763,3812276.70732,40210.56736,10.0,381227.670732,1757704748595,2025-09-12 19:19:08
ENA,4859160.0,0.770763,3785237.0484,39973.441526,10.0,378523.70484,1757704753367,2025-09-12 19:19:13
ENA,4783487.0,0.770763,3726336.373,39398.759288,10.0,372633.6373,1757704758344,2025-09-12 19:19:18
ENA,4771985.0,0.770763,3721384.7824,43312.491503,10.0,372138.47824,1757704809448,2025-09-12 19:20:09
ENA,4724081.0,0.770763,3684735.93919,43586.307318,10.0,368473.593919,1757704813291,2025-09-12 19:20:13
ENA,4669396.0,0.770763,3641288.38872,42287.963778,10.0,364128.838872,1757704819311,2025-09-12 19:20:19
ENA,4649581.0,0.770763,3625650.27218,41922.527778,10.0,362565.027218,1757704833426,2025-09-12 19:20:33
ENA,4632342.0,0.770763,3613226.76,42786.209136,10.0,361322.676,1757704838719,2025-09-12 19:20:38
ENA,4536916.0,0.770763,3538749.11084,41859.446344,10.0,353874.911084,1757704843759,2025-09-12 19:20:43
ENA,4495243.0,0.770763,3501344.7727,36575.139298,10.0,350134.47727,1757706275471,2025-09-12 19:44:35
ENA,4494644.0,0.770763,3504249.1946,39941.248589,10.0,350424.91946,1757706739141,2025-09-12 19:52:19
ENA,4489372.0,0.770763,3500183.77352,39939.29316,10.0,350018.377352,1757706745109,2025-09-12 19:52:25
ENA,4478424.0,0.770763,3492991.58304,41185.422472,10.0,349299.158304,1757706754194,2025-09-12 19:52:34
ENA,4393829.0,0.770763,3427010.86684,40407.452194,10.0,342701.086684,1757706758965,2025-09-12 19:52:38
ENA,4375138.0,0.770763,3411995.12068,39798.048304,10.0,341199.512068,1757706764026,2025-09-12 19:52:44
ENA,4083225.0,0.770763,3184874.66775,37673.50728,10.0,318487.466775,1757706769344,2025-09-12 19:52:49
ENA,4060996.0,0.770763,3177445.10028,47377.243665,10.0,317744.510028,1757706860033,2025-09-12 19:54:20
ENA,4020059.0,0.770763,3144409.74862,45894.641104,10.0,314440.974862,1757706865412,2025-09-12 19:54:25
ENA,3755082.0,0.770763,2939665.9437,45385.460042,10.0,293966.59437,1757706869950,2025-09-12 19:54:29
ENA,3708915.0,0.770763,2903412.8403,44716.199309,10.0,290341.28403,1757706910784,2025-09-12 19:55:10
ENA,3708757.0,0.770763,2903919.64343,45344.783087,10.0,290391.964343,1757706915180,2025-09-12 19:55:15
ENA,3707889.0,0.770763,2904018.6648,46112.827255,10.0,290401.86648,1757706919976,2025-09-12 19:55:19
ENA,3689874.0,0.770763,2889724.8231,45704.291641,10.0,288972.48231,1757706924987,2025-09-12 19:55:24
ENA,3682238.0,0.770763,2883671.04494,45536.064259,10.0,288367.104494,1757706929927,2025-09-12 19:55:29
ENA,3656650.0,0.770763,2862718.152,44305.470064,10.0,286271.8152,1757706941761,2025-09-12 19:55:41
ENA,3579502.0,0.770763,2803322.78632,44372.97384,10.0,280332.278632,1757706999979,2025-09-12 19:56:39
ENA,3197084.0,0.770763,2506066.26424,41870.32238,10.0,250606.626424,1757707164351,2025-09-12 19:59:24
ENA,3146140.0,0.770763,2467014.2196,42084.058077,10.0,246701.42196,1757707179850,2025-09-12 19:59:39
ENA,3042577.0,0.770763,2386323.56687,41215.995035,10.0,238632.356687,1757707184806,2025-09-12 19:59:44
ENA,2928556.0,0.770763,2297627.89536,40403.558838,10.0,229762.789536,1757707499550,2025-09-12 20:04:59
ENA,2871881.0,0.770763,2253306.55141,39765.24136,10.0,225330.655141,1757707509476,2025-09-12 20:05:09
ENA,2799749.0,0.770763,2196095.11811,38150.527345,10.0,219609.511811,1757707579316,2025-09-12 20:06:19
ENA,2738320.0,0.770763,2149499.0504,38901.696215,10.0,214949.90504,1757707584545,2025-09-12 20:06:24
ENA,2736587.0,0.770763,2153803.43248,44541.811598,10.0,215380.343248,1757707649441,2025-09-12 20:07:29
ENA,2736573.0,0.770763,2141669.39553,32418.565339,10.0,214166.939553,1757707654759,2025-09-12 20:07:34
ENA,2865939.0,0.770864,2216144.65053,6893.902339,10.0,221614.465053,1757708695574,2025-09-12 20:24:55
ENA,2924810.0,0.770867,2254589.7885,-50.500691,10.0,225458.97885,1757711125251,2025-09-12 21:05:25
ENA,2927810.0,0.770867,2257400.0662,446.777009,10.0,225740.00662,1757711130237,2025-09-12 21:05:30
ENA,2995640.0,0.77087,2309698.3528,448.133609,10.0,230969.83528,1757711136093,2025-09-12 21:05:36
ENA,3125510.0,0.770832,2405923.8327,-3320.168521,10.0,240592.38327,1757711225704,2025-09-12 21:07:05
ENA,3255380.0,0.770599,2490691.238,-17902.716321,10.0,249069.1238,1757711240475,2025-09-12 21:07:20
ENA,3385375.0,0.770554,2604572.11,-4045.368401,10.0,260457.211,1757718682279,2025-09-12 23:11:22
ENA,3515337.0,0.770534,2706879.79674,-1809.699431,10.0,270687.979674,1757718691982,2025-09-12 23:11:31
ENA,3645453.0,0.770474,2802113.90298,-6614.650741,10.0,280211.390298,1757718761736,2025-09-12 23:12:41
ENA,3775512.0,0.770425,2903330.97288,-5419.454791,10.0,290333.097288,1757718776747,2025-09-12 23:12:56
ENA,3757005.0,0.770425,2922010.63875,27518.474375,10.0,292201.063875,1757720716757,2025-09-12 23:45:16
ENA,3732278.0,0.770425,2902965.8284,27523.973453,10.0,290296.58284,1757720721802,2025-09-12 23:45:21
ENA,3729294.0,0.770425,2900905.92378,27763.018295,10.0,290090.592378,1757720731786,2025-09-12 23:45:31
ENA,3721639.0,0.770425,2894951.32893,27706.03006,10.0,289495.132893,1757720736738,2025-09-12 23:45:36
ENA,3713622.0,0.770425,2889086.50734,28017.709086,10.0,288908.650734,1757720741780,2025-09-12 23:45:41
ENA,3685428.0,0.770425,2867262.984,27915.560112,10.0,286726.2984,1757720746725,2025-09-12 23:45:46
ENA,3667659.0,0.770425,2853438.702,27780.967448,10.0,285343.8702,1757720751801,2025-09-12 23:45:51
ENA,3652314.0,0.770425,2841208.10688,27372.550441,10.0,284120.810688,1757720756962,2025-09-12 23:45:56
ENA,3643014.0,0.770425,2834155.60158,27485.001577,10.0,283415.560158,1757720762358,2025-09-12 23:46:02
ENA,3636395.0,0.770425,2828497.12285,26925.968721,10.0,282849.712285,1757720766831,2025-09-12 23:46:06
ENA,3636137.0,0.770425,2828114.63586,26742.25149,10.0,282811.463586,1757720771450,2025-09-12 23:46:11
ENA,3627924.0,0.770425,2822089.52112,27044.640751,10.0,282208.952112,1757720776816,2025-09-12 23:46:16
ENA,3611919.0,0.770425,2809820.14767,27105.926194,10.0,280982.014767,1757720781802,2025-09-12 23:46:21
ENA,3596345.0,0.770425,2797560.81205,26845.19611,10.0,279756.081205,1757720786856,2025-09-12 23:46:26
ENA,3586480.0,0.770425,2789886.9272,26771.558059,10.0,278988.69272,1757720791299,2025-09-12 23:46:31
ENA,3559351.0,0.770425,2769139.48449,26924.986644,10.0,276913.948449,1757720796834,2025-09-12 23:46:36
ENA,3538726.0,0.770425,2753093.44074,26768.967241,10.0,275309.344074,1757720801260,2025-09-12 23:46:41
ENA,3519637.0,0.770425,2738277.586,26659.763396,10.0,273827.7586,1757720806905,2025-09-12 23:46:46
ENA,3506648.0,0.770425,2728172.144,26561.377213,10.0,272817.2144,1757720811859,2025-09-12 23:46:51
ENA,3490514.0,0.770425,2715480.27144,26299.548424,10.0,271548.027144,1757720816826,2025-09-12 23:46:56
ENA,3397961.0,0.770425,2643579.67839,25704.13951,10.0,264357.967839,1757720822067,2025-09-12 23:47:02
ENA,3390867.0,0.770425,2645418.79872,33008.657793,10.0,264541.879872,1757720921777,2025-09-12 23:48:41
ENA,3370878.0,0.770425,2630194.97706,33184.86991,10.0,263019.497706,1757720926795,2025-09-12 23:48:46
ENA,3368572.0,0.770425,2628328.303,33094.796875,10.0,262832.8303,1757720931699,2025-09-12 23:48:51
ENA,3358693.0,0.770425,2620586.62632,32964.152948,10.0,262058.662632,1757720936779,2025-09-12 23:48:56
ENA,3335445.0,0.770425,2602981.278,33269.654859,10.0,260298.1278,1757720941781,2025-09-12 23:49:01
ENA,3322589.0,0.770425,2592782.32615,32975.292245,10.0,259278.232615,1757720946778,2025-09-12 23:49:06
ENA,3311044.0,0.770425,2583442.081,32529.608604,10.0,258344.2081,1757720951720,2025-09-12 23:49:11
ENA,3283534.0,0.770425,2562437.09826,32719.029247,10.0,256243.709826,1757720956944,2025-09-12 23:49:16
ENA,3263140.0,0.770425,2546554.456,32548.44306,10.0,254655.4456,1757720961931,2025-09-12 23:49:21
ENA,3254665.0,0.770425,2539908.01935,32431.361868,10.0,253990.801935,1757720966732,2025-09-12 23:49:26
ENA,3325404.0,0.770202,2526542.19708,-34690.794992,10.0,252654.219708,1757749520546,2025-09-13 07:45:20
ENA,3361875.0,0.770091,2554621.575,-34329.377072,10.0,255462.1575,1757749525632,2025-09-13 07:45:25
ENA,3362245.0,0.77009,2555070.84285,-34161.309222,10.0,255507.084285,1757749530565,2025-09-13 07:45:30
ENA,3492793.0,0.769937,2674920.59112,-14311.328952,10.0,267492.059112,1757760577781,2025-09-13 10:49:37
ENA,3493305.0,0.769936,2674159.91055,-15463.945522,10.0,267415.991055,1757760657362,2025-09-13 10:50:57
ENA,3495790.0,0.769933,2676586.5714,-14939.552172,10.0,267658.65714,1757760682815,2025-09-13 10:51:22
ENA,3498885.0,0.769929,2678396.4675,-15498.878572,10.0,267839.64675,1757760712736,2025-09-13 10:51:52
ENA,3501002.0,0.769926,2680017.031,-15498.878572,10.0,268001.7031,1757760738001,2025-09-13 10:52:18
ENA,3504040.0,0.769923,2682307.5796,-15533.918972,10.0,268230.75796,1757760743073,2025-09-13 10:52:23
ENA,3507535.0,0.769918,2685263.56995,-15253.351122,10.0,268526.356995,1757760802716,2025-09-13 10:53:22
ENA,3508961.0,0.769916,2686425.45199,-15183.072082,10.0,268642.545199,1757760807924,2025-09-13 10:53:27
ENA,3514417.0,0.76991,2690848.52022,-14936.571852,10.0,269084.852022,1757760863103,2025-09-13 10:54:23
ENA,3515325.0,0.769908,2691508.58625,-14971.579822,10.0,269150.858625,1757761188940,2025-09-13 10:59:48
ENA,3521338.0,0.769901,2695619.45238,-15463.665192,10.0,269561.945238,1757761193920,2025-09-13 10:59:53
ENA,3609073.0,0.769794,2763467.1961,-14777.063972,10.0,276346.71961,1757761232565,2025-09-13 11:00:32
ENA,3623426.0,0.769777,2772971.68354,-16259.798032,10.0,277297.168354,1757761237360,2025-09-13 11:00:37
ENA,3463800.0,0.769777,2684029.344,17674.351276,10.0,268402.9344,1757764550270,2025-09-13 11:55:50
ENA,3462739.0,0.769777,2682860.92242,17322.663528,10.0,268286.092242,1757764555376,2025-09-13 11:55:55
ENA,3462501.0,0.769777,2682330.27468,16975.222812,10.0,268233.027468,1757764565455,2025-09-13 11:56:05
ENA,3449143.0,0.769777,2672568.45355,17496.088329,10.0,267256.845355,1757764570482,2025-09-13 11:56:10
ENA,3433301.0,0.769777,2659812.61771,16935.066223,10.0,265981.261771,1757764575470,2025-09-13 11:56:15
ENA,3421685.0,0.769777,2651189.9717,17254.154612,10.0,265118.99717,1757764580838,2025-09-13 11:56:20
ENA,3421653.0,0.769777,2651233.61052,17322.42631,10.0,265123.361052,1757764620385,2025-09-13 11:57:00
ENA,3552551.0,0.769605,2718625.17826,-15436.28621,10.0,271862.517826,1757766465622,2025-09-13 12:27:45
ENA,3683957.0,0.769298,2802091.37334,-31970.05713,10.0,280209.137334,1757771464079,2025-09-13 13:51:04
ENA,3694007.0,0.769272,2807482.26007,-34217.1704,10.0,280748.226007,1757771478650,2025-09-13 13:51:18
ENA,3839533.0,0.768921,2916586.05746,-35713.13301,10.0,291658.605746,1757771489181,2025-09-13 13:51:29
ENA,3856090.0,0.768882,2928970.2813,-35911.0646,10.0,292897.02813,1757771498827,2025-09-13 13:51:38
ENA,3971111.0,0.768625,3012524.51571,-39772.79019,10.0,301252.451571,1757771503773,2025-09-13 13:51:43
ENA,4101370.0,0.768176,3088126.5415,-62449.80546,10.0,308812.65415,1757771518973,2025-09-13 13:51:58
ENA,4232948.0,0.767672,3181483.7168,-68032.53602,10.0,318148.37168,1757771525691,2025-09-13 13:52:05
ENA,4364526.0,0.767223,3287666.50002,-60898.5542,10.0,328766.650002,1757771534496,2025-09-13 13:52:14
ENA,4368582.0,0.767215,3318069.08646,-33576.49976,10.0,331806.908646,1757777869010,2025-09-13 15:37:49
ENA,4369102.0,0.767214,3317939.74982,-34100.7764,10.0,331793.974982,1757777927558,2025-09-13 15:38:47
ENA,4496191.0,0.766996,3414227.59776,-34337.02396,10.0,341422.759776,1757777934165,2025-09-13 15:38:54
ENA,4628291.0,0.766711,3502042.66806,-46521.65366,10.0,350204.266806,1757780182532,2025-09-13 16:16:22
ENA,4760566.0,0.766413,3596655.21866,-51909.00306,10.0,359665.521866,1757780252765,2025-09-13 16:17:32
ENA,4765094.0,0.766403,3597455.36624,-54527.49548,10.0,359745.536624,1757781318396,2025-09-13 16:35:18
ENA,4893016.0,0.766104,3691535.9212,-57028.05052,10.0,369153.59212,1757781323441,2025-09-13 16:35:23
ENA,4962707.0,0.765934,3741881.078,-59229.90772,10.0,374188.1078,1757781618920,2025-09-13 16:40:18
ENA,4965522.0,0.765928,3744053.24322,-59180.2525,10.0,374405.324322,1757781623348,2025-09-13 16:40:23
ENA,5025641.0,0.765785,3788881.00631,-59682.21541,10.0,378888.100631,1757781628351,2025-09-13 16:40:28
ENA,5158443.0,0.765456,3886113.03405,-62450.09367,10.0,388611.303405,1757781828339,2025-09-13 16:43:48
ENA,5282429.0,0.765152,3973020.49948,-68842.09324,10.0,397302.049948,1757782078317,2025-09-13 16:47:58
ENA,5291333.0,0.76513,3978235.80272,-70327.05,10.0,397823.580272,1757782083833,2025-09-13 16:48:03
ENA,5424223.0,0.764821,4079015.696,-69546.88172,10.0,407901.5696,1757782863639,2025-09-13 17:01:03
ENA,5428190.0,0.764811,4080044.7316,-71499.71217,10.0,408004.47316,1757782928511,2025-09-13 17:02:08
ENA,5557237.0,0.764509,4177708.48712,-70853.49125,10.0,417770.848712,1757782958442,2025-09-13 17:02:38
ENA,5690141.0,0.76423,4279668.84892,-68910.35377,10.0,427966.884892,1757783343505,2025-09-13 17:09:03
ENA,5823296.0,0.763927,4368054.3296,-80524.27809,10.0,436805.43296,1757783698517,2025-09-13 17:14:58
ENA,5240967.0,0.763927,4009654.21302,5933.007752,10.0,400965.421302,1757786169565,2025-09-13 17:56:09
ENA,5372545.0,0.763831,4082328.31825,-21392.167018,10.0,408232.831825,1757786823627,2025-09-13 18:07:03
ENA,5359717.0,0.763831,4106561.56823,12639.516738,10.0,410656.156823,1757787557985,2025-09-13 18:19:17
ENA,5359703.0,0.763831,4105907.67721,11996.319363,10.0,410590.767721,1757787563314,2025-09-13 18:19:23
ENA,5333585.0,0.763831,4086432.81945,12471.219425,10.0,408643.281945,1757787583250,2025-09-13 18:19:43
ENA,5273640.0,0.763831,4038711.7212,10538.015831,10.0,403871.17212,1757788793752,2025-09-13 18:39:53
ENA,5242031.0,0.763831,4016286.89127,12257.143899,10.0,401628.689127,1757788798723,2025-09-13 18:39:58
ENA,5087832.0,0.763831,3917579.76168,31332.107375,10.0,391757.976168,1757788908774,2025-09-13 18:41:48
ENA,4917356.0,0.763831,3788970.31868,32937.646942,10.0,378897.031868,1757788913351,2025-09-13 18:41:53
ENA,4917327.0,0.763831,3786341.79,30331.269384,10.0,378634.179,1757788953603,2025-09-13 18:42:33
ENA,4702090.0,0.763831,3620609.3,29003.6352,10.0,362060.93,1757788958880,2025-09-13 18:42:38
ENA,4694776.0,0.763831,3614742.7812,28723.781869,10.0,361474.27812,1757789028568,2025-09-13 18:43:48
ENA,4694337.0,0.763831,3614263.94304,28580.265851,10.0,361426.394304,1757790787902,2025-09-13 19:13:07
ENA,4633979.0,0.763831,3567793.11168,28212.791673,10.0,356779.311168,1757790792828,2025-09-13 19:13:12
ENA,4552970.0,0.763831,3505741.3703,28038.297072,10.0,350574.13703,1757790797651,2025-09-13 19:13:17
ENA,4497705.0,0.763831,3454192.46295,18702.551758,10.0,345419.246295,1757792215628,2025-09-13 19:36:55
ENA,4497689.0,0.763831,3454180.17511,18702.485227,10.0,345418.017511,1757792220620,2025-09-13 19:37:00
ENA,4422762.0,0.763831,3396636.98838,18390.920533,10.0,339663.698838,1757792225714,2025-09-13 19:37:05
ENA,4406584.0,0.763831,3388663.096,22774.298314,10.0,338866.3096,1757792295664,2025-09-13 19:38:15
ENA,4292723.0,0.763831,3302263.02221,23344.872183,10.0,330226.302221,1757792305500,2025-09-13 19:38:25
ENA,4267969.0,0.763831,3286336.13,26325.871281,10.0,328633.613,1757793365547,2025-09-13 19:56:05
ENA,4165374.0,0.763831,3208879.16838,27234.228741,10.0,320887.916838,1757793890016,2025-09-13 20:04:50
ENA,4095782.0,0.763831,3158667.0784,30178.718387,10.0,315866.70784,1757793920248,2025-09-13 20:05:20
ENA,4048850.0,0.763831,3122432.6315,29792.423505,10.0,312243.26315,1757793925226,2025-09-13 20:05:25
ENA,3873874.0,0.763831,2988964.96218,29976.979656,10.0,298896.496218,1757793930315,2025-09-13 20:05:30
ENA,3870187.0,0.763831,2987436.04717,31264.312333,10.0,298743.604717,1757794035268,2025-09-13 20:07:15
ENA,3870030.0,0.763831,2979923.1,23871.286749,10.0,297992.31,1757794405184,2025-09-13 20:13:25
ENA,3869984.0,0.763831,2979848.98016,23832.303171,10.0,297984.898016,1757794410320,2025-09-13 20:13:30
ENA,3869915.0,0.763831,2979834.55,23870.577403,10.0,297983.455,1757794415239,2025-09-13 20:13:35
ENA,3676678.0,0.763831,2830637.62542,22274.209986,10.0,283063.762542,1757794425141,2025-09-13 20:13:45
ENA,3567850.0,0.763831,2753452.559,28215.425982,10.0,275345.2559,1757794535108,2025-09-13 20:15:35
ENA,3566437.0,0.763831,2751648.80298,27490.964235,10.0,275164.880298,1757794735059,2025-09-13 20:18:55
ENA,3492845.0,0.763831,2695114.13045,27168.198343,10.0,269511.413045,1757797253228,2025-09-13 21:00:53
ENA,3492262.0,0.763831,2696026.264,28525.645808,10.0,269602.6264,1757797268246,2025-09-13 21:01:08
ENA,3491264.0,0.763831,2695220.89536,28482.581262,10.0,269522.089536,1757797273155,2025-09-13 21:01:13
ENA,3490810.0,0.763831,2694870.4119,28478.87742,10.0,269487.04119,1757797278410,2025-09-13 21:01:18
ENA,3489991.0,0.763831,2693958.95281,28192.996539,10.0,269395.895281,1757797283297,2025-09-13 21:01:23
ENA,3474378.0,0.763831,2682046.0971,28205.846046,10.0,268204.60971,1757797288288,2025-09-13 21:01:28
ENA,3447169.0,0.763831,2661179.99631,28122.84353,10.0,266117.999631,1757797298451,2025-09-13 21:01:38
ENA,3398172.0,0.763831,2623354.80228,27723.114082,10.0,262335.480228,1757797303263,2025-09-13 21:01:43
ENA,3398157.0,0.763831,2623377.204,27756.973279,10.0,262337.7204,1757797308232,2025-09-13 21:01:48
ENA,3397181.0,0.763831,2622589.76019,27715.029265,10.0,262258.976019,1757797313250,2025-09-13 21:01:53
ENA,3396798.0,0.763831,2622294.08802,27711.904658,10.0,262229.408802,1757797318172,2025-09-13 21:01:58
ENA,3384404.0,0.763831,2611846.09892,26730.846351,10.0,261184.609892,1757797353330,2025-09-13 21:02:33
ENA,3360775.0,0.763831,2593711.714,26645.04201,10.0,259371.1714,1757797378779,2025-09-13 21:02:58
ENA,3359379.0,0.763831,2590014.02142,24013.658564,10.0,259001.402142,1757797688391,2025-09-13 21:08:08
ENA,3359309.0,0.763831,2589993.64591,24046.751277,10.0,258999.364591,1757797718086,2025-09-13 21:08:38
ENA,3359041.0,0.763831,2589787.02059,24044.832869,10.0,258978.702059,1757797723490,2025-09-13 21:08:43
ENA,3192737.0,0.763831,2462749.61232,24035.70107,10.0,246274.961232,1757797728258,2025-09-13 21:08:48
ENA,3185369.0,0.763831,2457289.20767,24203.208806,10.0,245728.920767,1757797943082,2025-09-13 21:12:23
ENA,3154050.0,0.763831,2433318.0345,24154.482429,10.0,243331.80345,1757797948254,2025-09-13 21:12:28
ENA,3110800.0,0.763831,2399951.092,23823.263415,10.0,239995.1092,1757797952933,2025-09-13 21:12:32
ENA,3110731.0,0.763831,2399897.85919,23822.734997,10.0,239989.785919,1757797958328,2025-09-13 21:12:38
ENA,3109374.0,0.763831,2398850.94726,23812.342763,10.0,239885.094726,1757797973300,2025-09-13 21:12:53
ENA,3109360.0,0.763831,2398871.24,23843.329148,10.0,239887.124,1757797978126,2025-09-13 21:12:58
ENA,2969391.0,0.763831,2290855.46259,22740.318887,10.0,229085.546259,1757797983300,2025-09-13 21:13:03
ENA,2967752.0,0.763831,2287750.98424,20887.760787,10.0,228775.098424,1757798108332,2025-09-13 21:15:08
ENA,2962065.0,0.763831,2283485.52915,20966.2169,10.0,228348.552915,1757798138321,2025-09-13 21:15:38
ENA,2955429.0,0.763831,2278547.09613,21096.57142,10.0,227854.709613,1757798143109,2025-09-13 21:15:43
ENA,2953600.0,0.763831,2276723.488,20670.011574,10.0,227672.3488,1757798158426,2025-09-13 21:15:58
ENA,2953560.0,0.763831,2277165.2244,21142.301245,10.0,227716.52244,1757798163255,2025-09-13 21:16:03
ENA,2953384.0,0.763831,2277059.064,21170.575235,10.0,227705.9064,1757798183348,2025-09-13 21:16:23
ENA,2953184.0,0.763831,2276904.864,21169.141587,10.0,227690.4864,1757798188437,2025-09-13 21:16:28
ENA,2951233.0,0.763831,2275400.643,21155.156346,10.0,227540.0643,1757798193329,2025-09-13 21:16:33
ENA,2895689.0,0.763831,2232576.219,20757.00344,10.0,223257.6219,1757798198403,2025-09-13 21:16:38
ENA,2672452.0,0.763831,2060460.492,19156.786309,10.0,206046.0492,1757798203270,2025-09-13 21:16:43
ENA,2674716.0,0.76383,2039631.43296,-3398.663291,10.0,203963.143296,1757801777387,2025-09-13 22:16:17
ENA,2803592.0,0.763771,2137794.97184,-3508.229451,10.0,213779.497184,1757801782284,2025-09-13 22:16:22
ENA,2806962.0,0.763769,2138652.41742,-5218.723871,10.0,213865.241742,1757801862361,2025-09-13 22:17:42
ENA,2934825.0,0.763692,2235925.7745,-5376.972791,10.0,223592.57745,1757801867333,2025-09-13 22:17:47
ENA,2935271.0,0.763691,2232508.41718,-9133.513111,10.0,223250.841718,1757801917385,2025-09-13 22:18:37
ENA,3066317.0,0.763555,2331412.80461,-9889.608681,10.0,233141.280461,1757801922275,2025-09-13 22:18:42
ENA,3066593.0,0.763554,2332143.9765,-9368.334791,10.0,233214.39765,1757802662590,2025-09-13 22:31:02
ENA,3068732.0,0.763552,2333770.686,-9368.334791,10.0,233377.0686,1757802667705,2025-09-13 22:31:07
ENA,3107808.0,0.763514,2363487.984,-9368.334791,10.0,236348.7984,1757802677544,2025-09-13 22:31:17
ENA,3109287.0,0.763513,2364643.85637,-9337.241921,10.0,236464.385637,1757802682723,2025-09-13 22:31:22
ENA,3180798.0,0.763445,2418869.64708,-9495.566711,10.0,241886.964708,1757802687610,2025-09-13 22:31:27
ENA,3181757.0,0.763444,2419471.65794,-9622.875351,10.0,241947.165794,1757802697914,2025-09-13 22:31:37
ENA,3181776.0,0.763444,2420536.092,-8572.890791,10.0,242053.6092,1757802757561,2025-09-13 22:32:37
ENA,3182236.0,0.763443,2420217.76744,-9241.045351,10.0,242021.776744,1757802762507,2025-09-13 22:32:42
ENA,3188778.0,0.763437,2424938.11788,-9495.885911,10.0,242493.811788,1757802772377,2025-09-13 22:32:52
ENA,3188866.0,0.763437,2425005.03836,-9495.889431,10.0,242500.503836,1757802777605,2025-09-13 22:32:57
ENA,3189167.0,0.763437,2425233.93682,-9495.901471,10.0,242523.393682,1757802787491,2025-09-13 22:33:07
ENA,3197809.0,0.763429,2431965.72259,-9336.356701,10.0,243196.572259,1757802807843,2025-09-13 22:33:27
ENA,3203408.0,0.763423,2435262.79568,-10295.643411,10.0,243526.279568,1757802827430,2025-09-13 22:33:47
ENA,3205422.0,0.763421,2436665.64174,-10423.840151,10.0,243666.564174,1757802832455,2025-09-13 22:33:52
ENA,3205444.0,0.763421,2436682.36548,-10423.840811,10.0,243668.236548,1757802837339,2025-09-13 22:33:57
ENA,3222125.0,0.763405,2449040.54875,-10746.553741,10.0,244904.054875,1757802842376,2025-09-13 22:34:02
ENA,3228453.0,0.763398,2453882.55624,-10715.091851,10.0,245388.255624,1757802847163,2025-09-13 22:34:07
ENA,3245134.0,0.763382,2466561.45072,-10717.093571,10.0,246656.145072,1757802852533,2025-09-13 22:34:12
ENA,3257509.0,0.76337,2476000.01581,-10686.003481,10.0,247600.001581,1757802857451,2025-09-13 22:34:17
ENA,3259099.0,0.763368,2477208.55891,-10686.178381,10.0,247720.855891,1757802862416,2025-09-13 22:34:22
ENA,3311552.0,0.763318,2517441.8304,-10327.677491,10.0,251744.18304,1757802867546,2025-09-13 22:34:27
ENA,3329353.0,0.763302,2530641.2153,-10660.612791,10.0,253064.12153,1757802872451,2025-09-13 22:34:32
ENA,3373878.0,0.763245,2560638.44688,-14457.856211,10.0,256063.844688,1757803022381,2025-09-13 22:37:02
ENA,3461105.0,0.763138,2626355.6961,-14945.899991,10.0,262635.56961,1757803027526,2025-09-13 22:37:07
ENA,3460933.0,0.763138,2644118.20267,2947.866358,10.0,264411.820267,1757808905950,2025-09-14 00:15:05
ENA,3595390.0,0.762435,2674754.4366,-66496.753882,10.0,267475.44366,1757841132206,2025-09-14 09:12:12
ENA,3729809.0,0.761792,2775910.34825,-65429.091422,10.0,277591.034825,1757841137271,2025-09-14 09:12:17
ENA,3864172.0,0.761204,2876721.48712,-64704.243962,10.0,287672.148712,1757841142255,2025-09-14 09:12:22
ENA,3998461.0,0.760668,2978133.72202,-63368.002672,10.0,297813.372202,1757841152199,2025-09-14 09:12:32
ENA,4098720.0,0.76026,3048627.936,-67466.484692,10.0,304862.7936,1757841201991,2025-09-14 09:13:21
ENA,4132869.0,0.760126,3073862.64744,-67638.629252,10.0,307386.264744,1757841207048,2025-09-14 09:13:27
ENA,4140068.0,0.760097,3079755.18452,-67101.428272,10.0,307975.518452,1757841242042,2025-09-14 09:14:02
ENA,4267295.0,0.759614,3173373.92675,-68126.851342,10.0,317337.392675,1757841247506,2025-09-14 09:14:07
ENA,4267435.0,0.759614,3173904.78125,-67700.142842,10.0,317390.478125,1757841327141,2025-09-14 09:15:27
ENA,4276969.0,0.759579,3180653.53623,-68043.730462,10.0,318065.353623,1757841332395,2025-09-14 09:15:32
ENA,4401721.0,0.759134,3273207.77002,-68292.509472,10.0,327320.777002,1757841337088,2025-09-14 09:15:37
ENA,4402474.0,0.759132,3272314.89946,-69745.084932,10.0,327231.489946,1757841402268,2025-09-14 09:16:42
ENA,4416710.0,0.759081,3282896.3759,-69745.227292,10.0,328289.63759,1757841407190,2025-09-14 09:16:47
ENA,4416817.0,0.75908,3282755.06708,-69966.069212,10.0,328275.506708,1757841412021,2025-09-14 09:16:52
ENA,4551075.0,0.758677,3390960.47175,-61839.915282,10.0,339096.047175,1757841532267,2025-09-14 09:18:52
ENA,4564510.0,0.758636,3400742.5304,-62061.154582,10.0,340074.25304,1757848722337,2025-09-14 11:18:42
ENA,4564625.0,0.758636,3399048.00625,-63841.304282,10.0,339904.800625,1757848736583,2025-09-14 11:18:56
ENA,4685380.0,0.758273,3487047.2112,-65752.649682,10.0,348704.72112,1757848956329,2025-09-14 11:22:36
ENA,4798443.0,0.75792,3566250.82203,-70588.766752,10.0,356625.082203,1757849211988,2025-09-14 11:26:51
ENA,4816099.0,0.757867,3578457.87898,-71505.414602,10.0,357845.787898,1757849216901,2025-09-14 11:26:56
ENA,4816214.0,0.757866,3579940.02834,-70108.744742,10.0,357994.002834,1757849306638,2025-09-14 11:28:26
ENA,4817007.0,0.757864,3579228.88128,-71409.328702,10.0,357922.888128,1757849326706,2025-09-14 11:28:46
ENA,4817121.0,0.757864,3579891.64236,-70831.303822,10.0,357989.164236,1757849336594,2025-09-14 11:28:56
ENA,4817969.0,0.757861,3580184.58421,-71168.680372,10.0,358018.458421,1757849356488,2025-09-14 11:29:16
ENA,4840998.0,0.757792,3596861.514,-71609.206282,10.0,359686.1514,1757849362023,2025-09-14 11:29:22
ENA,4841113.0,0.757791,3597237.42578,-71318.774002,10.0,359723.742578,1757849366449,2025-09-14 11:29:26
ENA,4841724.0,0.75779,3598320.85956,-70689.496522,10.0,359832.085956,1757849386422,2025-09-14 11:29:46
ENA,4858093.0,0.757741,3609806.00365,-71371.430132,10.0,360980.600365,1757849396667,2025-09-14 11:29:56
ENA,4861317.0,0.757731,3613222.47342,-70351.359562,10.0,361322.247342,1757849401853,2025-09-14 11:30:01
ENA,4861431.0,0.757731,3612918.29058,-70740.278602,10.0,361291.829058,1757849456562,2025-09-14 11:30:56
ENA,4870864.0,0.757703,3620415.79392,-70254.324162,10.0,362041.579392,1757849486814,2025-09-14 11:31:26
ENA,4919610.0,0.75756,3655221.0339,-71681.985982,10.0,365522.10339,1757849491705,2025-09-14 11:31:31
ENA,4939354.0,0.757503,3669495.48014,-72083.254942,10.0,366949.548014,1757849496718,2025-09-14 11:31:36
ENA,5074470.0,0.757039,3753991.4166,-87580.777562,10.0,375399.14166,1757851492811,2025-09-14 12:04:52
ENA,5084470.0,0.757005,3763168.7811,-85804.413062,10.0,376316.87811,1757851757827,2025-09-14 12:09:17
ENA,5085461.0,0.757002,3763647.97688,-86058.656382,10.0,376364.797688,1757851782587,2025-09-14 12:09:42
ENA,5209586.0,0.756599,3854468.48968,-87103.056082,10.0,385446.848968,1757851792451,2025-09-14 12:09:52
ENA,5209854.0,0.756598,3861543.7848,-80226.402562,10.0,386154.37848,1757853532679,2025-09-14 12:38:52
ENA,5344502.0,0.756211,3959153.63658,-82417.648382,10.0,395915.363658,1757853537872,2025-09-14 12:38:57
ENA,5366494.0,0.756142,3967341.68432,-90491.252872,10.0,396734.168432,1757853622764,2025-09-14 12:40:22
ENA,5366879.0,0.756141,3967357.96317,-90759.681522,10.0,396735.796317,1757853627936,2025-09-14 12:40:27
ENA,5370260.0,0.75613,3969696.192,-90921.702192,10.0,396969.6192,1757853632632,2025-09-14 12:40:32
ENA,5453972.0,0.755875,4030539.84772,-91983.070472,10.0,403053.984772,1757853637744,2025-09-14 12:40:37
ENA,5479728.0,0.755798,4050779.32944,-90790.150752,10.0,405077.932944,1757853652763,2025-09-14 12:40:52
ENA,5533856.0,0.755634,4092452.52768,-89117.544512,10.0,409245.252768,1757854132901,2025-09-14 12:48:52
ENA,5615045.0,0.755393,4147328.38745,-94240.355742,10.0,414732.838745,1757854137774,2025-09-14 12:48:57
ENA,5615193.0,0.755393,4144517.80137,-97160.165822,10.0,414451.780137,1757854182700,2025-09-14 12:49:42
ENA,5615307.0,0.755392,4145275.78047,-96486.318722,10.0,414527.578047,1757854230015,2025-09-14 12:50:30
ENA,5616100.0,0.75539,4143951.707,-98395.626192,10.0,414395.1707,1757854243487,2025-09-14 12:50:43
ENA,5750546.0,0.754983,4242005.26782,-99563.213372,10.0,424200.526782,1757854248202,2025-09-14 12:50:48
ENA,5885973.0,0.754602,4346025.88401,-95541.893982,10.0,434602.588401,1757856459572,2025-09-14 13:27:39
ENA,6021658.0,0.754205,4437721.07968,-103846.543312,10.0,443772.107968,1757856579368,2025-09-14 13:29:39
ENA,6157712.0,0.753781,4524132.58352,-117434.729472,10.0,452413.258352,1757860677915,2025-09-14 14:37:57
ENA,6294137.0,0.753329,4611525.35579,-130035.947932,10.0,461152.535579,1757860999348,2025-09-14 14:43:19
ENA,6278171.0,0.753329,4738700.68909,9167.04981,10.0,473870.068909,1757871107832,2025-09-14 17:31:47
ENA,6275768.0,0.753329,4729293.24944,1569.8618,10.0,472929.324944,1757871802839,2025-09-14 17:43:22
ENA,6197074.0,0.753329,4671850.14712,3409.298967,10.0,467185.014712,1757871862884,2025-09-14 17:44:22
ENA,6146976.0,0.753329,4634758.43424,4057.905085,10.0,463475.843424,1757871922697,2025-09-14 17:45:22
ENA,5693024.0,0.753329,4292483.16576,3758.230246,10.0,429248.316576,1757871927966,2025-09-14 17:45:27
ENA,5650354.0,0.753329,4261723.00096,5142.650298,10.0,426172.300096,1757871932842,2025-09-14 17:45:32
ENA,5649911.0,0.753329,4262066.86196,5820.236424,10.0,426206.686196,1757871937656,2025-09-14 17:45:37
ENA,5562130.0,0.753329,4197961.9962,7843.418529,10.0,419796.19962,1757871952792,2025-09-14 17:45:52
ENA,5534345.0,0.753329,4173615.59485,4428.287157,10.0,417361.559485,1757885211985,2025-09-14 21:26:51
ENA,5357926.0,0.753329,4041697.89884,5412.290561,10.0,404169.789884,1757885217073,2025-09-14 21:26:57
ENA,5164319.0,0.753329,3897356.61973,6920.944386,10.0,389735.661973,1757885548716,2025-09-14 21:32:28
ENA,5031767.0,0.753329,3797122.33121,6542.034599,10.0,379712.233121,1757885553258,2025-09-14 21:32:33
ENA,4470434.0,0.753329,3374238.87886,6527.488867,10.0,337423.887886,1757885558229,2025-09-14 21:32:38
ENA,4202208.0,0.753329,3180525.16896,14876.432255,10.0,318052.516896,1757885657813,2025-09-14 21:34:17
ENA,3950076.0,0.753329,2997041.16348,21330.989394,10.0,299704.116348,1757885678058,2025-09-14 21:34:38
ENA,3752573.0,0.753329,2848578.1643,21652.896269,10.0,284857.81643,1757885682984,2025-09-14 21:34:42
ENA,3452368.0,0.753329,2621693.73552,20921.856151,10.0,262169.373552,1757885703092,2025-09-14 21:35:03
ENA,3038084.0,0.753329,2306726.03868,18046.664355,10.0,230672.603868,1757885708400,2025-09-14 21:35:08
ENA,2703895.0,0.753329,2054797.9663,17873.142386,10.0,205479.79663,1757885742983,2025-09-14 21:35:42
ENA,2703711.0,0.753329,2046628.11567,9841.90445,10.0,204662.811567,1757885787865,2025-09-14 21:36:27
ENA,2690547.0,0.753329,2036744.079,9874.701973,10.0,203674.4079,1757885793270,2025-09-14 21:36:33
ENA,2690530.0,0.753329,2036731.21,9874.639581,10.0,203673.121,1757885803403,2025-09-14 21:36:43
ENA,2690120.0,0.753329,2036205.6304,9657.925221,10.0,203620.56304,1757885813187,2025-09-14 21:36:53
ENA,2690100.0,0.753329,2036190.492,9657.853419,10.0,203619.0492,1757885818415,2025-09-14 21:36:58
ENA,2689936.0,0.753329,2036066.35712,9657.264635,10.0,203606.635712,1757885823169,2025-09-14 21:37:03
ENA,2000883.0,0.753329,1514668.431,7343.534001,10.0,151466.8431,1757885827932,2025-09-14 21:37:07
ENA,1918770.0,0.753329,1450513.3692,5046.646461,10.0,145051.33692,1757885858878,2025-09-14 21:37:38
ENA,1913709.0,0.753329,1446534.35892,4880.23857,10.0,144653.435892,1757885863505,2025-09-14 21:37:43
ENA,1500663.0,0.753329,1134966.43353,4472.195814,10.0,113496.643353,1757885893529,2025-09-14 21:38:13
ENA,1467844.0,0.753329,1108178.18468,2407.479425,10.0,110817.818468,1757889137258,2025-09-14 22:32:17
ENA,1401415.0,0.753329,1058054.31085,2326.554427,10.0,105805.431085,1757889142197,2025-09-14 22:32:22
ENA,1125498.0,0.753329,849739.73502,1868.491749,10.0,84973.973502,1757889147481,2025-09-14 22:32:27
ENA,1116312.0,0.753329,844791.43224,3840.277002,10.0,84479.143224,1757889392285,2025-09-14 22:36:32
ENA,1113193.0,0.753329,841195.42238,2593.902955,10.0,84119.542238,1757889487337,2025-09-14 22:38:07
ENA,1113089.0,0.753329,841027.78662,2504.613501,10.0,84102.778662,1757889492255,2025-09-14 22:38:12
ENA,1045359.0,0.753329,789862.80681,2362.664659,10.0,78986.280681,1757889507340,2025-09-14 22:38:27
ENA,826839.0,0.753329,624759.5484,1877.045807,10.0,62475.95484,1757889512221,2025-09-14 22:38:32
ENA,765558.0,0.753329,578447.96922,1730.273375,10.0,57844.796922,1757889517494,2025-09-14 22:38:37
ENA,710982.0,0.753329,537217.9992,1614.033437,10.0,53721.79992,1757889522135,2025-09-14 22:38:42
ENA,683229.0,0.753329,516234.16782,1537.36548,10.0,51623.416782,1757889527772,2025-09-14 22:38:47
ENA,683212.0,0.753329,516214.49084,1530.495108,10.0,51621.449084,1757889582704,2025-09-14 22:39:42
ENA,683107.0,0.753329,516155.6492,1550.753104,10.0,51615.56492,1757889642109,2025-09-14 22:40:42
ENA,682793.0,0.753329,515918.3908,1550.040279,10.0,51591.83908,1757889646956,2025-09-14 22:40:46
ENA,666476.0,0.753329,503589.2656,1512.998302,10.0,50358.92656,1757889652800,2025-09-14 22:40:52
ENA,424158.0,0.753329,320493.7848,962.900902,10.0,32049.37848,1757889657368,2025-09-14 22:40:57
ENA,307324.0,0.753329,232214.0144,697.670593,10.0,23221.40144,1757889662418,2025-09-14 22:41:02
ENA,94652.0,0.753329,71518.10468,213.927427,10.0,7151.810468,1757889667125,2025-09-14 22:41:07
ENA,41233.0,0.753329,31155.24247,93.192642,10.0,3115.524247,1757889672108,2025-09-14 22:41:12
ENA,29398.0,0.753329,22212.83482,66.443804,10.0,2221.283482,1757889677288,2025-09-14 22:41:17
ENA,28931.0,0.753329,21859.97429,65.388316,10.0,2185.997429,1757889682172,2025-09-14 22:41:22
ENA,28827.0,0.753329,21781.39293,65.153262,10.0,2178.139293,1757889702196,2025-09-14 22:41:42
ENA,20840.0,0.753329,15746.4956,47.10147,10.0,1574.64956,1757889722363,2025-09-14 22:42:02
ENA,825.0,0.753329,623.36175,1.864622,10.0,62.336175,1757889727053,2025-09-14 22:42:07
ENA,1.0,0.753329,0.75584,0.002511,10.0,0.075584,1757889732118,2025-09-14 22:42:12
ENA,135282.0,0.7392,99957.16416,-43.304369,10.0,9995.716416,1757892913599,2025-09-14 23:35:13
ENA,123502.0,0.7392,91884.25298,591.561686,10.0,9188.425298,1757894463099,2025-09-15 00:01:03
ENA,123487.0,0.7392,91874.328,592.724708,10.0,9187.4328,1757894468035,2025-09-15 00:01:08
ENA,123017.0,0.7392,91524.648,590.468758,10.0,9152.4648,1757894483045,2025-09-15 00:01:23
ENA,1.0,0.7392,0.74428,0.00508,10.0,0.074428,1757894493088,2025-09-15 00:01:33
ENA,134862.0,0.741499,100001.52162,1.35092,10.0,10000.152162,1757922818753,2025-09-15 07:53:38
ENA,150096.0,0.741176,110859.40464,-388.1806,10.0,11085.940464,1757927057525,2025-09-15 09:04:17
ENA,161601.0,0.740972,119311.63431,-430.20748,10.0,11931.163431,1757927472900,2025-09-15 09:11:12
ENA,164130.0,0.740931,121206.7224,-402.30538,10.0,12120.67224,1757927478149,2025-09-15 09:11:18
ENA,205761.0,0.7404,151950.38328,-395.22811,10.0,15195.038328,1757927482711,2025-09-15 09:11:22
ENA,221094.0,0.740255,163216.01268,-450.10594,10.0,16321.601268,1757927487353,2025-09-15 09:11:27
ENA,229347.0,0.740185,169310.83581,-448.55524,10.0,16931.083581,1757927492674,2025-09-15 09:11:32
ENA,270306.0,0.739901,199469.60964,-530.2207,10.0,19946.960964,1757927497447,2025-09-15 09:11:37
ENA,139816.0,0.739901,104119.57704,669.500912,10.0,10411.957704,1757928799378,2025-09-15 09:33:19
ENA,58665.0,0.739901,43704.83835,298.513501,10.0,4370.483835,1757928804613,2025-09-15 09:33:24
ENA,5121.0,0.739901,3815.145,26.109128,10.0,381.5145,1757928808740,2025-09-15 09:33:28
ENA,18105.0,0.7367,13331.0736,-6.8799,10.0,1333.10736,1757929933692,2025-09-15 09:52:13
ENA,21515.0,0.7367,15850.31565,0.21515,10.0,1585.031565,1757929939009,2025-09-15 09:52:19
ENA,135740.0,0.7367,99886.9938,-112.6642,10.0,9988.69938,1757929943862,2025-09-15 09:52:23
ENA,136284.0,0.736695,100236.882,-162.87168,10.0,10023.6882,1757930003617,2025-09-15 09:53:23
ENA,271701.0,0.736099,199871.40663,-127.55055,10.0,19987.140663,1757930038171,2025-09-15 09:53:58
ENA,351863.0,0.735848,258721.34527,-196.68191,10.0,25872.134527,1757930188448,2025-09-15 09:56:28
ENA,352795.0,0.735846,259311.3809,-291.66628,10.0,25931.13809,1757930193635,2025-09-15 09:56:33
ENA,407755.0,0.735732,299614.29645,-384.35073,10.0,29961.429645,1757930198374,2025-09-15 09:56:38
ENA,418101.0,0.735702,307132.81359,-464.97059,10.0,30713.281359,1757930288506,2025-09-15 09:58:08
ENA,420322.0,0.735695,308818.97984,-410.12884,10.0,30881.897984,1757930413238,2025-09-15 10:00:13
ENA,421324.0,0.735692,309411.91912,-553.15856,10.0,30941.191912,1757930492865,2025-09-15 10:01:32
ENA,421794.0,0.735691,309803.47506,-506.81762,10.0,30980.347506,1757930497844,2025-09-15 10:01:37
ENA,465250.0,0.73558,341744.735,-483.98968,10.0,34174.4735,1757930507996,2025-09-15 10:01:47
ENA,465592.0,0.735579,341944.73256,-535.19112,10.0,34194.473256,1757930552861,2025-09-15 10:02:32
ENA,543902.0,0.735424,399403.55566,-595.06302,10.0,39940.355566,1757930562576,2025-09-15 10:02:42
ENA,681791.0,0.733479,494891.63317,-5188.24404,10.0,49489.163317,1757936458727,2025-09-15 11:40:58
ENA,819570.0,0.732188,594098.0973,-5981.77811,10.0,59409.80973,1757936509545,2025-09-15 11:41:49
ENA,851865.0,0.731836,615344.68275,-8080.9521,10.0,61534.468275,1757936519015,2025-09-15 11:41:59
ENA,957882.0,0.730858,692558.26482,-7517.66103,10.0,69255.826482,1757936523634,2025-09-15 11:42:03
ENA,1096194.0,0.729866,793907.54256,-6167.95929,10.0,79390.754256,1757936558661,2025-09-15 11:42:38
ENA,1110025.0,0.729781,802936.58375,-7138.7311,10.0,80293.658375,1757936578552,2025-09-15 11:42:58
ENA,1248529.0,0.728917,902411.79062,-7663.41223,10.0,90241.179062,1757936653569,2025-09-15 11:44:13
ENA,1387417.0,0.72799,997899.67725,-12127.36597,10.0,99789.967725,1757936698605,2025-09-15 11:44:58
ENA,1526499.0,0.727171,1096942.1814,-13084.81982,10.0,109694.21814,1757936708575,2025-09-15 11:45:08
ENA,1531090.0,0.727147,1101925.473,-11402.19895,10.0,110192.5473,1757936714015,2025-09-15 11:45:14
ENA,1610921.0,0.726743,1159234.86081,-11491.30014,10.0,115923.486081,1757936773645,2025-09-15 11:46:13
ENA,1610941.0,0.726743,1158508.22015,-12232.3208,10.0,115850.822015,1757936778592,2025-09-15 11:46:18
ENA,1665581.0,0.726489,1197452.80414,-12573.89681,10.0,119745.280414,1757936799249,2025-09-15 11:46:39
ENA,1805051.0,0.725756,1294311.81955,-15714.8714,10.0,129431.181955,1757936808732,2025-09-15 11:46:48
ENA,1944715.0,0.725055,1395799.7441,-14226.37085,10.0,139579.97441,1757936838663,2025-09-15 11:47:18
ENA,1947074.0,0.725048,1400160.38414,-11561.85181,10.0,140016.038414,1757945421604,2025-09-15 14:10:21
ENA,2011137.0,0.724855,1446309.17355,-11474.3594,10.0,144630.917355,1757945446801,2025-09-15 14:10:46
ENA,2083797.0,0.724651,1497729.09375,-12296.9792,10.0,149772.909375,1757945451792,2025-09-15 14:10:51
ENA,2090761.0,0.724629,1501145.49039,-13880.73456,10.0,150114.549039,1757945481709,2025-09-15 14:11:21
ENA,2099278.0,0.724602,1506966.7123,-14174.71865,10.0,150696.67123,1757945486891,2025-09-15 14:11:26
ENA,1028647.0,0.724602,773521.97106,28162.104756,10.0,77352.197106,1757945616570,2025-09-15 14:13:36
ENA,640737.0,0.724602,477893.69145,13614.259698,10.0,47789.369145,1757945661742,2025-09-15 14:14:21
ENA,1.0,0.724602,0.74805,0.023448,10.0,0.074805,1757945666540,2025-09-15 14:14:26
ENA,2438.0,0.723,1762.674,0.0,10.0,176.2674,1757949082264,2025-09-15 15:11:22
ENA,3584.0,0.723,2592.09216,0.86016,10.0,259.209216,1757949100726,2025-09-15 15:11:40
ENA,6216.0,0.723,4495.53552,1.36752,10.0,449.553552,1757949111010,2025-09-15 15:11:51
ENA,62166.0,0.723,44981.45262,35.43462,10.0,4498.145262,1757949126311,2025-09-15 15:12:06
ENA,69967.0,0.723,50612.02879,25.88779,10.0,5061.202879,1757949136060,2025-09-15 15:12:16
ENA,90390.0,0.723,65361.009,9.039,10.0,6536.1009,1757949361180,2025-09-15 15:16:01
ENA,138312.0,0.723,99994.04352,-5.53248,10.0,9999.404352,1757949366046,2025-09-15 15:16:06
ENA,262106.0,0.720638,188074.1603,-809.5077,10.0,18807.41603,1757949390961,2025-09-15 15:16:30
ENA,402162.0,0.718326,287304.5328,-1579.1192,10.0,28730.45328,1757949420814,2025-09-15 15:17:00
ENA,405189.0,0.718301,289706.08311,-1341.87389,10.0,28970.608311,1757949785994,2025-09-15 15:23:05
ENA,542022.0,0.717468,387561.99066,-1321.56134,10.0,38756.199066,1757949791023,2025-09-15 15:23:11
ENA,682013.0,0.716744,486854.98005,-1973.99737,10.0,48685.498005,1757949831403,2025-09-15 15:23:51
ENA,822858.0,0.715589,583941.1797,-4887.74772,10.0,58394.11797,1757950271167,2025-09-15 15:31:11
ENA,874188.0,0.715052,616958.181,-8132.4797,10.0,61695.8181,1757950383888,2025-09-15 15:33:03
ENA,964364.0,0.714269,681091.71864,-7724.51774,10.0,68109.171864,1757950442924,2025-09-15 15:34:02
ENA,973561.0,0.714196,688258.94895,-7054.96793,10.0,68825.894895,1757951101700,2025-09-15 15:45:01
ENA,975004.0,0.714185,689015.82672,-7317.56966,10.0,68901.582672,1757951107197,2025-09-15 15:45:07
ENA,1027019.0,0.713795,726359.18775,-6722.80613,10.0,72635.918775,1757951131866,2025-09-15 15:45:31
ENA,1105906.0,0.713275,780979.75814,-7835.90124,10.0,78097.975814,1757951151610,2025-09-15 15:45:51
ENA,1108736.0,0.713255,782290.85952,-8521.36486,10.0,78229.085952,1757951237177,2025-09-15 15:47:17
ENA,1170604.0,0.712845,825989.88844,-8470.20994,10.0,82598.988844,1757951242164,2025-09-15 15:47:22
ENA,1247649.0,0.712392,879916.93374,-8898.41214,10.0,87991.693374,1757951248209,2025-09-15 15:47:28
ENA,1387002.0,0.711342,973189.9533,-13442.86601,10.0,97318.99533,1757976216836,2025-09-15 22:43:36
ENA,1388015.0,0.711335,974608.6124,-12735.43421,10.0,97460.86124,1757976306830,2025-09-15 22:45:06
ENA,1390689.0,0.711317,976208.05044,-13013.41157,10.0,97620.805044,1757976321847,2025-09-15 22:45:21
ENA,1523306.0,0.710515,1069025.68468,-13306.17303,10.0,106902.568468,1757976326703,2025-09-15 22:45:26
ENA,1524533.0,0.710508,1070222.166,-12971.16841,10.0,107022.2166,1757976336819,2025-09-15 22:45:36
ENA,1528330.0,0.710487,1072750.1103,-13109.09781,10.0,107275.01103,1757976352060,2025-09-15 22:45:52
ENA,1529431.0,0.710481,1073675.85631,-12956.3639,10.0,107367.585631,1757976356924,2025-09-15 22:45:56
ENA,851612.0,0.710481,603784.39188,-1270.061892,10.0,60378.439188,1758061532323,2025-09-16 22:25:32
ENA,786614.0,0.710481,557701.45986,-1173.126335,10.0,55770.145986,1758061537433,2025-09-16 22:25:37
ENA,784438.0,0.710481,556150.85324,-1177.72551,10.0,55615.085324,1758063133530,2025-09-16 22:52:13
ENA,784403.0,0.710481,556141.727,-1161.984902,10.0,55614.1727,1758063138333,2025-09-16 22:52:18
ENA,512972.0,0.710481,358988.06504,-5468.980252,10.0,35898.806504,1758130978240,2025-09-17 17:42:58
ENA,392202.0,0.710481,274376.67516,-4275.536027,10.0,27437.667516,1758130985094,2025-09-17 17:43:05
ENA,123625.0,0.710481,86544.9175,-1288.340892,10.0,8654.49175,1758131241849,2025-09-17 17:47:21
ENA,1.0,0.710481,0.70013,-0.010351,10.0,0.070013,1758131271780,2025-09-17 17:47:51
ASTER,-57.0,1.61,91.1658,0.6042,3.0,30.3886,1758392582600,2025-09-20 18:23:02
ASTER,-6211.0,1.61,9978.5926,21.1174,3.0,3326.197533,1758392902344,2025-09-20 18:28:22
ASTER,-12333.0,1.628465,20153.3553,-69.4869,3.0,6717.7851,1758393062348,2025-09-20 18:31:02
ASTER,-15590.0,1.630875,25344.663,80.6854,3.0,8448.221,1758393082305,2025-09-20 18:31:22
ASTER,-18430.0,1.632281,30295.234,-212.2856,3.0,10098.411333,1758393122280,2025-09-20 18:32:02
ASTER,-24490.0,1.636665,40322.785,-240.8366,3.0,13440.928333,1758393182934,2025-09-20 18:33:02
ASTER,-8253.0,1.636665,13112.3664,395.037444,3.0,4370.7888,1758393362129,2025-09-20 18:36:02
ASTER,-12048.0,1.66,20337.024,-337.344,3.0,6779.008,1758393908910,2025-09-20 18:45:08
ASTER,-17860.0,1.681171,30722.772,-697.0458,3.0,10240.924,1758394740085,2025-09-20 18:59:00
ASTER,-23574.0,1.697854,41167.2762,-1142.05,3.0,13722.4254,1758396011718,2025-09-20 19:20:11
ASTER,6211.0,1.6026,10089.1484,135.3998,3.0,3363.049466,1758397561367,2025-09-20 19:46:01
ASTER,5917.0,1.681372,9939.3766,-9.3055,3.0,3313.125533,1758446002107,2025-09-21 09:13:22
ASTER,11869.0,1.680684,19961.2842,13.2421,3.0,6653.7614,1758446022292,2025-09-21 09:13:42
ASTER,17839.0,1.678782,29871.4055,-76.3866,3.0,9957.135166,1758446190079,2025-09-21 09:16:30
ASTER,17325.0,1.678782,29760.885,675.98685,3.0,9920.295,1758446472386,2025-09-21 09:21:12
ASTER,5970.0,1.678782,10267.803,245.47446,3.0,3422.601,1758446491418,2025-09-21 09:21:31
ASTER,17946.0,1.672921,29813.6898,-208.55874,3.0,9937.8966,1758446634528,2025-09-21 09:23:54
ASTER,78552.0,1.655236,129516.5376,-505.61094,3.0,43172.1792,1758446659683,2025-09-21 09:24:19
ASTER,139158.0,1.65295,230501.3112,479.96306,3.0,76833.7704,1758446685268,2025-09-21 09:24:45
ASTER,78007.0,1.65295,128890.9661,-50.778566,3.0,42963.655366,1758446711255,2025-09-21 09:25:11
ASTER,33115.0,1.65295,54600.012,-137.45867,3.0,18200.004,1758446814054,2025-09-21 09:26:54
ASTER,12158.0,1.645,19979.2414,-20.6686,3.0,6659.747133,1758446899063,2025-09-21 09:28:19
ASTER,24390.0,1.63933,39887.406,-95.8604,3.0,13295.802,1758446939043,2025-09-21 09:28:59
ASTER,36659.0,1.636207,59658.8566,-322.8798,3.0,19886.285533,1758446979723,2025-09-21 09:29:39
ASTER,48966.0,1.63339,79437.5418,-543.0696,3.0,26479.1806,1758446999286,2025-09-21 09:29:59
ASTER,73656.0,1.628818,119278.5264,-693.7125,3.0,39759.5088,1758447019537,2025-09-21 09:30:19
ASTER,86039.0,1.626829,138264.673,-1706.1109,3.0,46088.224333,1758447079422,2025-09-21 09:31:19
ASTER,98539.0,1.623426,157603.2766,-2367.5073,3.0,52534.425533,1758447099272,2025-09-21 09:31:39
ASTER,123617.0,1.617018,195599.1791,-4291.8508,3.0,65199.726366,1758447118543,2025-09-21 09:31:58
ASTER,148933.0,1.610707,234271.609,-5615.845,3.0,78090.536333,1758447139423,2025-09-21 09:32:19
ASTER,77964.0,1.610707,127814.1816,2237.006203,3.0,42604.7272,1758447499228,2025-09-21 09:38:19
ASTER,6289.0,1.59,9998.2522,-1.2578,3.0,3332.750733,1758456162139,2025-09-21 12:02:42
ASTER,1014.0,1.59,1680.2994,68.0394,3.0,560.0998,1758457062904,2025-09-21 12:17:42
ASTER,6944.0,1.44,10017.4144,18.0544,3.0,3339.138133,1758473883859,2025-09-21 16:58:03
ASTER,14297.0,1.40053,19468.2249,-555.1617,3.0,6489.4083,1758474210443,2025-09-21 17:03:30
ASTER,29094.0,1.372367,39143.0676,-784.5883,3.0,13047.6892,1758474230376,2025-09-21 17:03:50
ASTER,36456.0,1.368355,49886.3904,1.6295,3.0,16628.7968,1758474411032,2025-09-21 17:06:51
ASTER,43875.0,1.364778,59555.925,-323.7127,3.0,19851.975,1758474451100,2025-09-21 17:07:31
ASTER,42841.0,1.364778,60684.2765,2215.819323,3.0,20228.092166,1758475137300,2025-09-21 17:18:57
